solid wethegods_stage
facet normal 0 0 -1 outer loop vertex -7.5 4 -0.4 vertex 7.5 -4 -0.4 vertex -7.5 -4 -0.4 endloop endfacet
facet normal 0 0 1 outer loop vertex -7.5 4 0 vertex -7.5 -4 0 vertex 7.5 -4 0 endloop endfacet
facet normal 0 0 -1 outer loop vertex 7.5 -4 -0.4 vertex -7.5 4 -0.4 vertex 7.5 4 -0.4 endloop endfacet
facet normal 0 0 1 outer loop vertex 7.5 -4 0 vertex 7.5 4 0 vertex -7.5 4 0 endloop endfacet
facet normal 0 -1 0 outer loop vertex -7.5 -4 -0.4 vertex 7.5 -4 -0.4 vertex 7.5 -4 0 endloop endfacet
facet normal 0 -1 0 outer loop vertex -7.5 -4 -0.4 vertex 7.5 -4 0 vertex -7.5 -4 0 endloop endfacet
facet normal 1 0 0 outer loop vertex 7.5 -4 -0.4 vertex 7.5 4 -0.4 vertex 7.5 4 0 endloop endfacet
facet normal 1 0 0 outer loop vertex 7.5 -4 -0.4 vertex 7.5 4 0 vertex 7.5 -4 0 endloop endfacet
facet normal 0 1 0 outer loop vertex 7.5 4 -0.4 vertex -7.5 4 -0.4 vertex -7.5 4 0 endloop endfacet
facet normal 0 1 0 outer loop vertex 7.5 4 -0.4 vertex -7.5 4 0 vertex 7.5 4 0 endloop endfacet
facet normal -1 0 0 outer loop vertex -7.5 4 -0.4 vertex -7.5 -4 -0.4 vertex -7.5 -4 0 endloop endfacet
facet normal -1 0 0 outer loop vertex -7.5 4 -0.4 vertex -7.5 -4 0 vertex -7.5 4 0 endloop endfacet
facet normal 0 0 -1 outer loop vertex -2.7 -0.2 0 vertex 2.7 -3.4 0 vertex -2.7 -3.4 0 endloop endfacet
facet normal 0 0 1 outer loop vertex -2.7 -0.2 0.24 vertex -2.7 -3.4 0.24 vertex 2.7 -3.4 0.24 endloop endfacet
facet normal 0 0 -1 outer loop vertex 2.7 -3.4 0 vertex -2.7 -0.2 0 vertex 2.7 -0.2 0 endloop endfacet
facet normal 0 0 1 outer loop vertex 2.7 -3.4 0.24 vertex 2.7 -0.2 0.24 vertex -2.7 -0.2 0.24 endloop endfacet
facet normal 0 -1 0 outer loop vertex -2.7 -3.4 0 vertex 2.7 -3.4 0 vertex 2.7 -3.4 0.24 endloop endfacet
facet normal 0 -1 0 outer loop vertex -2.7 -3.4 0 vertex 2.7 -3.4 0.24 vertex -2.7 -3.4 0.24 endloop endfacet
facet normal 1 0 0 outer loop vertex 2.7 -3.4 0 vertex 2.7 -0.2 0 vertex 2.7 -0.2 0.24 endloop endfacet
facet normal 1 0 0 outer loop vertex 2.7 -3.4 0 vertex 2.7 -0.2 0.24 vertex 2.7 -3.4 0.24 endloop endfacet
facet normal 0 1 0 outer loop vertex 2.7 -0.2 0 vertex -2.7 -0.2 0 vertex -2.7 -0.2 0.24 endloop endfacet
facet normal 0 1 0 outer loop vertex 2.7 -0.2 0 vertex -2.7 -0.2 0.24 vertex 2.7 -0.2 0.24 endloop endfacet
facet normal -1 0 0 outer loop vertex -2.7 -0.2 0 vertex -2.7 -3.4 0 vertex -2.7 -3.4 0.24 endloop endfacet
facet normal -1 0 0 outer loop vertex -2.7 -0.2 0 vertex -2.7 -3.4 0.24 vertex -2.7 -0.2 0.24 endloop endfacet
facet normal 0 0 -1 outer loop vertex -3.5 -3.52 2.7 vertex 3.5 -3.68 2.7 vertex -3.5 -3.68 2.7 endloop endfacet
facet normal 0 0 1 outer loop vertex -3.5 -3.52 6.2 vertex -3.5 -3.68 6.2 vertex 3.5 -3.68 6.2 endloop endfacet
facet normal 0 0 -1 outer loop vertex 3.5 -3.68 2.7 vertex -3.5 -3.52 2.7 vertex 3.5 -3.52 2.7 endloop endfacet
facet normal 0 0 1 outer loop vertex 3.5 -3.68 6.2 vertex 3.5 -3.52 6.2 vertex -3.5 -3.52 6.2 endloop endfacet
facet normal 0 -1 0 outer loop vertex -3.5 -3.68 2.7 vertex 3.5 -3.68 2.7 vertex 3.5 -3.68 6.2 endloop endfacet
facet normal 0 -1 0 outer loop vertex -3.5 -3.68 2.7 vertex 3.5 -3.68 6.2 vertex -3.5 -3.68 6.2 endloop endfacet
facet normal 1 0 0 outer loop vertex 3.5 -3.68 2.7 vertex 3.5 -3.52 2.7 vertex 3.5 -3.52 6.2 endloop endfacet
facet normal 1 0 0 outer loop vertex 3.5 -3.68 2.7 vertex 3.5 -3.52 6.2 vertex 3.5 -3.68 6.2 endloop endfacet
facet normal 0 1 0 outer loop vertex 3.5 -3.52 2.7 vertex -3.5 -3.52 2.7 vertex -3.5 -3.52 6.2 endloop endfacet
facet normal 0 1 0 outer loop vertex 3.5 -3.52 2.7 vertex -3.5 -3.52 6.2 vertex 3.5 -3.52 6.2 endloop endfacet
facet normal -1 0 0 outer loop vertex -3.5 -3.52 2.7 vertex -3.5 -3.68 2.7 vertex -3.5 -3.68 6.2 endloop endfacet
facet normal -1 0 0 outer loop vertex -3.5 -3.52 2.7 vertex -3.5 -3.68 6.2 vertex -3.5 -3.52 6.2 endloop endfacet
facet normal 0 -1 0 outer loop vertex 0.4961 -3.48 3.204 vertex 0.3444 -3.48 3.272 vertex 0.3444 -3.48 3.243 endloop endfacet
facet normal 0 1 0 outer loop vertex 0.4961 -3.35 3.204 vertex 0.3444 -3.35 3.243 vertex 0.3444 -3.35 3.272 endloop endfacet
facet normal 0 -1 0 outer loop vertex 0.4961 -3.48 3.204 vertex 1.005 -3.48 3.272 vertex 0.3444 -3.48 3.272 endloop endfacet
facet normal 0 1 0 outer loop vertex 0.4961 -3.35 3.204 vertex 0.3444 -3.35 3.272 vertex 1.005 -3.35 3.272 endloop endfacet
facet normal 0 -1 0 outer loop vertex 0.4961 -3.48 3.204 vertex 1.005 -3.48 3.243 vertex 1.005 -3.48 3.272 endloop endfacet
facet normal 0 1 0 outer loop vertex 0.4961 -3.35 3.204 vertex 1.005 -3.35 3.272 vertex 1.005 -3.35 3.243 endloop endfacet
facet normal 0 -1 0 outer loop vertex 0.4961 -3.48 3.204 vertex 0.8683 -3.48 3.199 vertex 1.005 -3.48 3.243 endloop endfacet
facet normal 0 1 0 outer loop vertex 0.4961 -3.35 3.204 vertex 1.005 -3.35 3.243 vertex 0.8683 -3.35 3.199 endloop endfacet
facet normal 0 -1 0 outer loop vertex 0.4961 -3.48 3.204 vertex 0.8276 -3.48 3.018 vertex 0.8683 -3.48 3.199 endloop endfacet
facet normal 0 1 0 outer loop vertex 0.4961 -3.35 3.204 vertex 0.8683 -3.35 3.199 vertex 0.8276 -3.35 3.018 endloop endfacet
facet normal 0 -1 0 outer loop vertex 0.8276 -3.48 3.018 vertex 0.4961 -3.48 3.204 vertex 0.5979 -3.48 3.01 endloop endfacet
facet normal 0 1 0 outer loop vertex 0.8276 -3.35 3.018 vertex 0.5979 -3.35 3.01 vertex 0.4961 -3.35 3.204 endloop endfacet
facet normal -1 0 0 outer loop vertex 0.3444 -3.48 3.243 vertex 0.3444 -3.48 3.272 vertex 0.3444 -3.35 3.272 endloop endfacet
facet normal -1 0 0 outer loop vertex 0.3444 -3.48 3.243 vertex 0.3444 -3.35 3.272 vertex 0.3444 -3.35 3.243 endloop endfacet
facet normal 0 0 1 outer loop vertex 0.3444 -3.48 3.272 vertex 1.005 -3.48 3.272 vertex 1.005 -3.35 3.272 endloop endfacet
facet normal 0 0 1 outer loop vertex 0.3444 -3.48 3.272 vertex 1.005 -3.35 3.272 vertex 0.3444 -3.35 3.272 endloop endfacet
facet normal 1 0 0 outer loop vertex 1.005 -3.48 3.272 vertex 1.005 -3.48 3.243 vertex 1.005 -3.35 3.243 endloop endfacet
facet normal 1 0 0 outer loop vertex 1.005 -3.48 3.272 vertex 1.005 -3.35 3.243 vertex 1.005 -3.35 3.272 endloop endfacet
facet normal 0.3064 0 -0.9519 outer loop vertex 1.005 -3.48 3.243 vertex 0.8683 -3.48 3.199 vertex 0.8683 -3.35 3.199 endloop endfacet
facet normal 0.3064 0 -0.9519 outer loop vertex 1.005 -3.48 3.243 vertex 0.8683 -3.35 3.199 vertex 1.005 -3.35 3.243 endloop endfacet
facet normal 0.9756 0 -0.2194 outer loop vertex 0.8683 -3.48 3.199 vertex 0.8276 -3.48 3.018 vertex 0.8276 -3.35 3.018 endloop endfacet
facet normal 0.9756 0 -0.2194 outer loop vertex 0.8683 -3.48 3.199 vertex 0.8276 -3.35 3.018 vertex 0.8683 -3.35 3.199 endloop endfacet
facet normal 0.03481 0 -0.9994 outer loop vertex 0.8276 -3.48 3.018 vertex 0.5979 -3.48 3.01 vertex 0.5979 -3.35 3.01 endloop endfacet
facet normal 0.03481 0 -0.9994 outer loop vertex 0.8276 -3.48 3.018 vertex 0.5979 -3.35 3.01 vertex 0.8276 -3.35 3.018 endloop endfacet
facet normal -0.8855 0 -0.4647 outer loop vertex 0.5979 -3.48 3.01 vertex 0.4961 -3.48 3.204 vertex 0.4961 -3.35 3.204 endloop endfacet
facet normal -0.8855 0 -0.4647 outer loop vertex 0.5979 -3.48 3.01 vertex 0.4961 -3.35 3.204 vertex 0.5979 -3.35 3.01 endloop endfacet
facet normal -0.249 0 -0.9685 outer loop vertex 0.4961 -3.48 3.204 vertex 0.3444 -3.48 3.243 vertex 0.3444 -3.35 3.243 endloop endfacet
facet normal -0.249 0 -0.9685 outer loop vertex 0.4961 -3.48 3.204 vertex 0.3444 -3.35 3.243 vertex 0.4961 -3.35 3.204 endloop endfacet
facet normal 0 -1 0 outer loop vertex -0.6297 -3.48 5.042 vertex -0.9988 -3.48 5.985 vertex -1.029 -3.48 5.937 endloop endfacet
facet normal 0 1 0 outer loop vertex -0.6297 -3.35 5.042 vertex -1.029 -3.35 5.937 vertex -0.9988 -3.35 5.985 endloop endfacet
facet normal 0 -1 0 outer loop vertex -0.9988 -3.48 5.985 vertex -0.4656 -3.48 5.958 vertex -0.4656 -3.48 5.992 endloop endfacet
facet normal 0 1 0 outer loop vertex -0.9988 -3.35 5.985 vertex -0.4656 -3.35 5.992 vertex -0.4656 -3.35 5.958 endloop endfacet
facet normal 0 -1 0 outer loop vertex -0.9988 -3.48 5.985 vertex -0.5817 -3.48 5.941 vertex -0.4656 -3.48 5.958 endloop endfacet
facet normal 0 1 0 outer loop vertex -0.9988 -3.35 5.985 vertex -0.4656 -3.35 5.958 vertex -0.5817 -3.35 5.941 endloop endfacet
facet normal 0 -1 0 outer loop vertex -0.9988 -3.48 5.985 vertex -0.6503 -3.48 5.901 vertex -0.5817 -3.48 5.941 endloop endfacet
facet normal 0 1 0 outer loop vertex -0.9988 -3.35 5.985 vertex -0.5817 -3.35 5.941 vertex -0.6503 -3.35 5.901 endloop endfacet
facet normal 0 -1 0 outer loop vertex -0.9988 -3.48 5.985 vertex -0.658 -3.48 5.824 vertex -0.6503 -3.48 5.901 endloop endfacet
facet normal 0 1 0 outer loop vertex -0.9988 -3.35 5.985 vertex -0.6503 -3.35 5.901 vertex -0.658 -3.35 5.824 endloop endfacet
facet normal 0 -1 0 outer loop vertex -0.6297 -3.48 5.042 vertex -0.658 -3.48 5.824 vertex -0.9988 -3.48 5.985 endloop endfacet
facet normal 0 1 0 outer loop vertex -0.6297 -3.35 5.042 vertex -0.9988 -3.35 5.985 vertex -0.658 -3.35 5.824 endloop endfacet
facet normal 0 -1 0 outer loop vertex -0.6297 -3.48 5.042 vertex -0.3373 -3.48 5.086 vertex -0.658 -3.48 5.824 endloop endfacet
facet normal 0 1 0 outer loop vertex -0.6297 -3.35 5.042 vertex -0.658 -3.35 5.824 vertex -0.3373 -3.35 5.086 endloop endfacet
facet normal 0 -1 0 outer loop vertex -0.6978 -3.48 4.65 vertex -0.3373 -3.48 5.086 vertex -0.6297 -3.48 5.042 endloop endfacet
facet normal 0 1 0 outer loop vertex -0.6978 -3.35 4.65 vertex -0.6297 -3.35 5.042 vertex -0.3373 -3.35 5.086 endloop endfacet
facet normal 0 -1 0 outer loop vertex -0.6978 -3.48 4.65 vertex -0.3035 -3.48 5.043 vertex -0.3373 -3.48 5.086 endloop endfacet
facet normal 0 1 0 outer loop vertex -0.6978 -3.35 4.65 vertex -0.3373 -3.35 5.086 vertex -0.3035 -3.35 5.043 endloop endfacet
facet normal 0 -1 0 outer loop vertex -0.3035 -3.48 5.043 vertex -0.08035 -3.48 4.968 vertex -0.05868 -3.48 5.021 endloop endfacet
facet normal 0 1 0 outer loop vertex -0.3035 -3.35 5.043 vertex -0.05868 -3.35 5.021 vertex -0.08035 -3.35 4.968 endloop endfacet
facet normal 0 -1 0 outer loop vertex -0.3035 -3.48 5.043 vertex -0.3946 -3.48 4.95 vertex -0.08035 -3.48 4.968 endloop endfacet
facet normal 0 1 0 outer loop vertex -0.3035 -3.35 5.043 vertex -0.08035 -3.35 4.968 vertex -0.3946 -3.35 4.95 endloop endfacet
facet normal 0 -1 0 outer loop vertex -0.6978 -3.48 4.65 vertex -0.3946 -3.48 4.95 vertex -0.3035 -3.48 5.043 endloop endfacet
facet normal 0 1 0 outer loop vertex -0.6978 -3.35 4.65 vertex -0.3035 -3.35 5.043 vertex -0.3946 -3.35 4.95 endloop endfacet
facet normal 0 -1 0 outer loop vertex -0.3946 -3.48 4.95 vertex -0.6978 -3.48 4.65 vertex -0.6684 -3.48 4.646 endloop endfacet
facet normal 0 1 0 outer loop vertex -0.3946 -3.35 4.95 vertex -0.6684 -3.35 4.646 vertex -0.6978 -3.35 4.65 endloop endfacet
facet normal -0.9132 0 -0.4074 outer loop vertex -0.6297 -3.48 5.042 vertex -1.029 -3.48 5.937 vertex -1.029 -3.35 5.937 endloop endfacet
facet normal -0.9132 0 -0.4074 outer loop vertex -0.6297 -3.48 5.042 vertex -1.029 -3.35 5.937 vertex -0.6297 -3.35 5.042 endloop endfacet
facet normal -0.8464 0 0.5325 outer loop vertex -1.029 -3.48 5.937 vertex -0.9988 -3.48 5.985 vertex -0.9988 -3.35 5.985 endloop endfacet
facet normal -0.8464 0 0.5325 outer loop vertex -1.029 -3.48 5.937 vertex -0.9988 -3.35 5.985 vertex -1.029 -3.35 5.937 endloop endfacet
facet normal -0.01313 0 0.9999 outer loop vertex -0.9988 -3.48 5.985 vertex -0.4656 -3.48 5.992 vertex -0.4656 -3.35 5.992 endloop endfacet
facet normal -0.01313 0 0.9999 outer loop vertex -0.9988 -3.48 5.985 vertex -0.4656 -3.35 5.992 vertex -0.9988 -3.35 5.985 endloop endfacet
facet normal 1 0 0 outer loop vertex -0.4656 -3.48 5.992 vertex -0.4656 -3.48 5.958 vertex -0.4656 -3.35 5.958 endloop endfacet
facet normal 1 0 0 outer loop vertex -0.4656 -3.48 5.992 vertex -0.4656 -3.35 5.958 vertex -0.4656 -3.35 5.992 endloop endfacet
facet normal 0.1449 0 -0.9894 outer loop vertex -0.4656 -3.48 5.958 vertex -0.5817 -3.48 5.941 vertex -0.5817 -3.35 5.941 endloop endfacet
facet normal 0.1449 0 -0.9894 outer loop vertex -0.4656 -3.48 5.958 vertex -0.5817 -3.35 5.941 vertex -0.4656 -3.35 5.958 endloop endfacet
facet normal 0.5037 0 -0.8639 outer loop vertex -0.5817 -3.48 5.941 vertex -0.6503 -3.48 5.901 vertex -0.6503 -3.35 5.901 endloop endfacet
facet normal 0.5037 0 -0.8639 outer loop vertex -0.5817 -3.48 5.941 vertex -0.6503 -3.35 5.901 vertex -0.5817 -3.35 5.941 endloop endfacet
facet normal 0.995 0 -0.0995 outer loop vertex -0.6503 -3.48 5.901 vertex -0.658 -3.48 5.824 vertex -0.658 -3.35 5.824 endloop endfacet
facet normal 0.995 0 -0.0995 outer loop vertex -0.6503 -3.48 5.901 vertex -0.658 -3.35 5.824 vertex -0.6503 -3.35 5.901 endloop endfacet
facet normal 0.9171 0 0.3985 outer loop vertex -0.658 -3.48 5.824 vertex -0.3373 -3.48 5.086 vertex -0.3373 -3.35 5.086 endloop endfacet
facet normal 0.9171 0 0.3985 outer loop vertex -0.658 -3.48 5.824 vertex -0.3373 -3.35 5.086 vertex -0.658 -3.35 5.824 endloop endfacet
facet normal 0.7862 0 0.618 outer loop vertex -0.3373 -3.48 5.086 vertex -0.3035 -3.48 5.043 vertex -0.3035 -3.35 5.043 endloop endfacet
facet normal 0.7862 0 0.618 outer loop vertex -0.3373 -3.48 5.086 vertex -0.3035 -3.35 5.043 vertex -0.3373 -3.35 5.086 endloop endfacet
facet normal 0.0895 0 0.996 outer loop vertex -0.3035 -3.48 5.043 vertex -0.05868 -3.48 5.021 vertex -0.05868 -3.35 5.021 endloop endfacet
facet normal 0.0895 0 0.996 outer loop vertex -0.3035 -3.48 5.043 vertex -0.05868 -3.35 5.021 vertex -0.3035 -3.35 5.043 endloop endfacet
facet normal 0.9256 0 -0.3785 outer loop vertex -0.05868 -3.48 5.021 vertex -0.08035 -3.48 4.968 vertex -0.08035 -3.35 4.968 endloop endfacet
facet normal 0.9256 0 -0.3785 outer loop vertex -0.05868 -3.48 5.021 vertex -0.08035 -3.35 4.968 vertex -0.05868 -3.35 5.021 endloop endfacet
facet normal 0.05719 0 -0.9984 outer loop vertex -0.08035 -3.48 4.968 vertex -0.3946 -3.48 4.95 vertex -0.3946 -3.35 4.95 endloop endfacet
facet normal 0.05719 0 -0.9984 outer loop vertex -0.08035 -3.48 4.968 vertex -0.3946 -3.35 4.95 vertex -0.08035 -3.35 4.968 endloop endfacet
facet normal 0.7431 0 -0.6692 outer loop vertex -0.3946 -3.48 4.95 vertex -0.6684 -3.48 4.646 vertex -0.6684 -3.35 4.646 endloop endfacet
facet normal 0.7431 0 -0.6692 outer loop vertex -0.3946 -3.48 4.95 vertex -0.6684 -3.35 4.646 vertex -0.3946 -3.35 4.95 endloop endfacet
facet normal -0.1348 0 -0.9909 outer loop vertex -0.6684 -3.48 4.646 vertex -0.6978 -3.48 4.65 vertex -0.6978 -3.35 4.65 endloop endfacet
facet normal -0.1348 0 -0.9909 outer loop vertex -0.6684 -3.48 4.646 vertex -0.6978 -3.35 4.65 vertex -0.6684 -3.35 4.646 endloop endfacet
facet normal -0.9852 0 0.1712 outer loop vertex -0.6978 -3.48 4.65 vertex -0.6297 -3.48 5.042 vertex -0.6297 -3.35 5.042 endloop endfacet
facet normal -0.9852 0 0.1712 outer loop vertex -0.6978 -3.48 4.65 vertex -0.6297 -3.35 5.042 vertex -0.6978 -3.35 4.65 endloop endfacet
facet normal 0 -1 0 outer loop vertex -0.6206 -3.48 3.008 vertex -0.6896 -3.48 3.236 vertex -0.6549 -3.48 3.033 endloop endfacet
facet normal 0 1 0 outer loop vertex -0.6206 -3.35 3.008 vertex -0.6549 -3.35 3.033 vertex -0.6896 -3.35 3.236 endloop endfacet
facet normal 0 -1 0 outer loop vertex -0.6206 -3.48 3.008 vertex -0.6535 -3.48 3.528 vertex -0.6896 -3.48 3.236 endloop endfacet
facet normal 0 1 0 outer loop vertex -0.6206 -3.35 3.008 vertex -0.6896 -3.35 3.236 vertex -0.6535 -3.35 3.528 endloop endfacet
facet normal 0 -1 0 outer loop vertex -0.6206 -3.48 3.008 vertex -0.4713 -3.48 3.823 vertex -0.6535 -3.48 3.528 endloop endfacet
facet normal 0 1 0 outer loop vertex -0.6206 -3.35 3.008 vertex -0.6535 -3.35 3.528 vertex -0.4713 -3.35 3.823 endloop endfacet
facet normal 0 -1 0 outer loop vertex -0.4713 -3.48 3.823 vertex -0.03291 -3.48 3.978 vertex -0.06806 -3.48 4.032 endloop endfacet
facet normal 0 1 0 outer loop vertex -0.4713 -3.35 3.823 vertex -0.06806 -3.35 4.032 vertex -0.03291 -3.35 3.978 endloop endfacet
facet normal 0 -1 0 outer loop vertex -0.4713 -3.48 3.823 vertex -0.2891 -3.48 3.742 vertex -0.03291 -3.48 3.978 endloop endfacet
facet normal 0 1 0 outer loop vertex -0.4713 -3.35 3.823 vertex -0.03291 -3.35 3.978 vertex -0.2891 -3.35 3.742 endloop endfacet
facet normal 0 -1 0 outer loop vertex -0.6206 -3.48 3.008 vertex -0.2891 -3.48 3.742 vertex -0.4713 -3.48 3.823 endloop endfacet
facet normal 0 1 0 outer loop vertex -0.6206 -3.35 3.008 vertex -0.4713 -3.35 3.823 vertex -0.2891 -3.35 3.742 endloop endfacet
facet normal 0 -1 0 outer loop vertex -0.6206 -3.48 3.008 vertex -0.4003 -3.48 3.474 vertex -0.2891 -3.48 3.742 endloop endfacet
facet normal 0 1 0 outer loop vertex -0.6206 -3.35 3.008 vertex -0.2891 -3.35 3.742 vertex -0.4003 -3.35 3.474 endloop endfacet
facet normal 0 -1 0 outer loop vertex -0.6206 -3.48 3.008 vertex -0.4171 -3.48 3.227 vertex -0.4003 -3.48 3.474 endloop endfacet
facet normal 0 1 0 outer loop vertex -0.6206 -3.35 3.008 vertex -0.4003 -3.35 3.474 vertex -0.4171 -3.35 3.227 endloop endfacet
facet normal 0 -1 0 outer loop vertex -0.4171 -3.48 3.227 vertex -0.6206 -3.48 3.008 vertex -0.3958 -3.48 3.022 endloop endfacet
facet normal 0 1 0 outer loop vertex -0.4171 -3.35 3.227 vertex -0.3958 -3.35 3.022 vertex -0.6206 -3.35 3.008 endloop endfacet
facet normal -0.9857 0 -0.1685 outer loop vertex -0.6549 -3.48 3.033 vertex -0.6896 -3.48 3.236 vertex -0.6896 -3.35 3.236 endloop endfacet
facet normal -0.9857 0 -0.1685 outer loop vertex -0.6549 -3.48 3.033 vertex -0.6896 -3.35 3.236 vertex -0.6549 -3.35 3.033 endloop endfacet
facet normal -0.9924 0 0.1227 outer loop vertex -0.6896 -3.48 3.236 vertex -0.6535 -3.48 3.528 vertex -0.6535 -3.35 3.528 endloop endfacet
facet normal -0.9924 0 0.1227 outer loop vertex -0.6896 -3.48 3.236 vertex -0.6535 -3.35 3.528 vertex -0.6896 -3.35 3.236 endloop endfacet
facet normal -0.8508 0 0.5255 outer loop vertex -0.6535 -3.48 3.528 vertex -0.4713 -3.48 3.823 vertex -0.4713 -3.35 3.823 endloop endfacet
facet normal -0.8508 0 0.5255 outer loop vertex -0.6535 -3.48 3.528 vertex -0.4713 -3.35 3.823 vertex -0.6535 -3.35 3.528 endloop endfacet
facet normal -0.4602 0 0.8878 outer loop vertex -0.4713 -3.48 3.823 vertex -0.06806 -3.48 4.032 vertex -0.06806 -3.35 4.032 endloop endfacet
facet normal -0.4602 0 0.8878 outer loop vertex -0.4713 -3.48 3.823 vertex -0.06806 -3.35 4.032 vertex -0.4713 -3.35 3.823 endloop endfacet
facet normal 0.8381 0 0.5455 outer loop vertex -0.06806 -3.48 4.032 vertex -0.03291 -3.48 3.978 vertex -0.03291 -3.35 3.978 endloop endfacet
facet normal 0.8381 0 0.5455 outer loop vertex -0.06806 -3.48 4.032 vertex -0.03291 -3.35 3.978 vertex -0.06806 -3.35 4.032 endloop endfacet
facet normal 0.6775 0 -0.7355 outer loop vertex -0.03291 -3.48 3.978 vertex -0.2891 -3.48 3.742 vertex -0.2891 -3.35 3.742 endloop endfacet
facet normal 0.6775 0 -0.7355 outer loop vertex -0.03291 -3.48 3.978 vertex -0.2891 -3.35 3.742 vertex -0.03291 -3.35 3.978 endloop endfacet
facet normal 0.9236 0 -0.3832 outer loop vertex -0.2891 -3.48 3.742 vertex -0.4003 -3.48 3.474 vertex -0.4003 -3.35 3.474 endloop endfacet
facet normal 0.9236 0 -0.3832 outer loop vertex -0.2891 -3.48 3.742 vertex -0.4003 -3.35 3.474 vertex -0.2891 -3.35 3.742 endloop endfacet
facet normal 0.9977 0 -0.06786 outer loop vertex -0.4003 -3.48 3.474 vertex -0.4171 -3.48 3.227 vertex -0.4171 -3.35 3.227 endloop endfacet
facet normal 0.9977 0 -0.06786 outer loop vertex -0.4003 -3.48 3.474 vertex -0.4171 -3.35 3.227 vertex -0.4003 -3.35 3.474 endloop endfacet
facet normal 0.9946 0 0.1033 outer loop vertex -0.4171 -3.48 3.227 vertex -0.3958 -3.48 3.022 vertex -0.3958 -3.35 3.022 endloop endfacet
facet normal 0.9946 0 0.1033 outer loop vertex -0.4171 -3.48 3.227 vertex -0.3958 -3.35 3.022 vertex -0.4171 -3.35 3.227 endloop endfacet
facet normal 0.06216 0 -0.9981 outer loop vertex -0.3958 -3.48 3.022 vertex -0.6206 -3.48 3.008 vertex -0.6206 -3.35 3.008 endloop endfacet
facet normal 0.06216 0 -0.9981 outer loop vertex -0.3958 -3.48 3.022 vertex -0.6206 -3.35 3.008 vertex -0.3958 -3.35 3.022 endloop endfacet
facet normal -0.589 0 -0.8081 outer loop vertex -0.6206 -3.48 3.008 vertex -0.6549 -3.48 3.033 vertex -0.6549 -3.35 3.033 endloop endfacet
facet normal -0.589 0 -0.8081 outer loop vertex -0.6206 -3.48 3.008 vertex -0.6549 -3.35 3.033 vertex -0.6206 -3.35 3.008 endloop endfacet
facet normal 0 -1 0 outer loop vertex 0.4607 -3.48 3.975 vertex 0.03059 -3.48 4.076 vertex 0.09492 -3.48 4.018 endloop endfacet
facet normal 0 1 0 outer loop vertex 0.4607 -3.35 3.975 vertex 0.09492 -3.35 4.018 vertex 0.03059 -3.35 4.076 endloop endfacet
facet normal 0 -1 0 outer loop vertex 0.03059 -3.48 4.076 vertex 0.08678 -3.48 5.013 vertex 0.02936 -3.48 4.956 endloop endfacet
facet normal 0 1 0 outer loop vertex 0.03059 -3.35 4.076 vertex 0.02936 -3.35 4.956 vertex 0.08678 -3.35 5.013 endloop endfacet
facet normal 0 -1 0 outer loop vertex 0.1244 -3.48 5.592 vertex -0.13 -3.48 5.129 vertex -0.07069 -3.48 5.129 endloop endfacet
facet normal 0 1 0 outer loop vertex 0.1244 -3.35 5.592 vertex -0.07069 -3.35 5.129 vertex -0.13 -3.35 5.129 endloop endfacet
facet normal 0 -1 0 outer loop vertex 0.1244 -3.48 5.592 vertex 0.1504 -3.48 5.794 vertex -0.13 -3.48 5.129 endloop endfacet
facet normal 0 1 0 outer loop vertex 0.1244 -3.35 5.592 vertex -0.13 -3.35 5.129 vertex 0.1504 -3.35 5.794 endloop endfacet
facet normal 0 -1 0 outer loop vertex 0.3372 -3.48 5.022 vertex 0.1504 -3.48 5.794 vertex 0.1244 -3.48 5.592 endloop endfacet
facet normal 0 1 0 outer loop vertex 0.3372 -3.35 5.022 vertex 0.1244 -3.35 5.592 vertex 0.1504 -3.35 5.794 endloop endfacet
facet normal 0 -1 0 outer loop vertex 0.3372 -3.48 5.022 vertex 0.2004 -3.48 5.876 vertex 0.1504 -3.48 5.794 endloop endfacet
facet normal 0 1 0 outer loop vertex 0.3372 -3.35 5.022 vertex 0.1504 -3.35 5.794 vertex 0.2004 -3.35 5.876 endloop endfacet
facet normal 0 -1 0 outer loop vertex 0.3372 -3.48 5.022 vertex 0.2705 -3.48 5.938 vertex 0.2004 -3.48 5.876 endloop endfacet
facet normal 0 1 0 outer loop vertex 0.3372 -3.35 5.022 vertex 0.2004 -3.35 5.876 vertex 0.2705 -3.35 5.938 endloop endfacet
facet normal 0 -1 0 outer loop vertex 0.2705 -3.48 5.938 vertex 0.4503 -3.48 5.992 vertex 0.3555 -3.48 5.978 endloop endfacet
facet normal 0 1 0 outer loop vertex 0.2705 -3.35 5.938 vertex 0.3555 -3.35 5.978 vertex 0.4503 -3.35 5.992 endloop endfacet
facet normal 0 -1 0 outer loop vertex 0.2705 -3.48 5.938 vertex 0.5689 -3.48 5.981 vertex 0.4503 -3.48 5.992 endloop endfacet
facet normal 0 1 0 outer loop vertex 0.2705 -3.35 5.938 vertex 0.4503 -3.35 5.992 vertex 0.5689 -3.35 5.981 endloop endfacet
facet normal 0 -1 0 outer loop vertex 0.5689 -3.48 5.981 vertex 0.4319 -3.48 5.945 vertex 0.5751 -3.48 5.945 endloop endfacet
facet normal 0 1 0 outer loop vertex 0.5689 -3.35 5.981 vertex 0.5751 -3.35 5.945 vertex 0.4319 -3.35 5.945 endloop endfacet
facet normal 0 -1 0 outer loop vertex 0.2705 -3.48 5.938 vertex 0.4319 -3.48 5.945 vertex 0.5689 -3.48 5.981 endloop endfacet
facet normal 0 1 0 outer loop vertex 0.2705 -3.35 5.938 vertex 0.5689 -3.35 5.981 vertex 0.4319 -3.35 5.945 endloop endfacet
facet normal 0 -1 0 outer loop vertex 0.2705 -3.48 5.938 vertex 0.3601 -3.48 5.918 vertex 0.4319 -3.48 5.945 endloop endfacet
facet normal 0 1 0 outer loop vertex 0.2705 -3.35 5.938 vertex 0.4319 -3.35 5.945 vertex 0.3601 -3.35 5.918 endloop endfacet
facet normal 0 -1 0 outer loop vertex 0.2705 -3.48 5.938 vertex 0.3288 -3.48 5.857 vertex 0.3601 -3.48 5.918 endloop endfacet
facet normal 0 1 0 outer loop vertex 0.2705 -3.35 5.938 vertex 0.3601 -3.35 5.918 vertex 0.3288 -3.35 5.857 endloop endfacet
facet normal 0 -1 0 outer loop vertex 0.3372 -3.48 5.022 vertex 0.3288 -3.48 5.857 vertex 0.2705 -3.48 5.938 endloop endfacet
facet normal 0 1 0 outer loop vertex 0.3372 -3.35 5.022 vertex 0.2705 -3.35 5.938 vertex 0.3288 -3.35 5.857 endloop endfacet
facet normal 0 -1 0 outer loop vertex 0.3372 -3.48 5.022 vertex 0.6639 -3.48 4.958 vertex 0.3288 -3.48 5.857 endloop endfacet
facet normal 0 1 0 outer loop vertex 0.3372 -3.35 5.022 vertex 0.3288 -3.35 5.857 vertex 0.6639 -3.35 4.958 endloop endfacet
facet normal 0 -1 0 outer loop vertex 0.08678 -3.48 5.013 vertex 0.6639 -3.48 4.958 vertex 0.3372 -3.48 5.022 endloop endfacet
facet normal 0 1 0 outer loop vertex 0.08678 -3.35 5.013 vertex 0.3372 -3.35 5.022 vertex 0.6639 -3.35 4.958 endloop endfacet
facet normal 0 -1 0 outer loop vertex 0.08678 -3.48 5.013 vertex 0.3246 -3.48 4.953 vertex 0.6639 -3.48 4.958 endloop endfacet
facet normal 0 1 0 outer loop vertex 0.08678 -3.35 5.013 vertex 0.6639 -3.35 4.958 vertex 0.3246 -3.35 4.953 endloop endfacet
facet normal 0 -1 0 outer loop vertex 0.08678 -3.48 5.013 vertex 0.2804 -3.48 4.899 vertex 0.3246 -3.48 4.953 endloop endfacet
facet normal 0 1 0 outer loop vertex 0.08678 -3.35 5.013 vertex 0.3246 -3.35 4.953 vertex 0.2804 -3.35 4.899 endloop endfacet
facet normal 0 -1 0 outer loop vertex 0.03059 -3.48 4.076 vertex 0.2804 -3.48 4.899 vertex 0.08678 -3.48 5.013 endloop endfacet
facet normal 0 1 0 outer loop vertex 0.03059 -3.35 4.076 vertex 0.08678 -3.35 5.013 vertex 0.2804 -3.35 4.899 endloop endfacet
facet normal 0 -1 0 outer loop vertex 0.03059 -3.48 4.076 vertex 0.2796 -3.48 4.119 vertex 0.2804 -3.48 4.899 endloop endfacet
facet normal 0 1 0 outer loop vertex 0.03059 -3.35 4.076 vertex 0.2804 -3.35 4.899 vertex 0.2796 -3.35 4.119 endloop endfacet
facet normal 0 -1 0 outer loop vertex 0.03059 -3.48 4.076 vertex 0.3299 -3.48 4.063 vertex 0.2796 -3.48 4.119 endloop endfacet
facet normal 0 1 0 outer loop vertex 0.03059 -3.35 4.076 vertex 0.2796 -3.35 4.119 vertex 0.3299 -3.35 4.063 endloop endfacet
facet normal 0 -1 0 outer loop vertex 0.4607 -3.48 3.975 vertex 0.3299 -3.48 4.063 vertex 0.03059 -3.48 4.076 endloop endfacet
facet normal 0 1 0 outer loop vertex 0.4607 -3.35 3.975 vertex 0.03059 -3.35 4.076 vertex 0.3299 -3.35 4.063 endloop endfacet
facet normal 0 -1 0 outer loop vertex 0.6415 -3.48 3.865 vertex 0.3299 -3.48 4.063 vertex 0.4607 -3.48 3.975 endloop endfacet
facet normal 0 1 0 outer loop vertex 0.6415 -3.35 3.865 vertex 0.4607 -3.35 3.975 vertex 0.3299 -3.35 4.063 endloop endfacet
facet normal 0 -1 0 outer loop vertex 0.6415 -3.48 3.865 vertex 0.8017 -3.48 3.948 vertex 0.3299 -3.48 4.063 endloop endfacet
facet normal 0 1 0 outer loop vertex 0.6415 -3.35 3.865 vertex 0.3299 -3.35 4.063 vertex 0.8017 -3.35 3.948 endloop endfacet
facet normal 0 -1 0 outer loop vertex 0.7762 -3.48 3.674 vertex 0.8017 -3.48 3.948 vertex 0.6415 -3.48 3.865 endloop endfacet
facet normal 0 1 0 outer loop vertex 0.7762 -3.35 3.674 vertex 0.6415 -3.35 3.865 vertex 0.8017 -3.35 3.948 endloop endfacet
facet normal 0 -1 0 outer loop vertex 0.7762 -3.48 3.674 vertex 0.8185 -3.48 3.998 vertex 0.8017 -3.48 3.948 endloop endfacet
facet normal 0 1 0 outer loop vertex 0.7762 -3.35 3.674 vertex 0.8017 -3.35 3.948 vertex 0.8185 -3.35 3.998 endloop endfacet
facet normal 0 -1 0 outer loop vertex 0.7762 -3.48 3.674 vertex 0.8536 -3.48 4.008 vertex 0.8185 -3.48 3.998 endloop endfacet
facet normal 0 1 0 outer loop vertex 0.7762 -3.35 3.674 vertex 0.8185 -3.35 3.998 vertex 0.8536 -3.35 4.008 endloop endfacet
facet normal 0 -1 0 outer loop vertex 0.7762 -3.48 3.674 vertex 0.8536 -3.48 3.559 vertex 0.8536 -3.48 4.008 endloop endfacet
facet normal 0 1 0 outer loop vertex 0.7762 -3.35 3.674 vertex 0.8536 -3.35 4.008 vertex 0.8536 -3.35 3.559 endloop endfacet
facet normal 0 -1 0 outer loop vertex 0.8536 -3.48 3.559 vertex 0.7762 -3.48 3.674 vertex 0.8191 -3.48 3.559 endloop endfacet
facet normal 0 1 0 outer loop vertex 0.8536 -3.35 3.559 vertex 0.8191 -3.35 3.559 vertex 0.7762 -3.35 3.674 endloop endfacet
facet normal -0.5198 0 -0.8543 outer loop vertex 0.6415 -3.48 3.865 vertex 0.4607 -3.48 3.975 vertex 0.4607 -3.35 3.975 endloop endfacet
facet normal -0.5198 0 -0.8543 outer loop vertex 0.6415 -3.48 3.865 vertex 0.4607 -3.35 3.975 vertex 0.6415 -3.35 3.865 endloop endfacet
facet normal -0.1168 0 -0.9932 outer loop vertex 0.4607 -3.48 3.975 vertex 0.09492 -3.48 4.018 vertex 0.09492 -3.35 4.018 endloop endfacet
facet normal -0.1168 0 -0.9932 outer loop vertex 0.4607 -3.48 3.975 vertex 0.09492 -3.35 4.018 vertex 0.4607 -3.35 3.975 endloop endfacet
facet normal -0.6696 0 -0.7427 outer loop vertex 0.09492 -3.48 4.018 vertex 0.03059 -3.48 4.076 vertex 0.03059 -3.35 4.076 endloop endfacet
facet normal -0.6696 0 -0.7427 outer loop vertex 0.09492 -3.48 4.018 vertex 0.03059 -3.35 4.076 vertex 0.09492 -3.35 4.018 endloop endfacet
facet normal -1 0 -0.001398 outer loop vertex 0.03059 -3.48 4.076 vertex 0.02936 -3.48 4.956 vertex 0.02936 -3.35 4.956 endloop endfacet
facet normal -1 0 -0.001398 outer loop vertex 0.03059 -3.48 4.076 vertex 0.02936 -3.35 4.956 vertex 0.03059 -3.35 4.076 endloop endfacet
facet normal -0.7045 0 0.7097 outer loop vertex 0.02936 -3.48 4.956 vertex 0.08678 -3.48 5.013 vertex 0.08678 -3.35 5.013 endloop endfacet
facet normal -0.7045 0 0.7097 outer loop vertex 0.02936 -3.48 4.956 vertex 0.08678 -3.35 5.013 vertex 0.02936 -3.35 4.956 endloop endfacet
facet normal -0.03592 0 0.9994 outer loop vertex 0.08678 -3.48 5.013 vertex 0.3372 -3.48 5.022 vertex 0.3372 -3.35 5.022 endloop endfacet
facet normal -0.03592 0 0.9994 outer loop vertex 0.08678 -3.48 5.013 vertex 0.3372 -3.35 5.022 vertex 0.08678 -3.35 5.013 endloop endfacet
facet normal -0.9368 0 -0.3498 outer loop vertex 0.3372 -3.48 5.022 vertex 0.1244 -3.48 5.592 vertex 0.1244 -3.35 5.592 endloop endfacet
facet normal -0.9368 0 -0.3498 outer loop vertex 0.3372 -3.48 5.022 vertex 0.1244 -3.35 5.592 vertex 0.3372 -3.35 5.022 endloop endfacet
facet normal 0.9215 0 -0.3883 outer loop vertex 0.1244 -3.48 5.592 vertex -0.07069 -3.48 5.129 vertex -0.07069 -3.35 5.129 endloop endfacet
facet normal 0.9215 0 -0.3883 outer loop vertex 0.1244 -3.48 5.592 vertex -0.07069 -3.35 5.129 vertex 0.1244 -3.35 5.592 endloop endfacet
facet normal 0 0 -1 outer loop vertex -0.07069 -3.48 5.129 vertex -0.13 -3.48 5.129 vertex -0.13 -3.35 5.129 endloop endfacet
facet normal 0 0 -1 outer loop vertex -0.07069 -3.48 5.129 vertex -0.13 -3.35 5.129 vertex -0.07069 -3.35 5.129 endloop endfacet
facet normal -0.9214 0 0.3885 outer loop vertex -0.13 -3.48 5.129 vertex 0.1504 -3.48 5.794 vertex 0.1504 -3.35 5.794 endloop endfacet
facet normal -0.9214 0 0.3885 outer loop vertex -0.13 -3.48 5.129 vertex 0.1504 -3.35 5.794 vertex -0.13 -3.35 5.129 endloop endfacet
facet normal -0.8538 0 0.5206 outer loop vertex 0.1504 -3.48 5.794 vertex 0.2004 -3.48 5.876 vertex 0.2004 -3.35 5.876 endloop endfacet
facet normal -0.8538 0 0.5206 outer loop vertex 0.1504 -3.48 5.794 vertex 0.2004 -3.35 5.876 vertex 0.1504 -3.35 5.794 endloop endfacet
facet normal -0.6625 0 0.7491 outer loop vertex 0.2004 -3.48 5.876 vertex 0.2705 -3.48 5.938 vertex 0.2705 -3.35 5.938 endloop endfacet
facet normal -0.6625 0 0.7491 outer loop vertex 0.2004 -3.48 5.876 vertex 0.2705 -3.35 5.938 vertex 0.2004 -3.35 5.876 endloop endfacet
facet normal -0.4258 0 0.9048 outer loop vertex 0.2705 -3.48 5.938 vertex 0.3555 -3.48 5.978 vertex 0.3555 -3.35 5.978 endloop endfacet
facet normal -0.4258 0 0.9048 outer loop vertex 0.2705 -3.48 5.938 vertex 0.3555 -3.35 5.978 vertex 0.2705 -3.35 5.938 endloop endfacet
facet normal -0.1461 0 0.9893 outer loop vertex 0.3555 -3.48 5.978 vertex 0.4503 -3.48 5.992 vertex 0.4503 -3.35 5.992 endloop endfacet
facet normal -0.1461 0 0.9893 outer loop vertex 0.3555 -3.48 5.978 vertex 0.4503 -3.35 5.992 vertex 0.3555 -3.35 5.978 endloop endfacet
facet normal 0.09235 0 0.9957 outer loop vertex 0.4503 -3.48 5.992 vertex 0.5689 -3.48 5.981 vertex 0.5689 -3.35 5.981 endloop endfacet
facet normal 0.09235 0 0.9957 outer loop vertex 0.4503 -3.48 5.992 vertex 0.5689 -3.35 5.981 vertex 0.4503 -3.35 5.992 endloop endfacet
facet normal 0.9855 0 0.1697 outer loop vertex 0.5689 -3.48 5.981 vertex 0.5751 -3.48 5.945 vertex 0.5751 -3.35 5.945 endloop endfacet
facet normal 0.9855 0 0.1697 outer loop vertex 0.5689 -3.48 5.981 vertex 0.5751 -3.35 5.945 vertex 0.5689 -3.35 5.981 endloop endfacet
facet normal 0 0 -1 outer loop vertex 0.5751 -3.48 5.945 vertex 0.4319 -3.48 5.945 vertex 0.4319 -3.35 5.945 endloop endfacet
facet normal 0 0 -1 outer loop vertex 0.5751 -3.48 5.945 vertex 0.4319 -3.35 5.945 vertex 0.5751 -3.35 5.945 endloop endfacet
facet normal 0.352 0 -0.936 outer loop vertex 0.4319 -3.48 5.945 vertex 0.3601 -3.48 5.918 vertex 0.3601 -3.35 5.918 endloop endfacet
facet normal 0.352 0 -0.936 outer loop vertex 0.4319 -3.48 5.945 vertex 0.3601 -3.35 5.918 vertex 0.4319 -3.35 5.945 endloop endfacet
facet normal 0.8897 0 -0.4565 outer loop vertex 0.3601 -3.48 5.918 vertex 0.3288 -3.48 5.857 vertex 0.3288 -3.35 5.857 endloop endfacet
facet normal 0.8897 0 -0.4565 outer loop vertex 0.3601 -3.48 5.918 vertex 0.3288 -3.35 5.857 vertex 0.3601 -3.35 5.918 endloop endfacet
facet normal 0.937 0 0.3493 outer loop vertex 0.3288 -3.48 5.857 vertex 0.6639 -3.48 4.958 vertex 0.6639 -3.35 4.958 endloop endfacet
facet normal 0.937 0 0.3493 outer loop vertex 0.3288 -3.48 5.857 vertex 0.6639 -3.35 4.958 vertex 0.3288 -3.35 5.857 endloop endfacet
facet normal 0.01473 0 -0.9999 outer loop vertex 0.6639 -3.48 4.958 vertex 0.3246 -3.48 4.953 vertex 0.3246 -3.35 4.953 endloop endfacet
facet normal 0.01473 0 -0.9999 outer loop vertex 0.6639 -3.48 4.958 vertex 0.3246 -3.35 4.953 vertex 0.6639 -3.35 4.958 endloop endfacet
facet normal 0.7738 0 -0.6334 outer loop vertex 0.3246 -3.48 4.953 vertex 0.2804 -3.48 4.899 vertex 0.2804 -3.35 4.899 endloop endfacet
facet normal 0.7738 0 -0.6334 outer loop vertex 0.3246 -3.48 4.953 vertex 0.2804 -3.35 4.899 vertex 0.3246 -3.35 4.953 endloop endfacet
facet normal 1 0 -0.001026 outer loop vertex 0.2804 -3.48 4.899 vertex 0.2796 -3.48 4.119 vertex 0.2796 -3.35 4.119 endloop endfacet
facet normal 1 0 -0.001026 outer loop vertex 0.2804 -3.48 4.899 vertex 0.2796 -3.35 4.119 vertex 0.2804 -3.35 4.899 endloop endfacet
facet normal 0.744 0 0.6682 outer loop vertex 0.2796 -3.48 4.119 vertex 0.3299 -3.48 4.063 vertex 0.3299 -3.35 4.063 endloop endfacet
facet normal 0.744 0 0.6682 outer loop vertex 0.2796 -3.48 4.119 vertex 0.3299 -3.35 4.063 vertex 0.2796 -3.35 4.119 endloop endfacet
facet normal 0.2368 0 0.9716 outer loop vertex 0.3299 -3.48 4.063 vertex 0.8017 -3.48 3.948 vertex 0.8017 -3.35 3.948 endloop endfacet
facet normal 0.2368 0 0.9716 outer loop vertex 0.3299 -3.48 4.063 vertex 0.8017 -3.35 3.948 vertex 0.3299 -3.35 4.063 endloop endfacet
facet normal -0.9479 0 0.3185 outer loop vertex 0.8017 -3.48 3.948 vertex 0.8185 -3.48 3.998 vertex 0.8185 -3.35 3.998 endloop endfacet
facet normal -0.9479 0 0.3185 outer loop vertex 0.8017 -3.48 3.948 vertex 0.8185 -3.35 3.998 vertex 0.8017 -3.35 3.948 endloop endfacet
facet normal -0.274 0 0.9617 outer loop vertex 0.8185 -3.48 3.998 vertex 0.8536 -3.48 4.008 vertex 0.8536 -3.35 4.008 endloop endfacet
facet normal -0.274 0 0.9617 outer loop vertex 0.8185 -3.48 3.998 vertex 0.8536 -3.35 4.008 vertex 0.8185 -3.35 3.998 endloop endfacet
facet normal 1 0 0 outer loop vertex 0.8536 -3.48 4.008 vertex 0.8536 -3.48 3.559 vertex 0.8536 -3.35 3.559 endloop endfacet
facet normal 1 0 0 outer loop vertex 0.8536 -3.48 4.008 vertex 0.8536 -3.35 3.559 vertex 0.8536 -3.35 4.008 endloop endfacet
facet normal 0 0 -1 outer loop vertex 0.8536 -3.48 3.559 vertex 0.8191 -3.48 3.559 vertex 0.8191 -3.35 3.559 endloop endfacet
facet normal 0 0 -1 outer loop vertex 0.8536 -3.48 3.559 vertex 0.8191 -3.35 3.559 vertex 0.8536 -3.35 3.559 endloop endfacet
facet normal -0.9369 0 -0.3495 outer loop vertex 0.8191 -3.48 3.559 vertex 0.7762 -3.48 3.674 vertex 0.7762 -3.35 3.674 endloop endfacet
facet normal -0.9369 0 -0.3495 outer loop vertex 0.8191 -3.48 3.559 vertex 0.7762 -3.35 3.674 vertex 0.8191 -3.35 3.559 endloop endfacet
facet normal -0.8172 0 -0.5763 outer loop vertex 0.7762 -3.48 3.674 vertex 0.6415 -3.48 3.865 vertex 0.6415 -3.35 3.865 endloop endfacet
facet normal -0.8172 0 -0.5763 outer loop vertex 0.7762 -3.48 3.674 vertex 0.6415 -3.35 3.865 vertex 0.7762 -3.35 3.674 endloop endfacet
facet normal 0 -1 0 outer loop vertex 0.757 -3.48 4.924 vertex 1.029 -3.48 5.492 vertex 0.9707 -3.48 5.492 endloop endfacet
facet normal 0 1 0 outer loop vertex 0.757 -3.35 4.924 vertex 0.9707 -3.35 5.492 vertex 1.029 -3.35 5.492 endloop endfacet
facet normal 0 -1 0 outer loop vertex 0.757 -3.48 4.924 vertex 0.8344 -3.48 5.03 vertex 1.029 -3.48 5.492 endloop endfacet
facet normal 0 1 0 outer loop vertex 0.757 -3.35 4.924 vertex 1.029 -3.35 5.492 vertex 0.8344 -3.35 5.03 endloop endfacet
facet normal 0 -1 0 outer loop vertex 0.9748 -3.48 4.642 vertex 0.8344 -3.48 5.03 vertex 0.757 -3.48 4.924 endloop endfacet
facet normal 0 1 0 outer loop vertex 0.9748 -3.35 4.642 vertex 0.757 -3.35 4.924 vertex 0.8344 -3.35 5.03 endloop endfacet
facet normal 0 -1 0 outer loop vertex 0.9748 -3.48 4.642 vertex 0.9249 -3.48 5.051 vertex 0.8344 -3.48 5.03 endloop endfacet
facet normal 0 1 0 outer loop vertex 0.9748 -3.35 4.642 vertex 0.8344 -3.35 5.03 vertex 0.9249 -3.35 5.051 endloop endfacet
facet normal 0 -1 0 outer loop vertex 0.9249 -3.48 5.051 vertex 0.9748 -3.48 4.642 vertex 1.002 -3.48 4.65 endloop endfacet
facet normal 0 1 0 outer loop vertex 0.9249 -3.35 5.051 vertex 1.002 -3.35 4.65 vertex 0.9748 -3.35 4.642 endloop endfacet
facet normal -0.9359 0 0.3521 outer loop vertex 0.757 -3.48 4.924 vertex 0.9707 -3.48 5.492 vertex 0.9707 -3.35 5.492 endloop endfacet
facet normal -0.9359 0 0.3521 outer loop vertex 0.757 -3.48 4.924 vertex 0.9707 -3.35 5.492 vertex 0.757 -3.35 4.924 endloop endfacet
facet normal 0 0 1 outer loop vertex 0.9707 -3.48 5.492 vertex 1.029 -3.48 5.492 vertex 1.029 -3.35 5.492 endloop endfacet
facet normal 0 0 1 outer loop vertex 0.9707 -3.48 5.492 vertex 1.029 -3.35 5.492 vertex 0.9707 -3.35 5.492 endloop endfacet
facet normal 0.9216 0 -0.3882 outer loop vertex 1.029 -3.48 5.492 vertex 0.8344 -3.48 5.03 vertex 0.8344 -3.35 5.03 endloop endfacet
facet normal 0.9216 0 -0.3882 outer loop vertex 1.029 -3.48 5.492 vertex 0.8344 -3.35 5.03 vertex 1.029 -3.35 5.492 endloop endfacet
facet normal -0.226 0 0.9741 outer loop vertex 0.8344 -3.48 5.03 vertex 0.9249 -3.48 5.051 vertex 0.9249 -3.35 5.051 endloop endfacet
facet normal -0.226 0 0.9741 outer loop vertex 0.8344 -3.48 5.03 vertex 0.9249 -3.35 5.051 vertex 0.8344 -3.35 5.03 endloop endfacet
facet normal 0.982 0 0.1888 outer loop vertex 0.9249 -3.48 5.051 vertex 1.002 -3.48 4.65 vertex 1.002 -3.35 4.65 endloop endfacet
facet normal 0.982 0 0.1888 outer loop vertex 0.9249 -3.48 5.051 vertex 1.002 -3.35 4.65 vertex 0.9249 -3.35 5.051 endloop endfacet
facet normal 0.2822 0 -0.9594 outer loop vertex 1.002 -3.48 4.65 vertex 0.9748 -3.48 4.642 vertex 0.9748 -3.35 4.642 endloop endfacet
facet normal 0.2822 0 -0.9594 outer loop vertex 1.002 -3.48 4.65 vertex 0.9748 -3.35 4.642 vertex 1.002 -3.35 4.65 endloop endfacet
facet normal -0.7914 0 -0.6113 outer loop vertex 0.9748 -3.48 4.642 vertex 0.757 -3.48 4.924 vertex 0.757 -3.35 4.924 endloop endfacet
facet normal -0.7914 0 -0.6113 outer loop vertex 0.9748 -3.48 4.642 vertex 0.757 -3.35 4.924 vertex 0.9748 -3.35 4.642 endloop endfacet
facet normal 0 0 -1 outer loop vertex -0.35 1.84 1.225 vertex 0.35 1.46 1.225 vertex -0.35 1.46 1.225 endloop endfacet
facet normal 0 0 1 outer loop vertex -0.35 1.84 2.075 vertex -0.35 1.46 2.075 vertex 0.35 1.46 2.075 endloop endfacet
facet normal 0 0 -1 outer loop vertex 0.35 1.46 1.225 vertex -0.35 1.84 1.225 vertex 0.35 1.84 1.225 endloop endfacet
facet normal 0 0 1 outer loop vertex 0.35 1.46 2.075 vertex 0.35 1.84 2.075 vertex -0.35 1.84 2.075 endloop endfacet
facet normal 0 -1 0 outer loop vertex -0.35 1.46 1.225 vertex 0.35 1.46 1.225 vertex 0.35 1.46 2.075 endloop endfacet
facet normal 0 -1 0 outer loop vertex -0.35 1.46 1.225 vertex 0.35 1.46 2.075 vertex -0.35 1.46 2.075 endloop endfacet
facet normal 1 0 0 outer loop vertex 0.35 1.46 1.225 vertex 0.35 1.84 1.225 vertex 0.35 1.84 2.075 endloop endfacet
facet normal 1 0 0 outer loop vertex 0.35 1.46 1.225 vertex 0.35 1.84 2.075 vertex 0.35 1.46 2.075 endloop endfacet
facet normal 0 1 0 outer loop vertex 0.35 1.84 1.225 vertex -0.35 1.84 1.225 vertex -0.35 1.84 2.075 endloop endfacet
facet normal 0 1 0 outer loop vertex 0.35 1.84 1.225 vertex -0.35 1.84 2.075 vertex 0.35 1.84 2.075 endloop endfacet
facet normal -1 0 0 outer loop vertex -0.35 1.84 1.225 vertex -0.35 1.46 1.225 vertex -0.35 1.46 2.075 endloop endfacet
facet normal -1 0 0 outer loop vertex -0.35 1.84 1.225 vertex -0.35 1.46 2.075 vertex -0.35 1.84 2.075 endloop endfacet
facet normal 0.7071 0.7071 0 outer loop vertex 0.13 1.65 2.08 vertex 0 1.78 2.08 vertex 0 1.78 2.22 endloop endfacet
facet normal 0.7071 0.7071 0 outer loop vertex 0.13 1.65 2.08 vertex 0 1.78 2.22 vertex 0.13 1.65 2.22 endloop endfacet
facet normal 0 0 -1 outer loop vertex 0 1.65 2.08 vertex 0 1.78 2.08 vertex 0.13 1.65 2.08 endloop endfacet
facet normal 0 0 1 outer loop vertex 0 1.65 2.22 vertex 0.13 1.65 2.22 vertex 0 1.78 2.22 endloop endfacet
facet normal -0.7071 0.7071 0 outer loop vertex 0 1.78 2.08 vertex -0.13 1.65 2.08 vertex -0.13 1.65 2.22 endloop endfacet
facet normal -0.7071 0.7071 0 outer loop vertex 0 1.78 2.08 vertex -0.13 1.65 2.22 vertex 0 1.78 2.22 endloop endfacet
facet normal 0 0 -1 outer loop vertex 0 1.65 2.08 vertex -0.13 1.65 2.08 vertex 0 1.78 2.08 endloop endfacet
facet normal 0 0 1 outer loop vertex 0 1.65 2.22 vertex 0 1.78 2.22 vertex -0.13 1.65 2.22 endloop endfacet
facet normal -0.7071 -0.7071 0 outer loop vertex -0.13 1.65 2.08 vertex 0 1.52 2.08 vertex 0 1.52 2.22 endloop endfacet
facet normal -0.7071 -0.7071 0 outer loop vertex -0.13 1.65 2.08 vertex 0 1.52 2.22 vertex -0.13 1.65 2.22 endloop endfacet
facet normal 0 0 -1 outer loop vertex 0 1.65 2.08 vertex 0 1.52 2.08 vertex -0.13 1.65 2.08 endloop endfacet
facet normal 0 0 1 outer loop vertex 0 1.65 2.22 vertex -0.13 1.65 2.22 vertex 0 1.52 2.22 endloop endfacet
facet normal 0.7071 -0.7071 0 outer loop vertex 0 1.52 2.08 vertex 0.13 1.65 2.08 vertex 0.13 1.65 2.22 endloop endfacet
facet normal 0.7071 -0.7071 0 outer loop vertex 0 1.52 2.08 vertex 0.13 1.65 2.22 vertex 0 1.52 2.22 endloop endfacet
facet normal 0 0 -1 outer loop vertex 0 1.65 2.08 vertex 0.13 1.65 2.08 vertex 0 1.52 2.08 endloop endfacet
facet normal 0 0 1 outer loop vertex 0 1.65 2.22 vertex 0 1.52 2.22 vertex 0.13 1.65 2.22 endloop endfacet
facet normal -0.5965 0.6461 0.4762 outer loop vertex -0.1419 1.863 2.46 vertex -0.2297 1.65 2.639 vertex 0 1.781 2.749 endloop endfacet
facet normal 0 0.962 0.273 outer loop vertex -0.1419 1.863 2.46 vertex 0 1.781 2.749 vertex 0.1419 1.863 2.46 endloop endfacet
facet normal 0 0.962 -0.273 outer loop vertex -0.1419 1.863 2.46 vertex 0.1419 1.863 2.46 vertex 0 1.781 2.171 endloop endfacet
facet normal -0.5965 0.6461 -0.4762 outer loop vertex -0.1419 1.863 2.46 vertex 0 1.781 2.171 vertex -0.2297 1.65 2.281 endloop endfacet
facet normal -0.9245 0.3811 0 outer loop vertex -0.1419 1.863 2.46 vertex -0.2297 1.65 2.281 vertex -0.2297 1.65 2.639 endloop endfacet
facet normal 0.5965 0.6461 0.4762 outer loop vertex 0.1419 1.863 2.46 vertex 0 1.781 2.749 vertex 0.2297 1.65 2.639 endloop endfacet
facet normal -0.4319 0 0.9019 outer loop vertex 0 1.781 2.749 vertex -0.2297 1.65 2.639 vertex 0 1.519 2.749 endloop endfacet
facet normal -0.9245 -0.3811 0 outer loop vertex -0.2297 1.65 2.639 vertex -0.2297 1.65 2.281 vertex -0.1419 1.437 2.46 endloop endfacet
facet normal -0.4319 0 -0.9019 outer loop vertex -0.2297 1.65 2.281 vertex 0 1.781 2.171 vertex 0 1.519 2.171 endloop endfacet
facet normal 0.5965 0.6461 -0.4762 outer loop vertex 0 1.781 2.171 vertex 0.1419 1.863 2.46 vertex 0.2297 1.65 2.281 endloop endfacet
facet normal 0.5965 -0.6461 0.4762 outer loop vertex 0.1419 1.437 2.46 vertex 0.2297 1.65 2.639 vertex 0 1.519 2.749 endloop endfacet
facet normal 0 -0.962 0.273 outer loop vertex 0.1419 1.437 2.46 vertex 0 1.519 2.749 vertex -0.1419 1.437 2.46 endloop endfacet
facet normal 0 -0.962 -0.273 outer loop vertex 0.1419 1.437 2.46 vertex -0.1419 1.437 2.46 vertex 0 1.519 2.171 endloop endfacet
facet normal 0.5965 -0.6461 -0.4762 outer loop vertex 0.1419 1.437 2.46 vertex 0 1.519 2.171 vertex 0.2297 1.65 2.281 endloop endfacet
facet normal 0.9245 -0.3811 0 outer loop vertex 0.1419 1.437 2.46 vertex 0.2297 1.65 2.281 vertex 0.2297 1.65 2.639 endloop endfacet
facet normal 0.4319 0 0.9019 outer loop vertex 0 1.519 2.749 vertex 0.2297 1.65 2.639 vertex 0 1.781 2.749 endloop endfacet
facet normal -0.5965 -0.6461 0.4762 outer loop vertex -0.1419 1.437 2.46 vertex 0 1.519 2.749 vertex -0.2297 1.65 2.639 endloop endfacet
facet normal -0.5965 -0.6461 -0.4762 outer loop vertex 0 1.519 2.171 vertex -0.1419 1.437 2.46 vertex -0.2297 1.65 2.281 endloop endfacet
facet normal 0.4319 0 -0.9019 outer loop vertex 0.2297 1.65 2.281 vertex 0 1.519 2.171 vertex 0 1.781 2.171 endloop endfacet
facet normal 0.9245 0.3811 0 outer loop vertex 0.2297 1.65 2.639 vertex 0.2297 1.65 2.281 vertex 0.1419 1.863 2.46 endloop endfacet
facet normal -0.493 0.5741 0.6538 outer loop vertex -0.1525 1.818 2.58 vertex -0.2467 1.605 2.696 vertex 0 1.736 2.767 endloop endfacet
facet normal 0 0.9158 0.4016 outer loop vertex -0.1525 1.818 2.58 vertex 0 1.736 2.767 vertex 0.1525 1.818 2.58 endloop endfacet
facet normal 0 0.9158 -0.4016 outer loop vertex -0.1525 1.818 2.58 vertex 0.1525 1.818 2.58 vertex 0 1.736 2.393 endloop endfacet
facet normal -0.493 0.5741 -0.6538 outer loop vertex -0.1525 1.818 2.58 vertex 0 1.736 2.393 vertex -0.2467 1.605 2.464 endloop endfacet
facet normal -0.9146 0.4045 0 outer loop vertex -0.1525 1.818 2.58 vertex -0.2467 1.605 2.464 vertex -0.2467 1.605 2.696 endloop endfacet
facet normal 0.493 0.5741 0.6538 outer loop vertex 0.1525 1.818 2.58 vertex 0 1.736 2.767 vertex 0.2467 1.605 2.696 endloop endfacet
facet normal -0.2766 0 0.961 outer loop vertex 0 1.736 2.767 vertex -0.2467 1.605 2.696 vertex 0 1.474 2.767 endloop endfacet
facet normal -0.9146 -0.4045 0 outer loop vertex -0.2467 1.605 2.696 vertex -0.2467 1.605 2.464 vertex -0.1525 1.392 2.58 endloop endfacet
facet normal -0.2766 0 -0.961 outer loop vertex -0.2467 1.605 2.464 vertex 0 1.736 2.393 vertex 0 1.474 2.393 endloop endfacet
facet normal 0.493 0.5741 -0.6538 outer loop vertex 0 1.736 2.393 vertex 0.1525 1.818 2.58 vertex 0.2467 1.605 2.464 endloop endfacet
facet normal 0.493 -0.5741 0.6538 outer loop vertex 0.1525 1.392 2.58 vertex 0.2467 1.605 2.696 vertex 0 1.474 2.767 endloop endfacet
facet normal 0 -0.9158 0.4016 outer loop vertex 0.1525 1.392 2.58 vertex 0 1.474 2.767 vertex -0.1525 1.392 2.58 endloop endfacet
facet normal 0 -0.9158 -0.4016 outer loop vertex 0.1525 1.392 2.58 vertex -0.1525 1.392 2.58 vertex 0 1.474 2.393 endloop endfacet
facet normal 0.493 -0.5741 -0.6538 outer loop vertex 0.1525 1.392 2.58 vertex 0 1.474 2.393 vertex 0.2467 1.605 2.464 endloop endfacet
facet normal 0.9146 -0.4045 0 outer loop vertex 0.1525 1.392 2.58 vertex 0.2467 1.605 2.464 vertex 0.2467 1.605 2.696 endloop endfacet
facet normal 0.2766 0 0.961 outer loop vertex 0 1.474 2.767 vertex 0.2467 1.605 2.696 vertex 0 1.736 2.767 endloop endfacet
facet normal -0.493 -0.5741 0.6538 outer loop vertex -0.1525 1.392 2.58 vertex 0 1.474 2.767 vertex -0.2467 1.605 2.696 endloop endfacet
facet normal -0.493 -0.5741 -0.6538 outer loop vertex 0 1.474 2.393 vertex -0.1525 1.392 2.58 vertex -0.2467 1.605 2.464 endloop endfacet
facet normal 0.2766 0 -0.961 outer loop vertex 0.2467 1.605 2.464 vertex 0 1.474 2.393 vertex 0 1.736 2.393 endloop endfacet
facet normal 0.9146 0.4045 0 outer loop vertex 0.2467 1.605 2.696 vertex 0.2467 1.605 2.464 vertex 0.1525 1.818 2.58 endloop endfacet
facet normal 0 0 -1 outer loop vertex -0.05 1.94 2.395 vertex 0.05 1.84 2.395 vertex -0.05 1.84 2.395 endloop endfacet
facet normal 0 0 1 outer loop vertex -0.05 1.94 2.525 vertex -0.05 1.84 2.525 vertex 0.05 1.84 2.525 endloop endfacet
facet normal 0 0 -1 outer loop vertex 0.05 1.84 2.395 vertex -0.05 1.94 2.395 vertex 0.05 1.94 2.395 endloop endfacet
facet normal 0 0 1 outer loop vertex 0.05 1.84 2.525 vertex 0.05 1.94 2.525 vertex -0.05 1.94 2.525 endloop endfacet
facet normal 0 -1 0 outer loop vertex -0.05 1.84 2.395 vertex 0.05 1.84 2.395 vertex 0.05 1.84 2.525 endloop endfacet
facet normal 0 -1 0 outer loop vertex -0.05 1.84 2.395 vertex 0.05 1.84 2.525 vertex -0.05 1.84 2.525 endloop endfacet
facet normal 1 0 0 outer loop vertex 0.05 1.84 2.395 vertex 0.05 1.94 2.395 vertex 0.05 1.94 2.525 endloop endfacet
facet normal 1 0 0 outer loop vertex 0.05 1.84 2.395 vertex 0.05 1.94 2.525 vertex 0.05 1.84 2.525 endloop endfacet
facet normal 0 1 0 outer loop vertex 0.05 1.94 2.395 vertex -0.05 1.94 2.395 vertex -0.05 1.94 2.525 endloop endfacet
facet normal 0 1 0 outer loop vertex 0.05 1.94 2.395 vertex -0.05 1.94 2.525 vertex 0.05 1.94 2.525 endloop endfacet
facet normal -1 0 0 outer loop vertex -0.05 1.94 2.395 vertex -0.05 1.84 2.395 vertex -0.05 1.84 2.525 endloop endfacet
facet normal -1 0 0 outer loop vertex -0.05 1.94 2.395 vertex -0.05 1.84 2.525 vertex -0.05 1.94 2.525 endloop endfacet
facet normal -0.7133 0.6992 0.04908 outer loop vertex -0.3267 1.65 1.209 vertex -0.2046 1.778 1.16 vertex -0.3446 1.678 0.55 endloop endfacet
facet normal -0.7132 0.6992 0.04908 outer loop vertex -0.3267 1.65 1.209 vertex -0.3446 1.678 0.55 vertex -0.4667 1.55 0.5991 endloop endfacet
facet normal 0.2203 0.1583 0.9625 outer loop vertex -0.2 1.65 1.18 vertex -0.2046 1.778 1.16 vertex -0.3267 1.65 1.209 endloop endfacet
facet normal -0.221 -0.1583 -0.9623 outer loop vertex -0.34 1.55 0.57 vertex -0.4667 1.55 0.5991 vertex -0.3446 1.678 0.55 endloop endfacet
facet normal 0.6633 0.6992 -0.2668 outer loop vertex -0.2046 1.778 1.16 vertex -0.07329 1.65 1.151 vertex -0.2133 1.55 0.5409 endloop endfacet
facet normal 0.6632 0.6993 -0.2668 outer loop vertex -0.2046 1.778 1.16 vertex -0.2133 1.55 0.5409 vertex -0.3446 1.678 0.55 endloop endfacet
facet normal 0.2203 0.1583 0.9625 outer loop vertex -0.2 1.65 1.18 vertex -0.07329 1.65 1.151 vertex -0.2046 1.778 1.16 endloop endfacet
facet normal -0.221 -0.1583 -0.9623 outer loop vertex -0.34 1.55 0.57 vertex -0.3446 1.678 0.55 vertex -0.2133 1.55 0.5409 endloop endfacet
facet normal 0.7132 -0.6992 -0.04907 outer loop vertex -0.07329 1.65 1.151 vertex -0.1954 1.522 1.2 vertex -0.3354 1.422 0.59 endloop endfacet
facet normal 0.7132 -0.6992 -0.04908 outer loop vertex -0.07329 1.65 1.151 vertex -0.3354 1.422 0.59 vertex -0.2133 1.55 0.5409 endloop endfacet
facet normal 0.2203 0.1583 0.9625 outer loop vertex -0.2 1.65 1.18 vertex -0.1954 1.522 1.2 vertex -0.07329 1.65 1.151 endloop endfacet
facet normal -0.221 -0.1583 -0.9623 outer loop vertex -0.34 1.55 0.57 vertex -0.2133 1.55 0.5409 vertex -0.3354 1.422 0.59 endloop endfacet
facet normal -0.6633 -0.6992 0.2669 outer loop vertex -0.1954 1.522 1.2 vertex -0.3267 1.65 1.209 vertex -0.4667 1.55 0.5991 endloop endfacet
facet normal -0.6632 -0.6993 0.2668 outer loop vertex -0.1954 1.522 1.2 vertex -0.4667 1.55 0.5991 vertex -0.3354 1.422 0.59 endloop endfacet
facet normal 0.2203 0.1583 0.9625 outer loop vertex -0.2 1.65 1.18 vertex -0.3267 1.65 1.209 vertex -0.1954 1.522 1.2 endloop endfacet
facet normal -0.221 -0.1583 -0.9623 outer loop vertex -0.34 1.55 0.57 vertex -0.3354 1.422 0.59 vertex -0.4667 1.55 0.5991 endloop endfacet
facet normal -0.8989 0.178 0.4003 outer loop vertex -0.4324 1.5 0.57 vertex -0.381 1.626 0.6294 vertex -0.521 1.886 0.1994 endloop endfacet
facet normal -0.8989 0.178 0.4003 outer loop vertex -0.4324 1.5 0.57 vertex -0.521 1.886 0.1994 vertex -0.5724 1.76 0.14 endloop endfacet
facet normal 0.2697 -0.4984 0.8239 outer loop vertex -0.34 1.55 0.57 vertex -0.381 1.626 0.6294 vertex -0.4324 1.5 0.57 endloop endfacet
facet normal -0.2697 0.4984 -0.8239 outer loop vertex -0.48 1.81 0.14 vertex -0.5724 1.76 0.14 vertex -0.521 1.886 0.1994 endloop endfacet
facet normal 0.3441 0.8489 0.4012 outer loop vertex -0.381 1.626 0.6294 vertex -0.2476 1.6 0.57 vertex -0.3876 1.86 0.14 endloop endfacet
facet normal 0.3441 0.8489 0.4012 outer loop vertex -0.381 1.626 0.6294 vertex -0.3876 1.86 0.14 vertex -0.521 1.886 0.1994 endloop endfacet
facet normal 0.2697 -0.4984 0.8239 outer loop vertex -0.34 1.55 0.57 vertex -0.2476 1.6 0.57 vertex -0.381 1.626 0.6294 endloop endfacet
facet normal -0.2697 0.4984 -0.8239 outer loop vertex -0.48 1.81 0.14 vertex -0.521 1.886 0.1994 vertex -0.3876 1.86 0.14 endloop endfacet
facet normal 0.8989 -0.178 -0.4003 outer loop vertex -0.2476 1.6 0.57 vertex -0.299 1.474 0.5106 vertex -0.439 1.734 0.08056 endloop endfacet
facet normal 0.899 -0.1779 -0.4003 outer loop vertex -0.2476 1.6 0.57 vertex -0.439 1.734 0.08056 vertex -0.3876 1.86 0.14 endloop endfacet
facet normal 0.2697 -0.4984 0.8239 outer loop vertex -0.34 1.55 0.57 vertex -0.299 1.474 0.5106 vertex -0.2476 1.6 0.57 endloop endfacet
facet normal -0.2698 0.4987 -0.8237 outer loop vertex -0.48 1.81 0.14 vertex -0.3876 1.86 0.14 vertex -0.439 1.734 0.08056 endloop endfacet
facet normal -0.3441 -0.8489 -0.4012 outer loop vertex -0.299 1.474 0.5106 vertex -0.4324 1.5 0.57 vertex -0.5724 1.76 0.14 endloop endfacet
facet normal -0.3442 -0.8489 -0.4012 outer loop vertex -0.299 1.474 0.5106 vertex -0.5724 1.76 0.14 vertex -0.439 1.734 0.08056 endloop endfacet
facet normal 0.2697 -0.4984 0.8239 outer loop vertex -0.34 1.55 0.57 vertex -0.4324 1.5 0.57 vertex -0.299 1.474 0.5106 endloop endfacet
facet normal -0.2698 0.4987 -0.8237 outer loop vertex -0.48 1.81 0.14 vertex -0.439 1.734 0.08056 vertex -0.5724 1.76 0.14 endloop endfacet
facet normal 0 0 -1 outer loop vertex -0.595 2.13 0 vertex -0.365 1.73 0 vertex -0.595 1.73 0 endloop endfacet
facet normal 0 0 1 outer loop vertex -0.595 2.13 0.14 vertex -0.595 1.73 0.14 vertex -0.365 1.73 0.14 endloop endfacet
facet normal 0 0 -1 outer loop vertex -0.365 1.73 0 vertex -0.595 2.13 0 vertex -0.365 2.13 0 endloop endfacet
facet normal 0 0 1 outer loop vertex -0.365 1.73 0.14 vertex -0.365 2.13 0.14 vertex -0.595 2.13 0.14 endloop endfacet
facet normal 0 -1 0 outer loop vertex -0.595 1.73 0 vertex -0.365 1.73 0 vertex -0.365 1.73 0.14 endloop endfacet
facet normal 0 -1 0 outer loop vertex -0.595 1.73 0 vertex -0.365 1.73 0.14 vertex -0.595 1.73 0.14 endloop endfacet
facet normal 1 0 0 outer loop vertex -0.365 1.73 0 vertex -0.365 2.13 0 vertex -0.365 2.13 0.14 endloop endfacet
facet normal 1 0 0 outer loop vertex -0.365 1.73 0 vertex -0.365 2.13 0.14 vertex -0.365 1.73 0.14 endloop endfacet
facet normal 0 1 0 outer loop vertex -0.365 2.13 0 vertex -0.595 2.13 0 vertex -0.595 2.13 0.14 endloop endfacet
facet normal 0 1 0 outer loop vertex -0.365 2.13 0 vertex -0.595 2.13 0.14 vertex -0.365 2.13 0.14 endloop endfacet
facet normal -1 0 0 outer loop vertex -0.595 2.13 0 vertex -0.595 1.73 0 vertex -0.595 1.73 0.14 endloop endfacet
facet normal -1 0 0 outer loop vertex -0.595 2.13 0 vertex -0.595 1.73 0.14 vertex -0.595 2.13 0.14 endloop endfacet
facet normal -0.8887 -0.1291 0.44 outer loop vertex -0.4788 1.589 1.98 vertex -0.4681 1.696 2.033 vertex -0.6981 1.916 1.633 endloop endfacet
facet normal -0.8887 -0.1291 0.44 outer loop vertex -0.4788 1.589 1.98 vertex -0.6981 1.916 1.633 vertex -0.7088 1.809 1.58 endloop endfacet
facet normal 0.4485 -0.4323 0.7823 outer loop vertex -0.42 1.65 1.98 vertex -0.4681 1.696 2.033 vertex -0.4788 1.589 1.98 endloop endfacet
facet normal -0.4485 0.4323 -0.7823 outer loop vertex -0.65 1.87 1.58 vertex -0.7088 1.809 1.58 vertex -0.6981 1.916 1.633 endloop endfacet
facet normal 0.09207 0.8939 0.4387 outer loop vertex -0.4681 1.696 2.033 vertex -0.3612 1.711 1.98 vertex -0.5912 1.931 1.58 endloop endfacet
facet normal 0.09207 0.8939 0.4387 outer loop vertex -0.4681 1.696 2.033 vertex -0.5912 1.931 1.58 vertex -0.6981 1.916 1.633 endloop endfacet
facet normal 0.4485 -0.4323 0.7823 outer loop vertex -0.42 1.65 1.98 vertex -0.3612 1.711 1.98 vertex -0.4681 1.696 2.033 endloop endfacet
facet normal -0.4485 0.4323 -0.7823 outer loop vertex -0.65 1.87 1.58 vertex -0.6981 1.916 1.633 vertex -0.5912 1.931 1.58 endloop endfacet
facet normal 0.8887 0.1291 -0.44 outer loop vertex -0.3612 1.711 1.98 vertex -0.3719 1.604 1.927 vertex -0.6019 1.824 1.527 endloop endfacet
facet normal 0.8887 0.1291 -0.44 outer loop vertex -0.3612 1.711 1.98 vertex -0.6019 1.824 1.527 vertex -0.5912 1.931 1.58 endloop endfacet
facet normal 0.4485 -0.4323 0.7823 outer loop vertex -0.42 1.65 1.98 vertex -0.3719 1.604 1.927 vertex -0.3612 1.711 1.98 endloop endfacet
facet normal -0.4485 0.4323 -0.7823 outer loop vertex -0.65 1.87 1.58 vertex -0.5912 1.931 1.58 vertex -0.6019 1.824 1.527 endloop endfacet
facet normal -0.09207 -0.8939 -0.4387 outer loop vertex -0.3719 1.604 1.927 vertex -0.4788 1.589 1.98 vertex -0.7088 1.809 1.58 endloop endfacet
facet normal -0.09207 -0.8939 -0.4387 outer loop vertex -0.3719 1.604 1.927 vertex -0.7088 1.809 1.58 vertex -0.6019 1.824 1.527 endloop endfacet
facet normal 0.4485 -0.4323 0.7823 outer loop vertex -0.42 1.65 1.98 vertex -0.4788 1.589 1.98 vertex -0.3719 1.604 1.927 endloop endfacet
facet normal -0.4485 0.4323 -0.7823 outer loop vertex -0.65 1.87 1.58 vertex -0.6019 1.824 1.527 vertex -0.7088 1.809 1.58 endloop endfacet
facet normal -0.7362 0.1325 0.6637 outer loop vertex -0.7112 1.904 1.58 vertex -0.6616 1.849 1.646 vertex -0.4616 2.209 1.796 endloop endfacet
facet normal -0.7362 0.1325 0.6637 outer loop vertex -0.7112 1.904 1.58 vertex -0.4616 2.209 1.796 vertex -0.5112 2.264 1.73 endloop endfacet
facet normal -0.4564 -0.8216 -0.3416 outer loop vertex -0.65 1.87 1.58 vertex -0.6616 1.849 1.646 vertex -0.7112 1.904 1.58 endloop endfacet
facet normal 0.4564 0.8216 0.3416 outer loop vertex -0.45 2.23 1.73 vertex -0.5112 2.264 1.73 vertex -0.4616 2.209 1.796 endloop endfacet
facet normal 0.502 -0.5552 0.6631 outer loop vertex -0.6616 1.849 1.646 vertex -0.5888 1.836 1.58 vertex -0.3888 2.196 1.73 endloop endfacet
facet normal 0.502 -0.5552 0.6631 outer loop vertex -0.6616 1.849 1.646 vertex -0.3888 2.196 1.73 vertex -0.4616 2.209 1.796 endloop endfacet
facet normal -0.4564 -0.8216 -0.3416 outer loop vertex -0.65 1.87 1.58 vertex -0.5888 1.836 1.58 vertex -0.6616 1.849 1.646 endloop endfacet
facet normal 0.4564 0.8216 0.3416 outer loop vertex -0.45 2.23 1.73 vertex -0.4616 2.209 1.796 vertex -0.3888 2.196 1.73 endloop endfacet
facet normal 0.7362 -0.1325 -0.6637 outer loop vertex -0.5888 1.836 1.58 vertex -0.6384 1.891 1.514 vertex -0.4384 2.251 1.664 endloop endfacet
facet normal 0.7362 -0.1325 -0.6637 outer loop vertex -0.5888 1.836 1.58 vertex -0.4384 2.251 1.664 vertex -0.3888 2.196 1.73 endloop endfacet
facet normal -0.4564 -0.8216 -0.3416 outer loop vertex -0.65 1.87 1.58 vertex -0.6384 1.891 1.514 vertex -0.5888 1.836 1.58 endloop endfacet
facet normal 0.4564 0.8216 0.3416 outer loop vertex -0.45 2.23 1.73 vertex -0.3888 2.196 1.73 vertex -0.4384 2.251 1.664 endloop endfacet
facet normal -0.502 0.5552 -0.6631 outer loop vertex -0.6384 1.891 1.514 vertex -0.7112 1.904 1.58 vertex -0.5112 2.264 1.73 endloop endfacet
facet normal -0.502 0.5552 -0.6631 outer loop vertex -0.6384 1.891 1.514 vertex -0.5112 2.264 1.73 vertex -0.4384 2.251 1.664 endloop endfacet
facet normal -0.4564 -0.8216 -0.3416 outer loop vertex -0.65 1.87 1.58 vertex -0.7112 1.904 1.58 vertex -0.6384 1.891 1.514 endloop endfacet
facet normal 0.4564 0.8216 0.3416 outer loop vertex -0.45 2.23 1.73 vertex -0.4384 2.251 1.664 vertex -0.5112 2.264 1.73 endloop endfacet
facet normal -0.5925 0.6194 0.515 outer loop vertex -0.5052 2.315 1.73 vertex -0.5393 2.23 1.793 vertex -0.45 2.283 1.832 endloop endfacet
facet normal 0 0.9541 0.2993 outer loop vertex -0.5052 2.315 1.73 vertex -0.45 2.283 1.832 vertex -0.3948 2.315 1.73 endloop endfacet
facet normal 0 0.9541 -0.2993 outer loop vertex -0.5052 2.315 1.73 vertex -0.3948 2.315 1.73 vertex -0.45 2.283 1.628 endloop endfacet
facet normal -0.5925 0.6194 -0.515 outer loop vertex -0.5052 2.315 1.73 vertex -0.45 2.283 1.628 vertex -0.5393 2.23 1.667 endloop endfacet
facet normal -0.9281 0.3723 0 outer loop vertex -0.5052 2.315 1.73 vertex -0.5393 2.23 1.667 vertex -0.5393 2.23 1.793 endloop endfacet
facet normal 0.5925 0.6194 0.515 outer loop vertex -0.3948 2.315 1.73 vertex -0.45 2.283 1.832 vertex -0.3607 2.23 1.793 endloop endfacet
facet normal -0.4002 0 0.9164 outer loop vertex -0.45 2.283 1.832 vertex -0.5393 2.23 1.793 vertex -0.45 2.177 1.832 endloop endfacet
facet normal -0.9281 -0.3723 0 outer loop vertex -0.5393 2.23 1.793 vertex -0.5393 2.23 1.667 vertex -0.5052 2.145 1.73 endloop endfacet
facet normal -0.4002 0 -0.9164 outer loop vertex -0.5393 2.23 1.667 vertex -0.45 2.283 1.628 vertex -0.45 2.177 1.628 endloop endfacet
facet normal 0.5925 0.6194 -0.515 outer loop vertex -0.45 2.283 1.628 vertex -0.3948 2.315 1.73 vertex -0.3607 2.23 1.667 endloop endfacet
facet normal 0.5925 -0.6194 0.515 outer loop vertex -0.3948 2.145 1.73 vertex -0.3607 2.23 1.793 vertex -0.45 2.177 1.832 endloop endfacet
facet normal 0 -0.9541 0.2993 outer loop vertex -0.3948 2.145 1.73 vertex -0.45 2.177 1.832 vertex -0.5052 2.145 1.73 endloop endfacet
facet normal 0 -0.9541 -0.2993 outer loop vertex -0.3948 2.145 1.73 vertex -0.5052 2.145 1.73 vertex -0.45 2.177 1.628 endloop endfacet
facet normal 0.5925 -0.6194 -0.515 outer loop vertex -0.3948 2.145 1.73 vertex -0.45 2.177 1.628 vertex -0.3607 2.23 1.667 endloop endfacet
facet normal 0.9281 -0.3723 0 outer loop vertex -0.3948 2.145 1.73 vertex -0.3607 2.23 1.667 vertex -0.3607 2.23 1.793 endloop endfacet
facet normal 0.4002 0 0.9164 outer loop vertex -0.45 2.177 1.832 vertex -0.3607 2.23 1.793 vertex -0.45 2.283 1.832 endloop endfacet
facet normal -0.5925 -0.6194 0.515 outer loop vertex -0.5052 2.145 1.73 vertex -0.45 2.177 1.832 vertex -0.5393 2.23 1.793 endloop endfacet
facet normal -0.5925 -0.6194 -0.515 outer loop vertex -0.45 2.177 1.628 vertex -0.5052 2.145 1.73 vertex -0.5393 2.23 1.667 endloop endfacet
facet normal 0.4002 0 -0.9164 outer loop vertex -0.3607 2.23 1.667 vertex -0.45 2.177 1.628 vertex -0.45 2.283 1.628 endloop endfacet
facet normal 0.9281 0.3723 0 outer loop vertex -0.3607 2.23 1.793 vertex -0.3607 2.23 1.667 vertex -0.3948 2.315 1.73 endloop endfacet
facet normal -0.7132 0.6992 -0.04907 outer loop vertex 0.07329 1.65 1.151 vertex 0.1954 1.778 1.2 vertex 0.3354 1.878 0.59 endloop endfacet
facet normal -0.7132 0.6992 -0.04908 outer loop vertex 0.07329 1.65 1.151 vertex 0.3354 1.878 0.59 vertex 0.2133 1.75 0.5409 endloop endfacet
facet normal -0.2203 -0.1583 0.9625 outer loop vertex 0.2 1.65 1.18 vertex 0.1954 1.778 1.2 vertex 0.07329 1.65 1.151 endloop endfacet
facet normal 0.221 0.1583 -0.9623 outer loop vertex 0.34 1.75 0.57 vertex 0.2133 1.75 0.5409 vertex 0.3354 1.878 0.59 endloop endfacet
facet normal 0.6633 0.6992 0.2669 outer loop vertex 0.1954 1.778 1.2 vertex 0.3267 1.65 1.209 vertex 0.4667 1.75 0.5991 endloop endfacet
facet normal 0.6632 0.6993 0.2668 outer loop vertex 0.1954 1.778 1.2 vertex 0.4667 1.75 0.5991 vertex 0.3354 1.878 0.59 endloop endfacet
facet normal -0.2203 -0.1583 0.9625 outer loop vertex 0.2 1.65 1.18 vertex 0.3267 1.65 1.209 vertex 0.1954 1.778 1.2 endloop endfacet
facet normal 0.221 0.1583 -0.9623 outer loop vertex 0.34 1.75 0.57 vertex 0.3354 1.878 0.59 vertex 0.4667 1.75 0.5991 endloop endfacet
facet normal 0.7133 -0.6992 0.04908 outer loop vertex 0.3267 1.65 1.209 vertex 0.2046 1.522 1.16 vertex 0.3446 1.622 0.55 endloop endfacet
facet normal 0.7132 -0.6992 0.04908 outer loop vertex 0.3267 1.65 1.209 vertex 0.3446 1.622 0.55 vertex 0.4667 1.75 0.5991 endloop endfacet
facet normal -0.2203 -0.1583 0.9625 outer loop vertex 0.2 1.65 1.18 vertex 0.2046 1.522 1.16 vertex 0.3267 1.65 1.209 endloop endfacet
facet normal 0.221 0.1583 -0.9623 outer loop vertex 0.34 1.75 0.57 vertex 0.4667 1.75 0.5991 vertex 0.3446 1.622 0.55 endloop endfacet
facet normal -0.6633 -0.6992 -0.2668 outer loop vertex 0.2046 1.522 1.16 vertex 0.07329 1.65 1.151 vertex 0.2133 1.75 0.5409 endloop endfacet
facet normal -0.6632 -0.6993 -0.2668 outer loop vertex 0.2046 1.522 1.16 vertex 0.2133 1.75 0.5409 vertex 0.3446 1.622 0.55 endloop endfacet
facet normal -0.2203 -0.1583 0.9625 outer loop vertex 0.2 1.65 1.18 vertex 0.07329 1.65 1.151 vertex 0.2046 1.522 1.16 endloop endfacet
facet normal 0.221 0.1583 -0.9623 outer loop vertex 0.34 1.75 0.57 vertex 0.3446 1.622 0.55 vertex 0.2133 1.75 0.5409 endloop endfacet
facet normal -0.7011 0.701 -0.1305 outer loop vertex 0.2402 1.75 0.5375 vertex 0.3357 1.854 0.5831 vertex 0.4757 1.914 0.1531 endloop endfacet
facet normal -0.7011 0.701 -0.1305 outer loop vertex 0.2402 1.75 0.5375 vertex 0.4757 1.914 0.1531 vertex 0.3802 1.81 0.1075 endloop endfacet
facet normal -0.307 -0.1314 0.9426 outer loop vertex 0.34 1.75 0.57 vertex 0.3357 1.854 0.5831 vertex 0.2402 1.75 0.5375 endloop endfacet
facet normal 0.307 0.1314 -0.9426 outer loop vertex 0.48 1.81 0.14 vertex 0.3802 1.81 0.1075 vertex 0.4757 1.914 0.1531 endloop endfacet
facet normal 0.6433 0.7012 0.3073 outer loop vertex 0.3357 1.854 0.5831 vertex 0.4398 1.75 0.6025 vertex 0.5798 1.81 0.1725 endloop endfacet
facet normal 0.6433 0.7012 0.3073 outer loop vertex 0.3357 1.854 0.5831 vertex 0.5798 1.81 0.1725 vertex 0.4757 1.914 0.1531 endloop endfacet
facet normal -0.307 -0.1314 0.9426 outer loop vertex 0.34 1.75 0.57 vertex 0.4398 1.75 0.6025 vertex 0.3357 1.854 0.5831 endloop endfacet
facet normal 0.307 0.1314 -0.9426 outer loop vertex 0.48 1.81 0.14 vertex 0.4757 1.914 0.1531 vertex 0.5798 1.81 0.1725 endloop endfacet
facet normal 0.7011 -0.701 0.1305 outer loop vertex 0.4398 1.75 0.6025 vertex 0.3443 1.646 0.5569 vertex 0.4843 1.706 0.1269 endloop endfacet
facet normal 0.7011 -0.701 0.1305 outer loop vertex 0.4398 1.75 0.6025 vertex 0.4843 1.706 0.1269 vertex 0.5798 1.81 0.1725 endloop endfacet
facet normal -0.307 -0.1314 0.9426 outer loop vertex 0.34 1.75 0.57 vertex 0.3443 1.646 0.5569 vertex 0.4398 1.75 0.6025 endloop endfacet
facet normal 0.307 0.1314 -0.9426 outer loop vertex 0.48 1.81 0.14 vertex 0.5798 1.81 0.1725 vertex 0.4843 1.706 0.1269 endloop endfacet
facet normal -0.6433 -0.7012 -0.3073 outer loop vertex 0.3443 1.646 0.5569 vertex 0.2402 1.75 0.5375 vertex 0.3802 1.81 0.1075 endloop endfacet
facet normal -0.6433 -0.7012 -0.3073 outer loop vertex 0.3443 1.646 0.5569 vertex 0.3802 1.81 0.1075 vertex 0.4843 1.706 0.1269 endloop endfacet
facet normal -0.307 -0.1314 0.9426 outer loop vertex 0.34 1.75 0.57 vertex 0.2402 1.75 0.5375 vertex 0.3443 1.646 0.5569 endloop endfacet
facet normal 0.307 0.1314 -0.9426 outer loop vertex 0.48 1.81 0.14 vertex 0.4843 1.706 0.1269 vertex 0.3802 1.81 0.1075 endloop endfacet
facet normal 0 0 -1 outer loop vertex 0.365 2.13 0 vertex 0.595 1.73 0 vertex 0.365 1.73 0 endloop endfacet
facet normal 0 0 1 outer loop vertex 0.365 2.13 0.14 vertex 0.365 1.73 0.14 vertex 0.595 1.73 0.14 endloop endfacet
facet normal 0 0 -1 outer loop vertex 0.595 1.73 0 vertex 0.365 2.13 0 vertex 0.595 2.13 0 endloop endfacet
facet normal 0 0 1 outer loop vertex 0.595 1.73 0.14 vertex 0.595 2.13 0.14 vertex 0.365 2.13 0.14 endloop endfacet
facet normal 0 -1 0 outer loop vertex 0.365 1.73 0 vertex 0.595 1.73 0 vertex 0.595 1.73 0.14 endloop endfacet
facet normal 0 -1 0 outer loop vertex 0.365 1.73 0 vertex 0.595 1.73 0.14 vertex 0.365 1.73 0.14 endloop endfacet
facet normal 1 0 0 outer loop vertex 0.595 1.73 0 vertex 0.595 2.13 0 vertex 0.595 2.13 0.14 endloop endfacet
facet normal 1 0 0 outer loop vertex 0.595 1.73 0 vertex 0.595 2.13 0.14 vertex 0.595 1.73 0.14 endloop endfacet
facet normal 0 1 0 outer loop vertex 0.595 2.13 0 vertex 0.365 2.13 0 vertex 0.365 2.13 0.14 endloop endfacet
facet normal 0 1 0 outer loop vertex 0.595 2.13 0 vertex 0.365 2.13 0.14 vertex 0.595 2.13 0.14 endloop endfacet
facet normal -1 0 0 outer loop vertex 0.365 2.13 0 vertex 0.365 1.73 0 vertex 0.365 1.73 0.14 endloop endfacet
facet normal -1 0 0 outer loop vertex 0.365 2.13 0 vertex 0.365 1.73 0.14 vertex 0.365 2.13 0.14 endloop endfacet
facet normal -0.8056 0.2518 0.5362 outer loop vertex 0.3656 1.715 1.98 vertex 0.3776 1.615 2.045 vertex 0.5576 1.765 2.245 endloop endfacet
facet normal -0.8056 0.2518 0.5362 outer loop vertex 0.3656 1.715 1.98 vertex 0.5576 1.765 2.245 vertex 0.5456 1.865 2.18 endloop endfacet
facet normal -0.5855 -0.49 -0.6458 outer loop vertex 0.42 1.65 1.98 vertex 0.3776 1.615 2.045 vertex 0.3656 1.715 1.98 endloop endfacet
facet normal 0.5855 0.49 0.6458 outer loop vertex 0.6 1.8 2.18 vertex 0.5456 1.865 2.18 vertex 0.5576 1.765 2.245 endloop endfacet
facet normal 0.1011 -0.8374 0.5371 outer loop vertex 0.3776 1.615 2.045 vertex 0.4744 1.585 1.98 vertex 0.6544 1.735 2.18 endloop endfacet
facet normal 0.1011 -0.8374 0.5371 outer loop vertex 0.3776 1.615 2.045 vertex 0.6544 1.735 2.18 vertex 0.5576 1.765 2.245 endloop endfacet
facet normal -0.5855 -0.49 -0.6458 outer loop vertex 0.42 1.65 1.98 vertex 0.4744 1.585 1.98 vertex 0.3776 1.615 2.045 endloop endfacet
facet normal 0.5855 0.49 0.6458 outer loop vertex 0.6 1.8 2.18 vertex 0.5576 1.765 2.245 vertex 0.6544 1.735 2.18 endloop endfacet
facet normal 0.8056 -0.2518 -0.5362 outer loop vertex 0.4744 1.585 1.98 vertex 0.4624 1.685 1.915 vertex 0.6424 1.835 2.115 endloop endfacet
facet normal 0.8056 -0.2518 -0.5362 outer loop vertex 0.4744 1.585 1.98 vertex 0.6424 1.835 2.115 vertex 0.6544 1.735 2.18 endloop endfacet
facet normal -0.5855 -0.49 -0.6458 outer loop vertex 0.42 1.65 1.98 vertex 0.4624 1.685 1.915 vertex 0.4744 1.585 1.98 endloop endfacet
facet normal 0.5855 0.49 0.6458 outer loop vertex 0.6 1.8 2.18 vertex 0.6544 1.735 2.18 vertex 0.6424 1.835 2.115 endloop endfacet
facet normal -0.1011 0.8374 -0.5371 outer loop vertex 0.4624 1.685 1.915 vertex 0.3656 1.715 1.98 vertex 0.5456 1.865 2.18 endloop endfacet
facet normal -0.1011 0.8374 -0.5371 outer loop vertex 0.4624 1.685 1.915 vertex 0.5456 1.865 2.18 vertex 0.6424 1.835 2.115 endloop endfacet
facet normal -0.5855 -0.49 -0.6458 outer loop vertex 0.42 1.65 1.98 vertex 0.3656 1.715 1.98 vertex 0.4624 1.685 1.915 endloop endfacet
facet normal 0.5855 0.49 0.6458 outer loop vertex 0.6 1.8 2.18 vertex 0.6424 1.835 2.115 vertex 0.5456 1.865 2.18 endloop endfacet
facet normal -0.3464 -0.6344 0.691 outer loop vertex 0.5544 1.747 2.18 vertex 0.6113 1.79 2.248 vertex 0.2613 2.09 2.348 endloop endfacet
facet normal -0.3464 -0.6344 0.691 outer loop vertex 0.5544 1.747 2.18 vertex 0.2613 2.09 2.348 vertex 0.2044 2.047 2.28 endloop endfacet
facet normal 0.74 -0.6367 -0.2166 outer loop vertex 0.6 1.8 2.18 vertex 0.6113 1.79 2.248 vertex 0.5544 1.747 2.18 endloop endfacet
facet normal -0.74 0.6367 0.2166 outer loop vertex 0.25 2.1 2.28 vertex 0.2044 2.047 2.28 vertex 0.2613 2.09 2.348 endloop endfacet
facet normal 0.5727 0.4369 0.6936 outer loop vertex 0.6113 1.79 2.248 vertex 0.6456 1.853 2.18 vertex 0.2956 2.153 2.28 endloop endfacet
facet normal 0.5727 0.4369 0.6936 outer loop vertex 0.6113 1.79 2.248 vertex 0.2956 2.153 2.28 vertex 0.2613 2.09 2.348 endloop endfacet
facet normal 0.74 -0.6367 -0.2166 outer loop vertex 0.6 1.8 2.18 vertex 0.6456 1.853 2.18 vertex 0.6113 1.79 2.248 endloop endfacet
facet normal -0.74 0.6367 0.2166 outer loop vertex 0.25 2.1 2.28 vertex 0.2613 2.09 2.348 vertex 0.2956 2.153 2.28 endloop endfacet
facet normal 0.3464 0.6344 -0.691 outer loop vertex 0.6456 1.853 2.18 vertex 0.5887 1.81 2.112 vertex 0.2387 2.11 2.212 endloop endfacet
facet normal 0.3464 0.6344 -0.691 outer loop vertex 0.6456 1.853 2.18 vertex 0.2387 2.11 2.212 vertex 0.2956 2.153 2.28 endloop endfacet
facet normal 0.74 -0.6367 -0.2166 outer loop vertex 0.6 1.8 2.18 vertex 0.5887 1.81 2.112 vertex 0.6456 1.853 2.18 endloop endfacet
facet normal -0.74 0.6367 0.2166 outer loop vertex 0.25 2.1 2.28 vertex 0.2956 2.153 2.28 vertex 0.2387 2.11 2.212 endloop endfacet
facet normal -0.5727 -0.4369 -0.6936 outer loop vertex 0.5887 1.81 2.112 vertex 0.5544 1.747 2.18 vertex 0.2044 2.047 2.28 endloop endfacet
facet normal -0.5727 -0.4369 -0.6936 outer loop vertex 0.5887 1.81 2.112 vertex 0.2044 2.047 2.28 vertex 0.2387 2.11 2.212 endloop endfacet
facet normal 0.74 -0.6367 -0.2166 outer loop vertex 0.6 1.8 2.18 vertex 0.5544 1.747 2.18 vertex 0.5887 1.81 2.112 endloop endfacet
facet normal -0.74 0.6367 0.2166 outer loop vertex 0.25 2.1 2.28 vertex 0.2387 2.11 2.212 vertex 0.2044 2.047 2.28 endloop endfacet
facet normal -0.5925 0.6194 0.515 outer loop vertex 0.1948 2.185 2.28 vertex 0.1607 2.1 2.343 vertex 0.25 2.153 2.382 endloop endfacet
facet normal 0 0.9541 0.2993 outer loop vertex 0.1948 2.185 2.28 vertex 0.25 2.153 2.382 vertex 0.3052 2.185 2.28 endloop endfacet
facet normal 0 0.9541 -0.2993 outer loop vertex 0.1948 2.185 2.28 vertex 0.3052 2.185 2.28 vertex 0.25 2.153 2.178 endloop endfacet
facet normal -0.5925 0.6194 -0.515 outer loop vertex 0.1948 2.185 2.28 vertex 0.25 2.153 2.178 vertex 0.1607 2.1 2.217 endloop endfacet
facet normal -0.9281 0.3723 0 outer loop vertex 0.1948 2.185 2.28 vertex 0.1607 2.1 2.217 vertex 0.1607 2.1 2.343 endloop endfacet
facet normal 0.5925 0.6194 0.515 outer loop vertex 0.3052 2.185 2.28 vertex 0.25 2.153 2.382 vertex 0.3393 2.1 2.343 endloop endfacet
facet normal -0.4002 0 0.9164 outer loop vertex 0.25 2.153 2.382 vertex 0.1607 2.1 2.343 vertex 0.25 2.047 2.382 endloop endfacet
facet normal -0.9281 -0.3723 0 outer loop vertex 0.1607 2.1 2.343 vertex 0.1607 2.1 2.217 vertex 0.1948 2.015 2.28 endloop endfacet
facet normal -0.4002 0 -0.9164 outer loop vertex 0.1607 2.1 2.217 vertex 0.25 2.153 2.178 vertex 0.25 2.047 2.178 endloop endfacet
facet normal 0.5925 0.6194 -0.515 outer loop vertex 0.25 2.153 2.178 vertex 0.3052 2.185 2.28 vertex 0.3393 2.1 2.217 endloop endfacet
facet normal 0.5925 -0.6194 0.515 outer loop vertex 0.3052 2.015 2.28 vertex 0.3393 2.1 2.343 vertex 0.25 2.047 2.382 endloop endfacet
facet normal 0 -0.9541 0.2993 outer loop vertex 0.3052 2.015 2.28 vertex 0.25 2.047 2.382 vertex 0.1948 2.015 2.28 endloop endfacet
facet normal 0 -0.9541 -0.2993 outer loop vertex 0.3052 2.015 2.28 vertex 0.1948 2.015 2.28 vertex 0.25 2.047 2.178 endloop endfacet
facet normal 0.5925 -0.6194 -0.515 outer loop vertex 0.3052 2.015 2.28 vertex 0.25 2.047 2.178 vertex 0.3393 2.1 2.217 endloop endfacet
facet normal 0.9281 -0.3723 0 outer loop vertex 0.3052 2.015 2.28 vertex 0.3393 2.1 2.217 vertex 0.3393 2.1 2.343 endloop endfacet
facet normal 0.4002 0 0.9164 outer loop vertex 0.25 2.047 2.382 vertex 0.3393 2.1 2.343 vertex 0.25 2.153 2.382 endloop endfacet
facet normal -0.5925 -0.6194 0.515 outer loop vertex 0.1948 2.015 2.28 vertex 0.25 2.047 2.382 vertex 0.1607 2.1 2.343 endloop endfacet
facet normal -0.5925 -0.6194 -0.515 outer loop vertex 0.25 2.047 2.178 vertex 0.1948 2.015 2.28 vertex 0.1607 2.1 2.217 endloop endfacet
facet normal 0.4002 0 -0.9164 outer loop vertex 0.3393 2.1 2.217 vertex 0.25 2.047 2.178 vertex 0.25 2.153 2.178 endloop endfacet
facet normal 0.9281 0.3723 0 outer loop vertex 0.3393 2.1 2.343 vertex 0.3393 2.1 2.217 vertex 0.3052 2.185 2.28 endloop endfacet
facet normal 0 0 -1 outer loop vertex -3.65 0.89 1.225 vertex -2.95 0.51 1.225 vertex -3.65 0.51 1.225 endloop endfacet
facet normal 0 0 1 outer loop vertex -3.65 0.89 2.075 vertex -3.65 0.51 2.075 vertex -2.95 0.51 2.075 endloop endfacet
facet normal 0 0 -1 outer loop vertex -2.95 0.51 1.225 vertex -3.65 0.89 1.225 vertex -2.95 0.89 1.225 endloop endfacet
facet normal 0 0 1 outer loop vertex -2.95 0.51 2.075 vertex -2.95 0.89 2.075 vertex -3.65 0.89 2.075 endloop endfacet
facet normal 0 -1 0 outer loop vertex -3.65 0.51 1.225 vertex -2.95 0.51 1.225 vertex -2.95 0.51 2.075 endloop endfacet
facet normal 0 -1 0 outer loop vertex -3.65 0.51 1.225 vertex -2.95 0.51 2.075 vertex -3.65 0.51 2.075 endloop endfacet
facet normal 1 0 0 outer loop vertex -2.95 0.51 1.225 vertex -2.95 0.89 1.225 vertex -2.95 0.89 2.075 endloop endfacet
facet normal 1 0 0 outer loop vertex -2.95 0.51 1.225 vertex -2.95 0.89 2.075 vertex -2.95 0.51 2.075 endloop endfacet
facet normal 0 1 0 outer loop vertex -2.95 0.89 1.225 vertex -3.65 0.89 1.225 vertex -3.65 0.89 2.075 endloop endfacet
facet normal 0 1 0 outer loop vertex -2.95 0.89 1.225 vertex -3.65 0.89 2.075 vertex -2.95 0.89 2.075 endloop endfacet
facet normal -1 0 0 outer loop vertex -3.65 0.89 1.225 vertex -3.65 0.51 1.225 vertex -3.65 0.51 2.075 endloop endfacet
facet normal -1 0 0 outer loop vertex -3.65 0.89 1.225 vertex -3.65 0.51 2.075 vertex -3.65 0.89 2.075 endloop endfacet
facet normal 0.7071 0.7071 0 outer loop vertex -3.17 0.7 2.08 vertex -3.3 0.83 2.08 vertex -3.3 0.83 2.22 endloop endfacet
facet normal 0.7071 0.7071 0 outer loop vertex -3.17 0.7 2.08 vertex -3.3 0.83 2.22 vertex -3.17 0.7 2.22 endloop endfacet
facet normal 0 0 -1 outer loop vertex -3.3 0.7 2.08 vertex -3.3 0.83 2.08 vertex -3.17 0.7 2.08 endloop endfacet
facet normal 0 0 1 outer loop vertex -3.3 0.7 2.22 vertex -3.17 0.7 2.22 vertex -3.3 0.83 2.22 endloop endfacet
facet normal -0.7071 0.7071 0 outer loop vertex -3.3 0.83 2.08 vertex -3.43 0.7 2.08 vertex -3.43 0.7 2.22 endloop endfacet
facet normal -0.7071 0.7071 0 outer loop vertex -3.3 0.83 2.08 vertex -3.43 0.7 2.22 vertex -3.3 0.83 2.22 endloop endfacet
facet normal 0 0 -1 outer loop vertex -3.3 0.7 2.08 vertex -3.43 0.7 2.08 vertex -3.3 0.83 2.08 endloop endfacet
facet normal 0 0 1 outer loop vertex -3.3 0.7 2.22 vertex -3.3 0.83 2.22 vertex -3.43 0.7 2.22 endloop endfacet
facet normal -0.7071 -0.7071 0 outer loop vertex -3.43 0.7 2.08 vertex -3.3 0.57 2.08 vertex -3.3 0.57 2.22 endloop endfacet
facet normal -0.7071 -0.7071 0 outer loop vertex -3.43 0.7 2.08 vertex -3.3 0.57 2.22 vertex -3.43 0.7 2.22 endloop endfacet
facet normal 0 0 -1 outer loop vertex -3.3 0.7 2.08 vertex -3.3 0.57 2.08 vertex -3.43 0.7 2.08 endloop endfacet
facet normal 0 0 1 outer loop vertex -3.3 0.7 2.22 vertex -3.43 0.7 2.22 vertex -3.3 0.57 2.22 endloop endfacet
facet normal 0.7071 -0.7071 0 outer loop vertex -3.3 0.57 2.08 vertex -3.17 0.7 2.08 vertex -3.17 0.7 2.22 endloop endfacet
facet normal 0.7071 -0.7071 0 outer loop vertex -3.3 0.57 2.08 vertex -3.17 0.7 2.22 vertex -3.3 0.57 2.22 endloop endfacet
facet normal 0 0 -1 outer loop vertex -3.3 0.7 2.08 vertex -3.17 0.7 2.08 vertex -3.3 0.57 2.08 endloop endfacet
facet normal 0 0 1 outer loop vertex -3.3 0.7 2.22 vertex -3.3 0.57 2.22 vertex -3.17 0.7 2.22 endloop endfacet
facet normal -0.5967 0.6467 0.4751 outer loop vertex -3.442 0.9127 2.46 vertex -3.53 0.7 2.639 vertex -3.3 0.8314 2.749 endloop endfacet
facet normal 0 0.9626 0.2708 outer loop vertex -3.442 0.9127 2.46 vertex -3.3 0.8314 2.749 vertex -3.158 0.9127 2.46 endloop endfacet
facet normal 0 0.9626 -0.2708 outer loop vertex -3.442 0.9127 2.46 vertex -3.158 0.9127 2.46 vertex -3.3 0.8314 2.171 endloop endfacet
facet normal -0.5967 0.6467 -0.4751 outer loop vertex -3.442 0.9127 2.46 vertex -3.3 0.8314 2.171 vertex -3.53 0.7 2.281 endloop endfacet
facet normal -0.924 0.3823 0 outer loop vertex -3.442 0.9127 2.46 vertex -3.53 0.7 2.281 vertex -3.53 0.7 2.639 endloop endfacet
facet normal 0.5967 0.6467 0.4751 outer loop vertex -3.158 0.9127 2.46 vertex -3.3 0.8314 2.749 vertex -3.07 0.7 2.639 endloop endfacet
facet normal -0.4315 0 0.9021 outer loop vertex -3.3 0.8314 2.749 vertex -3.53 0.7 2.639 vertex -3.3 0.5686 2.749 endloop endfacet
facet normal -0.924 -0.3823 0 outer loop vertex -3.53 0.7 2.639 vertex -3.53 0.7 2.281 vertex -3.442 0.4873 2.46 endloop endfacet
facet normal -0.4315 0 -0.9021 outer loop vertex -3.53 0.7 2.281 vertex -3.3 0.8314 2.171 vertex -3.3 0.5686 2.171 endloop endfacet
facet normal 0.5967 0.6467 -0.4751 outer loop vertex -3.3 0.8314 2.171 vertex -3.158 0.9127 2.46 vertex -3.07 0.7 2.281 endloop endfacet
facet normal 0.5967 -0.6467 0.4751 outer loop vertex -3.158 0.4873 2.46 vertex -3.07 0.7 2.639 vertex -3.3 0.5686 2.749 endloop endfacet
facet normal 0 -0.9626 0.2708 outer loop vertex -3.158 0.4873 2.46 vertex -3.3 0.5686 2.749 vertex -3.442 0.4873 2.46 endloop endfacet
facet normal 0 -0.9626 -0.2708 outer loop vertex -3.158 0.4873 2.46 vertex -3.442 0.4873 2.46 vertex -3.3 0.5686 2.171 endloop endfacet
facet normal 0.5967 -0.6467 -0.4751 outer loop vertex -3.158 0.4873 2.46 vertex -3.3 0.5686 2.171 vertex -3.07 0.7 2.281 endloop endfacet
facet normal 0.924 -0.3823 0 outer loop vertex -3.158 0.4873 2.46 vertex -3.07 0.7 2.281 vertex -3.07 0.7 2.639 endloop endfacet
facet normal 0.4315 0 0.9021 outer loop vertex -3.3 0.5686 2.749 vertex -3.07 0.7 2.639 vertex -3.3 0.8314 2.749 endloop endfacet
facet normal -0.5967 -0.6467 0.4751 outer loop vertex -3.442 0.4873 2.46 vertex -3.3 0.5686 2.749 vertex -3.53 0.7 2.639 endloop endfacet
facet normal -0.5967 -0.6467 -0.4751 outer loop vertex -3.3 0.5686 2.171 vertex -3.442 0.4873 2.46 vertex -3.53 0.7 2.281 endloop endfacet
facet normal 0.4315 0 -0.9021 outer loop vertex -3.07 0.7 2.281 vertex -3.3 0.5686 2.171 vertex -3.3 0.8314 2.171 endloop endfacet
facet normal 0.924 0.3823 0 outer loop vertex -3.07 0.7 2.639 vertex -3.07 0.7 2.281 vertex -3.158 0.9127 2.46 endloop endfacet
facet normal -0.4937 0.5759 0.6516 outer loop vertex -3.452 0.8677 2.58 vertex -3.547 0.655 2.696 vertex -3.3 0.7864 2.767 endloop endfacet
facet normal 0 0.9171 0.3987 outer loop vertex -3.452 0.8677 2.58 vertex -3.3 0.7864 2.767 vertex -3.148 0.8677 2.58 endloop endfacet
facet normal 0 0.9171 -0.3987 outer loop vertex -3.452 0.8677 2.58 vertex -3.148 0.8677 2.58 vertex -3.3 0.7864 2.393 endloop endfacet
facet normal -0.4937 0.5759 -0.6516 outer loop vertex -3.452 0.8677 2.58 vertex -3.3 0.7864 2.393 vertex -3.547 0.655 2.464 endloop endfacet
facet normal -0.9131 0.4078 0 outer loop vertex -3.452 0.8677 2.58 vertex -3.547 0.655 2.464 vertex -3.547 0.655 2.696 endloop endfacet
facet normal 0.4937 0.5759 0.6516 outer loop vertex -3.148 0.8677 2.58 vertex -3.3 0.7864 2.767 vertex -3.053 0.655 2.696 endloop endfacet
facet normal -0.2763 0 0.9611 outer loop vertex -3.3 0.7864 2.767 vertex -3.547 0.655 2.696 vertex -3.3 0.5236 2.767 endloop endfacet
facet normal -0.9131 -0.4078 0 outer loop vertex -3.547 0.655 2.696 vertex -3.547 0.655 2.464 vertex -3.452 0.4423 2.58 endloop endfacet
facet normal -0.2763 0 -0.9611 outer loop vertex -3.547 0.655 2.464 vertex -3.3 0.7864 2.393 vertex -3.3 0.5236 2.393 endloop endfacet
facet normal 0.4937 0.5759 -0.6516 outer loop vertex -3.3 0.7864 2.393 vertex -3.148 0.8677 2.58 vertex -3.053 0.655 2.464 endloop endfacet
facet normal 0.4937 -0.5759 0.6516 outer loop vertex -3.148 0.4423 2.58 vertex -3.053 0.655 2.696 vertex -3.3 0.5236 2.767 endloop endfacet
facet normal 0 -0.9171 0.3987 outer loop vertex -3.148 0.4423 2.58 vertex -3.3 0.5236 2.767 vertex -3.452 0.4423 2.58 endloop endfacet
facet normal 0 -0.9171 -0.3987 outer loop vertex -3.148 0.4423 2.58 vertex -3.452 0.4423 2.58 vertex -3.3 0.5236 2.393 endloop endfacet
facet normal 0.4937 -0.5759 -0.6516 outer loop vertex -3.148 0.4423 2.58 vertex -3.3 0.5236 2.393 vertex -3.053 0.655 2.464 endloop endfacet
facet normal 0.9131 -0.4078 0 outer loop vertex -3.148 0.4423 2.58 vertex -3.053 0.655 2.464 vertex -3.053 0.655 2.696 endloop endfacet
facet normal 0.2763 0 0.9611 outer loop vertex -3.3 0.5236 2.767 vertex -3.053 0.655 2.696 vertex -3.3 0.7864 2.767 endloop endfacet
facet normal -0.4937 -0.5759 0.6516 outer loop vertex -3.452 0.4423 2.58 vertex -3.3 0.5236 2.767 vertex -3.547 0.655 2.696 endloop endfacet
facet normal -0.4937 -0.5759 -0.6516 outer loop vertex -3.3 0.5236 2.393 vertex -3.452 0.4423 2.58 vertex -3.547 0.655 2.464 endloop endfacet
facet normal 0.2763 0 -0.9611 outer loop vertex -3.053 0.655 2.464 vertex -3.3 0.5236 2.393 vertex -3.3 0.7864 2.393 endloop endfacet
facet normal 0.9131 0.4078 0 outer loop vertex -3.053 0.655 2.696 vertex -3.053 0.655 2.464 vertex -3.148 0.8677 2.58 endloop endfacet
facet normal 0 0 -1 outer loop vertex -3.35 0.99 2.395 vertex -3.25 0.89 2.395 vertex -3.35 0.89 2.395 endloop endfacet
facet normal 0 0 1 outer loop vertex -3.35 0.99 2.525 vertex -3.35 0.89 2.525 vertex -3.25 0.89 2.525 endloop endfacet
facet normal 0 0 -1 outer loop vertex -3.25 0.89 2.395 vertex -3.35 0.99 2.395 vertex -3.25 0.99 2.395 endloop endfacet
facet normal 0 0 1 outer loop vertex -3.25 0.89 2.525 vertex -3.25 0.99 2.525 vertex -3.35 0.99 2.525 endloop endfacet
facet normal 0 -1 0 outer loop vertex -3.35 0.89 2.395 vertex -3.25 0.89 2.395 vertex -3.25 0.89 2.525 endloop endfacet
facet normal 0 -1 0 outer loop vertex -3.35 0.89 2.395 vertex -3.25 0.89 2.525 vertex -3.35 0.89 2.525 endloop endfacet
facet normal 1 0 0 outer loop vertex -3.25 0.89 2.395 vertex -3.25 0.99 2.395 vertex -3.25 0.99 2.525 endloop endfacet
facet normal 1 0 0 outer loop vertex -3.25 0.89 2.395 vertex -3.25 0.99 2.525 vertex -3.25 0.89 2.525 endloop endfacet
facet normal 0 1 0 outer loop vertex -3.25 0.99 2.395 vertex -3.35 0.99 2.395 vertex -3.35 0.99 2.525 endloop endfacet
facet normal 0 1 0 outer loop vertex -3.25 0.99 2.395 vertex -3.35 0.99 2.525 vertex -3.25 0.99 2.525 endloop endfacet
facet normal -1 0 0 outer loop vertex -3.35 0.99 2.395 vertex -3.35 0.89 2.395 vertex -3.35 0.89 2.525 endloop endfacet
facet normal -1 0 0 outer loop vertex -3.35 0.99 2.395 vertex -3.35 0.89 2.525 vertex -3.35 0.99 2.525 endloop endfacet
facet normal -0.7145 0.6978 0.04959 outer loop vertex -3.627 0.7 1.209 vertex -3.505 0.8284 1.16 vertex -3.645 0.7284 0.55 endloop endfacet
facet normal -0.7145 0.6979 0.04959 outer loop vertex -3.627 0.7 1.209 vertex -3.645 0.7284 0.55 vertex -3.767 0.6 0.5991 endloop endfacet
facet normal 0.2198 0.1585 0.9626 outer loop vertex -3.5 0.7 1.18 vertex -3.505 0.8284 1.16 vertex -3.627 0.7 1.209 endloop endfacet
facet normal -0.2205 -0.1585 -0.9624 outer loop vertex -3.64 0.6 0.57 vertex -3.767 0.6 0.5991 vertex -3.645 0.7284 0.55 endloop endfacet
facet normal 0.6626 0.6999 -0.2668 outer loop vertex -3.505 0.8284 1.16 vertex -3.373 0.7 1.151 vertex -3.513 0.6 0.5409 endloop endfacet
facet normal 0.6625 0.7 -0.2668 outer loop vertex -3.505 0.8284 1.16 vertex -3.513 0.6 0.5409 vertex -3.645 0.7284 0.55 endloop endfacet
facet normal 0.2198 0.1585 0.9626 outer loop vertex -3.5 0.7 1.18 vertex -3.373 0.7 1.151 vertex -3.505 0.8284 1.16 endloop endfacet
facet normal -0.2205 -0.1585 -0.9624 outer loop vertex -3.64 0.6 0.57 vertex -3.645 0.7284 0.55 vertex -3.513 0.6 0.5409 endloop endfacet
facet normal 0.7145 -0.6978 -0.04959 outer loop vertex -3.373 0.7 1.151 vertex -3.495 0.5716 1.2 vertex -3.635 0.4716 0.59 endloop endfacet
facet normal 0.7145 -0.6979 -0.04958 outer loop vertex -3.373 0.7 1.151 vertex -3.635 0.4716 0.59 vertex -3.513 0.6 0.5409 endloop endfacet
facet normal 0.2198 0.1585 0.9626 outer loop vertex -3.5 0.7 1.18 vertex -3.495 0.5716 1.2 vertex -3.373 0.7 1.151 endloop endfacet
facet normal -0.2205 -0.1585 -0.9624 outer loop vertex -3.64 0.6 0.57 vertex -3.513 0.6 0.5409 vertex -3.635 0.4716 0.59 endloop endfacet
facet normal -0.6626 -0.6999 0.2668 outer loop vertex -3.495 0.5716 1.2 vertex -3.627 0.7 1.209 vertex -3.767 0.6 0.5991 endloop endfacet
facet normal -0.6625 -0.7 0.2668 outer loop vertex -3.495 0.5716 1.2 vertex -3.767 0.6 0.5991 vertex -3.635 0.4716 0.59 endloop endfacet
facet normal 0.2198 0.1585 0.9626 outer loop vertex -3.5 0.7 1.18 vertex -3.627 0.7 1.209 vertex -3.495 0.5716 1.2 endloop endfacet
facet normal -0.2205 -0.1585 -0.9624 outer loop vertex -3.64 0.6 0.57 vertex -3.635 0.4716 0.59 vertex -3.767 0.6 0.5991 endloop endfacet
facet normal -0.8998 0.1759 0.3993 outer loop vertex -3.732 0.5502 0.57 vertex -3.681 0.6762 0.6294 vertex -3.821 0.9362 0.1994 endloop endfacet
facet normal -0.8998 0.1759 0.3993 outer loop vertex -3.732 0.5502 0.57 vertex -3.821 0.9362 0.1994 vertex -3.872 0.8102 0.14 endloop endfacet
facet normal 0.2694 -0.4977 0.8244 outer loop vertex -3.64 0.6 0.57 vertex -3.681 0.6762 0.6294 vertex -3.732 0.5502 0.57 endloop endfacet
facet normal -0.2694 0.4977 -0.8244 outer loop vertex -3.78 0.86 0.14 vertex -3.872 0.8102 0.14 vertex -3.821 0.9362 0.1994 endloop endfacet
facet normal 0.347 0.8483 0.3999 outer loop vertex -3.681 0.6762 0.6294 vertex -3.548 0.6498 0.57 vertex -3.688 0.9098 0.14 endloop endfacet
facet normal 0.347 0.8483 0.3999 outer loop vertex -3.681 0.6762 0.6294 vertex -3.688 0.9098 0.14 vertex -3.821 0.9362 0.1994 endloop endfacet
facet normal 0.2694 -0.4977 0.8244 outer loop vertex -3.64 0.6 0.57 vertex -3.548 0.6498 0.57 vertex -3.681 0.6762 0.6294 endloop endfacet
facet normal -0.2694 0.4977 -0.8244 outer loop vertex -3.78 0.86 0.14 vertex -3.821 0.9362 0.1994 vertex -3.688 0.9098 0.14 endloop endfacet
facet normal 0.8998 -0.176 -0.3993 outer loop vertex -3.548 0.6498 0.57 vertex -3.599 0.5238 0.5106 vertex -3.739 0.7838 0.08056 endloop endfacet
facet normal 0.8998 -0.1758 -0.3993 outer loop vertex -3.548 0.6498 0.57 vertex -3.739 0.7838 0.08056 vertex -3.688 0.9098 0.14 endloop endfacet
facet normal 0.2694 -0.4977 0.8244 outer loop vertex -3.64 0.6 0.57 vertex -3.599 0.5238 0.5106 vertex -3.548 0.6498 0.57 endloop endfacet
facet normal -0.2695 0.4979 -0.8243 outer loop vertex -3.78 0.86 0.14 vertex -3.688 0.9098 0.14 vertex -3.739 0.7838 0.08056 endloop endfacet
facet normal -0.347 -0.8483 -0.3999 outer loop vertex -3.599 0.5238 0.5106 vertex -3.732 0.5502 0.57 vertex -3.872 0.8102 0.14 endloop endfacet
facet normal -0.3471 -0.8483 -0.3999 outer loop vertex -3.599 0.5238 0.5106 vertex -3.872 0.8102 0.14 vertex -3.739 0.7838 0.08056 endloop endfacet
facet normal 0.2694 -0.4977 0.8244 outer loop vertex -3.64 0.6 0.57 vertex -3.732 0.5502 0.57 vertex -3.599 0.5238 0.5106 endloop endfacet
facet normal -0.2695 0.4979 -0.8243 outer loop vertex -3.78 0.86 0.14 vertex -3.739 0.7838 0.08056 vertex -3.872 0.8102 0.14 endloop endfacet
facet normal 0 0 -1 outer loop vertex -3.895 1.18 0 vertex -3.665 0.78 0 vertex -3.895 0.78 0 endloop endfacet
facet normal 0 0 1 outer loop vertex -3.895 1.18 0.14 vertex -3.895 0.78 0.14 vertex -3.665 0.78 0.14 endloop endfacet
facet normal 0 0 -1 outer loop vertex -3.665 0.78 0 vertex -3.895 1.18 0 vertex -3.665 1.18 0 endloop endfacet
facet normal 0 0 1 outer loop vertex -3.665 0.78 0.14 vertex -3.665 1.18 0.14 vertex -3.895 1.18 0.14 endloop endfacet
facet normal 0 -1 0 outer loop vertex -3.895 0.78 0 vertex -3.665 0.78 0 vertex -3.665 0.78 0.14 endloop endfacet
facet normal 0 -1 0 outer loop vertex -3.895 0.78 0 vertex -3.665 0.78 0.14 vertex -3.895 0.78 0.14 endloop endfacet
facet normal 1 0 0 outer loop vertex -3.665 0.78 0 vertex -3.665 1.18 0 vertex -3.665 1.18 0.14 endloop endfacet
facet normal 1 0 0 outer loop vertex -3.665 0.78 0 vertex -3.665 1.18 0.14 vertex -3.665 0.78 0.14 endloop endfacet
facet normal 0 1 0 outer loop vertex -3.665 1.18 0 vertex -3.895 1.18 0 vertex -3.895 1.18 0.14 endloop endfacet
facet normal 0 1 0 outer loop vertex -3.665 1.18 0 vertex -3.895 1.18 0.14 vertex -3.665 1.18 0.14 endloop endfacet
facet normal -1 0 0 outer loop vertex -3.895 1.18 0 vertex -3.895 0.78 0 vertex -3.895 0.78 0.14 endloop endfacet
facet normal -1 0 0 outer loop vertex -3.895 1.18 0 vertex -3.895 0.78 0.14 vertex -3.895 1.18 0.14 endloop endfacet
facet normal -0.902 -0.06025 0.4275 outer loop vertex -3.783 0.6425 1.98 vertex -3.766 0.7499 2.031 vertex -3.996 0.9999 1.581 endloop endfacet
facet normal -0.902 -0.06025 0.4275 outer loop vertex -3.783 0.6425 1.98 vertex -3.996 0.9999 1.581 vertex -4.013 0.8925 1.53 endloop endfacet
facet normal 0.405 -0.4437 0.7994 outer loop vertex -3.72 0.7 1.98 vertex -3.766 0.7499 2.031 vertex -3.783 0.6425 1.98 endloop endfacet
facet normal -0.405 0.4437 -0.7994 outer loop vertex -3.95 0.95 1.53 vertex -4.013 0.8925 1.53 vertex -3.996 0.9999 1.581 endloop endfacet
facet normal 0.1376 0.8937 0.4272 outer loop vertex -3.766 0.7499 2.031 vertex -3.657 0.7575 1.98 vertex -3.887 1.008 1.53 endloop endfacet
facet normal 0.1339 0.8938 0.4281 outer loop vertex -3.766 0.7499 2.031 vertex -3.887 1.008 1.53 vertex -3.996 0.9999 1.581 endloop endfacet
facet normal 0.405 -0.4437 0.7994 outer loop vertex -3.72 0.7 1.98 vertex -3.657 0.7575 1.98 vertex -3.766 0.7499 2.031 endloop endfacet
facet normal -0.4069 0.442 -0.7994 outer loop vertex -3.95 0.95 1.53 vertex -3.996 0.9999 1.581 vertex -3.887 1.008 1.53 endloop endfacet
facet normal 0.902 0.06025 -0.4275 outer loop vertex -3.657 0.7575 1.98 vertex -3.674 0.6501 1.929 vertex -3.904 0.9001 1.479 endloop endfacet
facet normal 0.902 0.06 -0.4276 outer loop vertex -3.657 0.7575 1.98 vertex -3.904 0.9001 1.479 vertex -3.887 1.008 1.53 endloop endfacet
facet normal 0.405 -0.4437 0.7994 outer loop vertex -3.72 0.7 1.98 vertex -3.674 0.6501 1.929 vertex -3.657 0.7575 1.98 endloop endfacet
facet normal -0.4069 0.442 -0.7994 outer loop vertex -3.95 0.95 1.53 vertex -3.887 1.008 1.53 vertex -3.904 0.9001 1.479 endloop endfacet
facet normal -0.1372 -0.894 -0.4265 outer loop vertex -3.674 0.6501 1.929 vertex -3.783 0.6425 1.98 vertex -4.013 0.8925 1.53 endloop endfacet
facet normal -0.1372 -0.894 -0.4265 outer loop vertex -3.674 0.6501 1.929 vertex -4.013 0.8925 1.53 vertex -3.904 0.9001 1.479 endloop endfacet
facet normal 0.405 -0.4437 0.7994 outer loop vertex -3.72 0.7 1.98 vertex -3.783 0.6425 1.98 vertex -3.674 0.6501 1.929 endloop endfacet
facet normal -0.405 0.4437 -0.7994 outer loop vertex -3.95 0.95 1.53 vertex -3.904 0.9001 1.479 vertex -4.013 0.8925 1.53 endloop endfacet
facet normal -0.6617 -0.6296 0.4071 outer loop vertex -4.02 0.9448 1.53 vertex -3.946 0.8929 1.57 vertex -3.976 1.293 2.14 endloop endfacet
facet normal -0.6621 -0.6292 0.4069 outer loop vertex -4.02 0.9448 1.53 vertex -3.976 1.293 2.14 vertex -4.05 1.345 2.1 endloop endfacet
facet normal 0.04243 -0.5712 -0.8197 outer loop vertex -3.95 0.95 1.53 vertex -3.946 0.8929 1.57 vertex -4.02 0.9448 1.53 endloop endfacet
facet normal -0.04086 0.572 0.8192 outer loop vertex -3.98 1.35 2.1 vertex -4.05 1.345 2.1 vertex -3.976 1.293 2.14 endloop endfacet
facet normal 0.7451 -0.5269 0.4088 outer loop vertex -3.946 0.8929 1.57 vertex -3.88 0.9552 1.53 vertex -3.91 1.355 2.1 endloop endfacet
facet normal 0.7441 -0.5278 0.4096 outer loop vertex -3.946 0.8929 1.57 vertex -3.91 1.355 2.1 vertex -3.976 1.293 2.14 endloop endfacet
facet normal 0.04243 -0.5712 -0.8197 outer loop vertex -3.95 0.95 1.53 vertex -3.88 0.9552 1.53 vertex -3.946 0.8929 1.57 endloop endfacet
facet normal -0.04086 0.572 0.8192 outer loop vertex -3.98 1.35 2.1 vertex -3.976 1.293 2.14 vertex -3.91 1.355 2.1 endloop endfacet
facet normal 0.6612 0.63 -0.4073 outer loop vertex -3.88 0.9552 1.53 vertex -3.954 1.007 1.49 vertex -3.984 1.407 2.06 endloop endfacet
facet normal 0.6621 0.6295 -0.4067 outer loop vertex -3.88 0.9552 1.53 vertex -3.984 1.407 2.06 vertex -3.91 1.355 2.1 endloop endfacet
facet normal 0.04248 -0.5719 -0.8192 outer loop vertex -3.95 0.95 1.53 vertex -3.954 1.007 1.49 vertex -3.88 0.9552 1.53 endloop endfacet
facet normal -0.04086 0.572 0.8192 outer loop vertex -3.98 1.35 2.1 vertex -3.91 1.355 2.1 vertex -3.984 1.407 2.06 endloop endfacet
facet normal -0.7448 0.5271 -0.4093 outer loop vertex -3.954 1.007 1.49 vertex -4.02 0.9448 1.53 vertex -4.05 1.345 2.1 endloop endfacet
facet normal -0.7441 0.5278 -0.4096 outer loop vertex -3.954 1.007 1.49 vertex -4.05 1.345 2.1 vertex -3.984 1.407 2.06 endloop endfacet
facet normal 0.04248 -0.5719 -0.8192 outer loop vertex -3.95 0.95 1.53 vertex -4.02 0.9448 1.53 vertex -3.954 1.007 1.49 endloop endfacet
facet normal -0.04086 0.572 0.8192 outer loop vertex -3.98 1.35 2.1 vertex -3.984 1.407 2.06 vertex -4.05 1.345 2.1 endloop endfacet
facet normal -0.5938 0.6187 0.5143 outer loop vertex -4.035 1.435 2.1 vertex -4.069 1.35 2.163 vertex -3.98 1.403 2.202 endloop endfacet
facet normal 0 0.9541 0.2993 outer loop vertex -4.035 1.435 2.1 vertex -3.98 1.403 2.202 vertex -3.925 1.435 2.1 endloop endfacet
facet normal 0 0.9541 -0.2993 outer loop vertex -4.035 1.435 2.1 vertex -3.925 1.435 2.1 vertex -3.98 1.403 1.998 endloop endfacet
facet normal -0.5938 0.6187 -0.5143 outer loop vertex -4.035 1.435 2.1 vertex -3.98 1.403 1.998 vertex -4.069 1.35 2.037 endloop endfacet
facet normal -0.9285 0.3714 0 outer loop vertex -4.035 1.435 2.1 vertex -4.069 1.35 2.037 vertex -4.069 1.35 2.163 endloop endfacet
facet normal 0.5938 0.6187 0.5143 outer loop vertex -3.925 1.435 2.1 vertex -3.98 1.403 2.202 vertex -3.891 1.35 2.163 endloop endfacet
facet normal -0.4014 0 0.9159 outer loop vertex -3.98 1.403 2.202 vertex -4.069 1.35 2.163 vertex -3.98 1.297 2.202 endloop endfacet
facet normal -0.9285 -0.3714 0 outer loop vertex -4.069 1.35 2.163 vertex -4.069 1.35 2.037 vertex -4.035 1.265 2.1 endloop endfacet
facet normal -0.4014 0 -0.9159 outer loop vertex -4.069 1.35 2.037 vertex -3.98 1.403 1.998 vertex -3.98 1.297 1.998 endloop endfacet
facet normal 0.5938 0.6187 -0.5143 outer loop vertex -3.98 1.403 1.998 vertex -3.925 1.435 2.1 vertex -3.891 1.35 2.037 endloop endfacet
facet normal 0.5938 -0.6187 0.5143 outer loop vertex -3.925 1.265 2.1 vertex -3.891 1.35 2.163 vertex -3.98 1.297 2.202 endloop endfacet
facet normal 0 -0.9541 0.2993 outer loop vertex -3.925 1.265 2.1 vertex -3.98 1.297 2.202 vertex -4.035 1.265 2.1 endloop endfacet
facet normal 0 -0.9541 -0.2993 outer loop vertex -3.925 1.265 2.1 vertex -4.035 1.265 2.1 vertex -3.98 1.297 1.998 endloop endfacet
facet normal 0.5938 -0.6187 -0.5143 outer loop vertex -3.925 1.265 2.1 vertex -3.98 1.297 1.998 vertex -3.891 1.35 2.037 endloop endfacet
facet normal 0.9285 -0.3714 0 outer loop vertex -3.925 1.265 2.1 vertex -3.891 1.35 2.037 vertex -3.891 1.35 2.163 endloop endfacet
facet normal 0.4014 0 0.9159 outer loop vertex -3.98 1.297 2.202 vertex -3.891 1.35 2.163 vertex -3.98 1.403 2.202 endloop endfacet
facet normal -0.5938 -0.6187 0.5143 outer loop vertex -4.035 1.265 2.1 vertex -3.98 1.297 2.202 vertex -4.069 1.35 2.163 endloop endfacet
facet normal -0.5938 -0.6187 -0.5143 outer loop vertex -3.98 1.297 1.998 vertex -4.035 1.265 2.1 vertex -4.069 1.35 2.037 endloop endfacet
facet normal 0.4014 0 -0.9159 outer loop vertex -3.891 1.35 2.037 vertex -3.98 1.297 1.998 vertex -3.98 1.403 1.998 endloop endfacet
facet normal 0.9285 0.3714 0 outer loop vertex -3.891 1.35 2.163 vertex -3.891 1.35 2.037 vertex -3.925 1.435 2.1 endloop endfacet
facet normal -0.7145 0.6978 -0.04959 outer loop vertex -3.227 0.7 1.151 vertex -3.105 0.8284 1.2 vertex -2.965 0.9284 0.59 endloop endfacet
facet normal -0.7145 0.6979 -0.04958 outer loop vertex -3.227 0.7 1.151 vertex -2.965 0.9284 0.59 vertex -3.087 0.8 0.5409 endloop endfacet
facet normal -0.2198 -0.1585 0.9626 outer loop vertex -3.1 0.7 1.18 vertex -3.105 0.8284 1.2 vertex -3.227 0.7 1.151 endloop endfacet
facet normal 0.2205 0.1585 -0.9624 outer loop vertex -2.96 0.8 0.57 vertex -3.087 0.8 0.5409 vertex -2.965 0.9284 0.59 endloop endfacet
facet normal 0.6626 0.6999 0.2668 outer loop vertex -3.105 0.8284 1.2 vertex -2.973 0.7 1.209 vertex -2.833 0.8 0.5991 endloop endfacet
facet normal 0.6625 0.7 0.2668 outer loop vertex -3.105 0.8284 1.2 vertex -2.833 0.8 0.5991 vertex -2.965 0.9284 0.59 endloop endfacet
facet normal -0.2198 -0.1585 0.9626 outer loop vertex -3.1 0.7 1.18 vertex -2.973 0.7 1.209 vertex -3.105 0.8284 1.2 endloop endfacet
facet normal 0.2205 0.1585 -0.9624 outer loop vertex -2.96 0.8 0.57 vertex -2.965 0.9284 0.59 vertex -2.833 0.8 0.5991 endloop endfacet
facet normal 0.7145 -0.6978 0.04959 outer loop vertex -2.973 0.7 1.209 vertex -3.095 0.5716 1.16 vertex -2.955 0.6716 0.55 endloop endfacet
facet normal 0.7145 -0.6979 0.04959 outer loop vertex -2.973 0.7 1.209 vertex -2.955 0.6716 0.55 vertex -2.833 0.8 0.5991 endloop endfacet
facet normal -0.2198 -0.1585 0.9626 outer loop vertex -3.1 0.7 1.18 vertex -3.095 0.5716 1.16 vertex -2.973 0.7 1.209 endloop endfacet
facet normal 0.2205 0.1585 -0.9624 outer loop vertex -2.96 0.8 0.57 vertex -2.833 0.8 0.5991 vertex -2.955 0.6716 0.55 endloop endfacet
facet normal -0.6626 -0.6999 -0.2668 outer loop vertex -3.095 0.5716 1.16 vertex -3.227 0.7 1.151 vertex -3.087 0.8 0.5409 endloop endfacet
facet normal -0.6625 -0.7 -0.2668 outer loop vertex -3.095 0.5716 1.16 vertex -3.087 0.8 0.5409 vertex -2.955 0.6716 0.55 endloop endfacet
facet normal -0.2198 -0.1585 0.9626 outer loop vertex -3.1 0.7 1.18 vertex -3.227 0.7 1.151 vertex -3.095 0.5716 1.16 endloop endfacet
facet normal 0.2205 0.1585 -0.9624 outer loop vertex -2.96 0.8 0.57 vertex -2.955 0.6716 0.55 vertex -3.087 0.8 0.5409 endloop endfacet
facet normal -0.6999 0.7023 -0.1299 outer loop vertex -3.06 0.8 0.5375 vertex -2.964 0.9041 0.5831 vertex -2.824 0.9641 0.1531 endloop endfacet
facet normal -0.6999 0.7023 -0.1299 outer loop vertex -3.06 0.8 0.5375 vertex -2.824 0.9641 0.1531 vertex -2.92 0.86 0.1075 endloop endfacet
facet normal -0.3064 -0.1304 0.9429 outer loop vertex -2.96 0.8 0.57 vertex -2.964 0.9041 0.5831 vertex -3.06 0.8 0.5375 endloop endfacet
facet normal 0.3064 0.1304 -0.9429 outer loop vertex -2.82 0.86 0.14 vertex -2.92 0.86 0.1075 vertex -2.824 0.9641 0.1531 endloop endfacet
facet normal 0.6439 0.7006 0.3074 outer loop vertex -2.964 0.9041 0.5831 vertex -2.86 0.8 0.6025 vertex -2.72 0.86 0.1725 endloop endfacet
facet normal 0.6439 0.7006 0.3074 outer loop vertex -2.964 0.9041 0.5831 vertex -2.72 0.86 0.1725 vertex -2.824 0.9641 0.1531 endloop endfacet
facet normal -0.3064 -0.1304 0.9429 outer loop vertex -2.96 0.8 0.57 vertex -2.86 0.8 0.6025 vertex -2.964 0.9041 0.5831 endloop endfacet
facet normal 0.3064 0.1304 -0.9429 outer loop vertex -2.82 0.86 0.14 vertex -2.824 0.9641 0.1531 vertex -2.72 0.86 0.1725 endloop endfacet
facet normal 0.6999 -0.7023 0.1299 outer loop vertex -2.86 0.8 0.6025 vertex -2.956 0.6959 0.5569 vertex -2.816 0.7559 0.1269 endloop endfacet
facet normal 0.6999 -0.7023 0.1299 outer loop vertex -2.86 0.8 0.6025 vertex -2.816 0.7559 0.1269 vertex -2.72 0.86 0.1725 endloop endfacet
facet normal -0.3064 -0.1304 0.9429 outer loop vertex -2.96 0.8 0.57 vertex -2.956 0.6959 0.5569 vertex -2.86 0.8 0.6025 endloop endfacet
facet normal 0.3064 0.1304 -0.9429 outer loop vertex -2.82 0.86 0.14 vertex -2.72 0.86 0.1725 vertex -2.816 0.7559 0.1269 endloop endfacet
facet normal -0.6439 -0.7006 -0.3074 outer loop vertex -2.956 0.6959 0.5569 vertex -3.06 0.8 0.5375 vertex -2.92 0.86 0.1075 endloop endfacet
facet normal -0.6439 -0.7006 -0.3074 outer loop vertex -2.956 0.6959 0.5569 vertex -2.92 0.86 0.1075 vertex -2.816 0.7559 0.1269 endloop endfacet
facet normal -0.3064 -0.1304 0.9429 outer loop vertex -2.96 0.8 0.57 vertex -3.06 0.8 0.5375 vertex -2.956 0.6959 0.5569 endloop endfacet
facet normal 0.3064 0.1304 -0.9429 outer loop vertex -2.82 0.86 0.14 vertex -2.816 0.7559 0.1269 vertex -2.92 0.86 0.1075 endloop endfacet
facet normal 0 0 -1 outer loop vertex -2.935 1.18 0 vertex -2.705 0.78 0 vertex -2.935 0.78 0 endloop endfacet
facet normal 0 0 1 outer loop vertex -2.935 1.18 0.14 vertex -2.935 0.78 0.14 vertex -2.705 0.78 0.14 endloop endfacet
facet normal 0 0 -1 outer loop vertex -2.705 0.78 0 vertex -2.935 1.18 0 vertex -2.705 1.18 0 endloop endfacet
facet normal 0 0 1 outer loop vertex -2.705 0.78 0.14 vertex -2.705 1.18 0.14 vertex -2.935 1.18 0.14 endloop endfacet
facet normal 0 -1 0 outer loop vertex -2.935 0.78 0 vertex -2.705 0.78 0 vertex -2.705 0.78 0.14 endloop endfacet
facet normal 0 -1 0 outer loop vertex -2.935 0.78 0 vertex -2.705 0.78 0.14 vertex -2.935 0.78 0.14 endloop endfacet
facet normal 1 0 0 outer loop vertex -2.705 0.78 0 vertex -2.705 1.18 0 vertex -2.705 1.18 0.14 endloop endfacet
facet normal 1 0 0 outer loop vertex -2.705 0.78 0 vertex -2.705 1.18 0.14 vertex -2.705 0.78 0.14 endloop endfacet
facet normal 0 1 0 outer loop vertex -2.705 1.18 0 vertex -2.935 1.18 0 vertex -2.935 1.18 0.14 endloop endfacet
facet normal 0 1 0 outer loop vertex -2.705 1.18 0 vertex -2.935 1.18 0.14 vertex -2.705 1.18 0.14 endloop endfacet
facet normal -1 0 0 outer loop vertex -2.935 1.18 0 vertex -2.935 0.78 0 vertex -2.935 0.78 0.14 endloop endfacet
facet normal -1 0 0 outer loop vertex -2.935 1.18 0 vertex -2.935 0.78 0.14 vertex -2.935 1.18 0.14 endloop endfacet
facet normal -0.08937 0.8935 0.44 outer loop vertex -2.939 0.7614 1.98 vertex -2.832 0.746 2.033 vertex -2.602 0.966 1.633 endloop endfacet
facet normal -0.08937 0.8935 0.44 outer loop vertex -2.939 0.7614 1.98 vertex -2.602 0.966 1.633 vertex -2.709 0.9814 1.58 endloop endfacet
facet normal -0.4495 -0.4319 0.7819 outer loop vertex -2.88 0.7 1.98 vertex -2.832 0.746 2.033 vertex -2.939 0.7614 1.98 endloop endfacet
facet normal 0.4495 0.4319 -0.7819 outer loop vertex -2.65 0.92 1.58 vertex -2.709 0.9814 1.58 vertex -2.602 0.966 1.633 endloop endfacet
facet normal 0.8884 -0.1267 0.4412 outer loop vertex -2.832 0.746 2.033 vertex -2.821 0.6386 1.98 vertex -2.591 0.8586 1.58 endloop endfacet
facet normal 0.8884 -0.1267 0.4412 outer loop vertex -2.832 0.746 2.033 vertex -2.591 0.8586 1.58 vertex -2.602 0.966 1.633 endloop endfacet
facet normal -0.4495 -0.4319 0.7819 outer loop vertex -2.88 0.7 1.98 vertex -2.821 0.6386 1.98 vertex -2.832 0.746 2.033 endloop endfacet
facet normal 0.4495 0.4319 -0.7819 outer loop vertex -2.65 0.92 1.58 vertex -2.602 0.966 1.633 vertex -2.591 0.8586 1.58 endloop endfacet
facet normal 0.08937 -0.8935 -0.44 outer loop vertex -2.821 0.6386 1.98 vertex -2.928 0.654 1.927 vertex -2.698 0.874 1.527 endloop endfacet
facet normal 0.08937 -0.8935 -0.44 outer loop vertex -2.821 0.6386 1.98 vertex -2.698 0.874 1.527 vertex -2.591 0.8586 1.58 endloop endfacet
facet normal -0.4495 -0.4319 0.7819 outer loop vertex -2.88 0.7 1.98 vertex -2.928 0.654 1.927 vertex -2.821 0.6386 1.98 endloop endfacet
facet normal 0.4495 0.4319 -0.7819 outer loop vertex -2.65 0.92 1.58 vertex -2.591 0.8586 1.58 vertex -2.698 0.874 1.527 endloop endfacet
facet normal -0.8884 0.1267 -0.4412 outer loop vertex -2.928 0.654 1.927 vertex -2.939 0.7614 1.98 vertex -2.709 0.9814 1.58 endloop endfacet
facet normal -0.8884 0.1267 -0.4412 outer loop vertex -2.928 0.654 1.927 vertex -2.709 0.9814 1.58 vertex -2.698 0.874 1.527 endloop endfacet
facet normal -0.4495 -0.4319 0.7819 outer loop vertex -2.88 0.7 1.98 vertex -2.939 0.7614 1.98 vertex -2.928 0.654 1.927 endloop endfacet
facet normal 0.4495 0.4319 -0.7819 outer loop vertex -2.65 0.92 1.58 vertex -2.698 0.874 1.527 vertex -2.709 0.9814 1.58 endloop endfacet
facet normal -0.7527 -0.2856 0.5932 outer loop vertex -2.695 0.8665 1.58 vertex -2.679 0.9448 1.638 vertex -3.189 1.375 1.198 endloop endfacet
facet normal -0.7522 -0.2841 0.5945 outer loop vertex -2.695 0.8665 1.58 vertex -3.189 1.375 1.198 vertex -3.205 1.296 1.14 endloop endfacet
facet normal 0.6393 -0.5378 0.5496 outer loop vertex -2.65 0.92 1.58 vertex -2.679 0.9448 1.638 vertex -2.695 0.8665 1.58 endloop endfacet
facet normal -0.6411 0.5343 -0.5509 outer loop vertex -3.16 1.35 1.14 vertex -3.205 1.296 1.14 vertex -3.189 1.375 1.198 endloop endfacet
facet normal 0.157 0.7908 0.5917 outer loop vertex -2.679 0.9448 1.638 vertex -2.605 0.9735 1.58 vertex -3.115 1.404 1.14 endloop endfacet
facet normal 0.155 0.7902 0.5929 outer loop vertex -2.679 0.9448 1.638 vertex -3.115 1.404 1.14 vertex -3.189 1.375 1.198 endloop endfacet
facet normal 0.6393 -0.5378 0.5496 outer loop vertex -2.65 0.92 1.58 vertex -2.605 0.9735 1.58 vertex -2.679 0.9448 1.638 endloop endfacet
facet normal -0.6411 0.5343 -0.5509 outer loop vertex -3.16 1.35 1.14 vertex -3.189 1.375 1.198 vertex -3.115 1.404 1.14 endloop endfacet
facet normal 0.7526 0.2857 -0.5933 outer loop vertex -2.605 0.9735 1.58 vertex -2.621 0.8952 1.522 vertex -3.131 1.325 1.082 endloop endfacet
facet normal 0.7524 0.2839 -0.5943 outer loop vertex -2.605 0.9735 1.58 vertex -3.131 1.325 1.082 vertex -3.115 1.404 1.14 endloop endfacet
facet normal 0.6393 -0.5378 0.5496 outer loop vertex -2.65 0.92 1.58 vertex -2.621 0.8952 1.522 vertex -2.605 0.9735 1.58 endloop endfacet
facet normal -0.6411 0.5343 -0.5509 outer loop vertex -3.16 1.35 1.14 vertex -3.115 1.404 1.14 vertex -3.131 1.325 1.082 endloop endfacet
facet normal -0.1564 -0.7913 -0.5911 outer loop vertex -2.621 0.8952 1.522 vertex -2.695 0.8665 1.58 vertex -3.205 1.296 1.14 endloop endfacet
facet normal -0.1548 -0.7904 -0.5927 outer loop vertex -2.621 0.8952 1.522 vertex -3.205 1.296 1.14 vertex -3.131 1.325 1.082 endloop endfacet
facet normal 0.6393 -0.5378 0.5496 outer loop vertex -2.65 0.92 1.58 vertex -2.695 0.8665 1.58 vertex -2.621 0.8952 1.522 endloop endfacet
facet normal -0.6411 0.5343 -0.5509 outer loop vertex -3.16 1.35 1.14 vertex -3.131 1.325 1.082 vertex -3.205 1.296 1.14 endloop endfacet
facet normal -0.5938 0.6187 0.5143 outer loop vertex -3.215 1.435 1.14 vertex -3.249 1.35 1.203 vertex -3.16 1.403 1.242 endloop endfacet
facet normal 0 0.9541 0.2993 outer loop vertex -3.215 1.435 1.14 vertex -3.16 1.403 1.242 vertex -3.105 1.435 1.14 endloop endfacet
facet normal 0 0.9541 -0.2993 outer loop vertex -3.215 1.435 1.14 vertex -3.105 1.435 1.14 vertex -3.16 1.403 1.038 endloop endfacet
facet normal -0.5938 0.6187 -0.5143 outer loop vertex -3.215 1.435 1.14 vertex -3.16 1.403 1.038 vertex -3.249 1.35 1.077 endloop endfacet
facet normal -0.9285 0.3714 0 outer loop vertex -3.215 1.435 1.14 vertex -3.249 1.35 1.077 vertex -3.249 1.35 1.203 endloop endfacet
facet normal 0.5938 0.6187 0.5143 outer loop vertex -3.105 1.435 1.14 vertex -3.16 1.403 1.242 vertex -3.071 1.35 1.203 endloop endfacet
facet normal -0.4014 0 0.9159 outer loop vertex -3.16 1.403 1.242 vertex -3.249 1.35 1.203 vertex -3.16 1.297 1.242 endloop endfacet
facet normal -0.9285 -0.3714 0 outer loop vertex -3.249 1.35 1.203 vertex -3.249 1.35 1.077 vertex -3.215 1.265 1.14 endloop endfacet
facet normal -0.4014 0 -0.9159 outer loop vertex -3.249 1.35 1.077 vertex -3.16 1.403 1.038 vertex -3.16 1.297 1.038 endloop endfacet
facet normal 0.5938 0.6187 -0.5143 outer loop vertex -3.16 1.403 1.038 vertex -3.105 1.435 1.14 vertex -3.071 1.35 1.077 endloop endfacet
facet normal 0.5938 -0.6187 0.5143 outer loop vertex -3.105 1.265 1.14 vertex -3.071 1.35 1.203 vertex -3.16 1.297 1.242 endloop endfacet
facet normal 0 -0.9541 0.2993 outer loop vertex -3.105 1.265 1.14 vertex -3.16 1.297 1.242 vertex -3.215 1.265 1.14 endloop endfacet
facet normal 0 -0.9541 -0.2993 outer loop vertex -3.105 1.265 1.14 vertex -3.215 1.265 1.14 vertex -3.16 1.297 1.038 endloop endfacet
facet normal 0.5938 -0.6187 -0.5143 outer loop vertex -3.105 1.265 1.14 vertex -3.16 1.297 1.038 vertex -3.071 1.35 1.077 endloop endfacet
facet normal 0.9285 -0.3714 0 outer loop vertex -3.105 1.265 1.14 vertex -3.071 1.35 1.077 vertex -3.071 1.35 1.203 endloop endfacet
facet normal 0.4014 0 0.9159 outer loop vertex -3.16 1.297 1.242 vertex -3.071 1.35 1.203 vertex -3.16 1.403 1.242 endloop endfacet
facet normal -0.5938 -0.6187 0.5143 outer loop vertex -3.215 1.265 1.14 vertex -3.16 1.297 1.242 vertex -3.249 1.35 1.203 endloop endfacet
facet normal -0.5938 -0.6187 -0.5143 outer loop vertex -3.16 1.297 1.038 vertex -3.215 1.265 1.14 vertex -3.249 1.35 1.077 endloop endfacet
facet normal 0.4014 0 -0.9159 outer loop vertex -3.071 1.35 1.077 vertex -3.16 1.297 1.038 vertex -3.16 1.403 1.038 endloop endfacet
facet normal 0.9285 0.3714 0 outer loop vertex -3.071 1.35 1.203 vertex -3.071 1.35 1.077 vertex -3.105 1.435 1.14 endloop endfacet
facet normal 0 0 -1 outer loop vertex 2.95 0.89 1.225 vertex 3.65 0.51 1.225 vertex 2.95 0.51 1.225 endloop endfacet
facet normal 0 0 1 outer loop vertex 2.95 0.89 2.075 vertex 2.95 0.51 2.075 vertex 3.65 0.51 2.075 endloop endfacet
facet normal 0 0 -1 outer loop vertex 3.65 0.51 1.225 vertex 2.95 0.89 1.225 vertex 3.65 0.89 1.225 endloop endfacet
facet normal 0 0 1 outer loop vertex 3.65 0.51 2.075 vertex 3.65 0.89 2.075 vertex 2.95 0.89 2.075 endloop endfacet
facet normal 0 -1 0 outer loop vertex 2.95 0.51 1.225 vertex 3.65 0.51 1.225 vertex 3.65 0.51 2.075 endloop endfacet
facet normal 0 -1 0 outer loop vertex 2.95 0.51 1.225 vertex 3.65 0.51 2.075 vertex 2.95 0.51 2.075 endloop endfacet
facet normal 1 0 0 outer loop vertex 3.65 0.51 1.225 vertex 3.65 0.89 1.225 vertex 3.65 0.89 2.075 endloop endfacet
facet normal 1 0 0 outer loop vertex 3.65 0.51 1.225 vertex 3.65 0.89 2.075 vertex 3.65 0.51 2.075 endloop endfacet
facet normal 0 1 0 outer loop vertex 3.65 0.89 1.225 vertex 2.95 0.89 1.225 vertex 2.95 0.89 2.075 endloop endfacet
facet normal 0 1 0 outer loop vertex 3.65 0.89 1.225 vertex 2.95 0.89 2.075 vertex 3.65 0.89 2.075 endloop endfacet
facet normal -1 0 0 outer loop vertex 2.95 0.89 1.225 vertex 2.95 0.51 1.225 vertex 2.95 0.51 2.075 endloop endfacet
facet normal -1 0 0 outer loop vertex 2.95 0.89 1.225 vertex 2.95 0.51 2.075 vertex 2.95 0.89 2.075 endloop endfacet
facet normal 0.7071 0.7071 0 outer loop vertex 3.43 0.7 2.08 vertex 3.3 0.83 2.08 vertex 3.3 0.83 2.22 endloop endfacet
facet normal 0.7071 0.7071 0 outer loop vertex 3.43 0.7 2.08 vertex 3.3 0.83 2.22 vertex 3.43 0.7 2.22 endloop endfacet
facet normal 0 0 -1 outer loop vertex 3.3 0.7 2.08 vertex 3.3 0.83 2.08 vertex 3.43 0.7 2.08 endloop endfacet
facet normal 0 0 1 outer loop vertex 3.3 0.7 2.22 vertex 3.43 0.7 2.22 vertex 3.3 0.83 2.22 endloop endfacet
facet normal -0.7071 0.7071 0 outer loop vertex 3.3 0.83 2.08 vertex 3.17 0.7 2.08 vertex 3.17 0.7 2.22 endloop endfacet
facet normal -0.7071 0.7071 0 outer loop vertex 3.3 0.83 2.08 vertex 3.17 0.7 2.22 vertex 3.3 0.83 2.22 endloop endfacet
facet normal 0 0 -1 outer loop vertex 3.3 0.7 2.08 vertex 3.17 0.7 2.08 vertex 3.3 0.83 2.08 endloop endfacet
facet normal 0 0 1 outer loop vertex 3.3 0.7 2.22 vertex 3.3 0.83 2.22 vertex 3.17 0.7 2.22 endloop endfacet
facet normal -0.7071 -0.7071 0 outer loop vertex 3.17 0.7 2.08 vertex 3.3 0.57 2.08 vertex 3.3 0.57 2.22 endloop endfacet
facet normal -0.7071 -0.7071 0 outer loop vertex 3.17 0.7 2.08 vertex 3.3 0.57 2.22 vertex 3.17 0.7 2.22 endloop endfacet
facet normal 0 0 -1 outer loop vertex 3.3 0.7 2.08 vertex 3.3 0.57 2.08 vertex 3.17 0.7 2.08 endloop endfacet
facet normal 0 0 1 outer loop vertex 3.3 0.7 2.22 vertex 3.17 0.7 2.22 vertex 3.3 0.57 2.22 endloop endfacet
facet normal 0.7071 -0.7071 0 outer loop vertex 3.3 0.57 2.08 vertex 3.43 0.7 2.08 vertex 3.43 0.7 2.22 endloop endfacet
facet normal 0.7071 -0.7071 0 outer loop vertex 3.3 0.57 2.08 vertex 3.43 0.7 2.22 vertex 3.3 0.57 2.22 endloop endfacet
facet normal 0 0 -1 outer loop vertex 3.3 0.7 2.08 vertex 3.43 0.7 2.08 vertex 3.3 0.57 2.08 endloop endfacet
facet normal 0 0 1 outer loop vertex 3.3 0.7 2.22 vertex 3.3 0.57 2.22 vertex 3.43 0.7 2.22 endloop endfacet
facet normal -0.5967 0.6467 0.4751 outer loop vertex 3.158 0.9127 2.46 vertex 3.07 0.7 2.639 vertex 3.3 0.8314 2.749 endloop endfacet
facet normal 0 0.9626 0.2708 outer loop vertex 3.158 0.9127 2.46 vertex 3.3 0.8314 2.749 vertex 3.442 0.9127 2.46 endloop endfacet
facet normal 0 0.9626 -0.2708 outer loop vertex 3.158 0.9127 2.46 vertex 3.442 0.9127 2.46 vertex 3.3 0.8314 2.171 endloop endfacet
facet normal -0.5967 0.6467 -0.4751 outer loop vertex 3.158 0.9127 2.46 vertex 3.3 0.8314 2.171 vertex 3.07 0.7 2.281 endloop endfacet
facet normal -0.924 0.3823 0 outer loop vertex 3.158 0.9127 2.46 vertex 3.07 0.7 2.281 vertex 3.07 0.7 2.639 endloop endfacet
facet normal 0.5967 0.6467 0.4751 outer loop vertex 3.442 0.9127 2.46 vertex 3.3 0.8314 2.749 vertex 3.53 0.7 2.639 endloop endfacet
facet normal -0.4315 0 0.9021 outer loop vertex 3.3 0.8314 2.749 vertex 3.07 0.7 2.639 vertex 3.3 0.5686 2.749 endloop endfacet
facet normal -0.924 -0.3823 0 outer loop vertex 3.07 0.7 2.639 vertex 3.07 0.7 2.281 vertex 3.158 0.4873 2.46 endloop endfacet
facet normal -0.4315 0 -0.9021 outer loop vertex 3.07 0.7 2.281 vertex 3.3 0.8314 2.171 vertex 3.3 0.5686 2.171 endloop endfacet
facet normal 0.5967 0.6467 -0.4751 outer loop vertex 3.3 0.8314 2.171 vertex 3.442 0.9127 2.46 vertex 3.53 0.7 2.281 endloop endfacet
facet normal 0.5967 -0.6467 0.4751 outer loop vertex 3.442 0.4873 2.46 vertex 3.53 0.7 2.639 vertex 3.3 0.5686 2.749 endloop endfacet
facet normal 0 -0.9626 0.2708 outer loop vertex 3.442 0.4873 2.46 vertex 3.3 0.5686 2.749 vertex 3.158 0.4873 2.46 endloop endfacet
facet normal 0 -0.9626 -0.2708 outer loop vertex 3.442 0.4873 2.46 vertex 3.158 0.4873 2.46 vertex 3.3 0.5686 2.171 endloop endfacet
facet normal 0.5967 -0.6467 -0.4751 outer loop vertex 3.442 0.4873 2.46 vertex 3.3 0.5686 2.171 vertex 3.53 0.7 2.281 endloop endfacet
facet normal 0.924 -0.3823 0 outer loop vertex 3.442 0.4873 2.46 vertex 3.53 0.7 2.281 vertex 3.53 0.7 2.639 endloop endfacet
facet normal 0.4315 0 0.9021 outer loop vertex 3.3 0.5686 2.749 vertex 3.53 0.7 2.639 vertex 3.3 0.8314 2.749 endloop endfacet
facet normal -0.5967 -0.6467 0.4751 outer loop vertex 3.158 0.4873 2.46 vertex 3.3 0.5686 2.749 vertex 3.07 0.7 2.639 endloop endfacet
facet normal -0.5967 -0.6467 -0.4751 outer loop vertex 3.3 0.5686 2.171 vertex 3.158 0.4873 2.46 vertex 3.07 0.7 2.281 endloop endfacet
facet normal 0.4315 0 -0.9021 outer loop vertex 3.53 0.7 2.281 vertex 3.3 0.5686 2.171 vertex 3.3 0.8314 2.171 endloop endfacet
facet normal 0.924 0.3823 0 outer loop vertex 3.53 0.7 2.639 vertex 3.53 0.7 2.281 vertex 3.442 0.9127 2.46 endloop endfacet
facet normal -0.4937 0.5759 0.6516 outer loop vertex 3.148 0.8677 2.58 vertex 3.053 0.655 2.696 vertex 3.3 0.7864 2.767 endloop endfacet
facet normal 0 0.9171 0.3987 outer loop vertex 3.148 0.8677 2.58 vertex 3.3 0.7864 2.767 vertex 3.452 0.8677 2.58 endloop endfacet
facet normal 0 0.9171 -0.3987 outer loop vertex 3.148 0.8677 2.58 vertex 3.452 0.8677 2.58 vertex 3.3 0.7864 2.393 endloop endfacet
facet normal -0.4937 0.5759 -0.6516 outer loop vertex 3.148 0.8677 2.58 vertex 3.3 0.7864 2.393 vertex 3.053 0.655 2.464 endloop endfacet
facet normal -0.9131 0.4078 0 outer loop vertex 3.148 0.8677 2.58 vertex 3.053 0.655 2.464 vertex 3.053 0.655 2.696 endloop endfacet
facet normal 0.4937 0.5759 0.6516 outer loop vertex 3.452 0.8677 2.58 vertex 3.3 0.7864 2.767 vertex 3.547 0.655 2.696 endloop endfacet
facet normal -0.2763 0 0.9611 outer loop vertex 3.3 0.7864 2.767 vertex 3.053 0.655 2.696 vertex 3.3 0.5236 2.767 endloop endfacet
facet normal -0.9131 -0.4078 0 outer loop vertex 3.053 0.655 2.696 vertex 3.053 0.655 2.464 vertex 3.148 0.4423 2.58 endloop endfacet
facet normal -0.2763 0 -0.9611 outer loop vertex 3.053 0.655 2.464 vertex 3.3 0.7864 2.393 vertex 3.3 0.5236 2.393 endloop endfacet
facet normal 0.4937 0.5759 -0.6516 outer loop vertex 3.3 0.7864 2.393 vertex 3.452 0.8677 2.58 vertex 3.547 0.655 2.464 endloop endfacet
facet normal 0.4937 -0.5759 0.6516 outer loop vertex 3.452 0.4423 2.58 vertex 3.547 0.655 2.696 vertex 3.3 0.5236 2.767 endloop endfacet
facet normal 0 -0.9171 0.3987 outer loop vertex 3.452 0.4423 2.58 vertex 3.3 0.5236 2.767 vertex 3.148 0.4423 2.58 endloop endfacet
facet normal 0 -0.9171 -0.3987 outer loop vertex 3.452 0.4423 2.58 vertex 3.148 0.4423 2.58 vertex 3.3 0.5236 2.393 endloop endfacet
facet normal 0.4937 -0.5759 -0.6516 outer loop vertex 3.452 0.4423 2.58 vertex 3.3 0.5236 2.393 vertex 3.547 0.655 2.464 endloop endfacet
facet normal 0.9131 -0.4078 0 outer loop vertex 3.452 0.4423 2.58 vertex 3.547 0.655 2.464 vertex 3.547 0.655 2.696 endloop endfacet
facet normal 0.2763 0 0.9611 outer loop vertex 3.3 0.5236 2.767 vertex 3.547 0.655 2.696 vertex 3.3 0.7864 2.767 endloop endfacet
facet normal -0.4937 -0.5759 0.6516 outer loop vertex 3.148 0.4423 2.58 vertex 3.3 0.5236 2.767 vertex 3.053 0.655 2.696 endloop endfacet
facet normal -0.4937 -0.5759 -0.6516 outer loop vertex 3.3 0.5236 2.393 vertex 3.148 0.4423 2.58 vertex 3.053 0.655 2.464 endloop endfacet
facet normal 0.2763 0 -0.9611 outer loop vertex 3.547 0.655 2.464 vertex 3.3 0.5236 2.393 vertex 3.3 0.7864 2.393 endloop endfacet
facet normal 0.9131 0.4078 0 outer loop vertex 3.547 0.655 2.696 vertex 3.547 0.655 2.464 vertex 3.452 0.8677 2.58 endloop endfacet
facet normal 0 0 -1 outer loop vertex 3.25 0.99 2.395 vertex 3.35 0.89 2.395 vertex 3.25 0.89 2.395 endloop endfacet
facet normal 0 0 1 outer loop vertex 3.25 0.99 2.525 vertex 3.25 0.89 2.525 vertex 3.35 0.89 2.525 endloop endfacet
facet normal 0 0 -1 outer loop vertex 3.35 0.89 2.395 vertex 3.25 0.99 2.395 vertex 3.35 0.99 2.395 endloop endfacet
facet normal 0 0 1 outer loop vertex 3.35 0.89 2.525 vertex 3.35 0.99 2.525 vertex 3.25 0.99 2.525 endloop endfacet
facet normal 0 -1 0 outer loop vertex 3.25 0.89 2.395 vertex 3.35 0.89 2.395 vertex 3.35 0.89 2.525 endloop endfacet
facet normal 0 -1 0 outer loop vertex 3.25 0.89 2.395 vertex 3.35 0.89 2.525 vertex 3.25 0.89 2.525 endloop endfacet
facet normal 1 0 0 outer loop vertex 3.35 0.89 2.395 vertex 3.35 0.99 2.395 vertex 3.35 0.99 2.525 endloop endfacet
facet normal 1 0 0 outer loop vertex 3.35 0.89 2.395 vertex 3.35 0.99 2.525 vertex 3.35 0.89 2.525 endloop endfacet
facet normal 0 1 0 outer loop vertex 3.35 0.99 2.395 vertex 3.25 0.99 2.395 vertex 3.25 0.99 2.525 endloop endfacet
facet normal 0 1 0 outer loop vertex 3.35 0.99 2.395 vertex 3.25 0.99 2.525 vertex 3.35 0.99 2.525 endloop endfacet
facet normal -1 0 0 outer loop vertex 3.25 0.99 2.395 vertex 3.25 0.89 2.395 vertex 3.25 0.89 2.525 endloop endfacet
facet normal -1 0 0 outer loop vertex 3.25 0.99 2.395 vertex 3.25 0.89 2.525 vertex 3.25 0.99 2.525 endloop endfacet
facet normal -0.7145 0.6978 0.04959 outer loop vertex 2.973 0.7 1.209 vertex 3.095 0.8284 1.16 vertex 2.955 0.7284 0.55 endloop endfacet
facet normal -0.7145 0.6979 0.04959 outer loop vertex 2.973 0.7 1.209 vertex 2.955 0.7284 0.55 vertex 2.833 0.6 0.5991 endloop endfacet
facet normal 0.2198 0.1585 0.9626 outer loop vertex 3.1 0.7 1.18 vertex 3.095 0.8284 1.16 vertex 2.973 0.7 1.209 endloop endfacet
facet normal -0.2205 -0.1585 -0.9624 outer loop vertex 2.96 0.6 0.57 vertex 2.833 0.6 0.5991 vertex 2.955 0.7284 0.55 endloop endfacet
facet normal 0.6626 0.6999 -0.2668 outer loop vertex 3.095 0.8284 1.16 vertex 3.227 0.7 1.151 vertex 3.087 0.6 0.5409 endloop endfacet
facet normal 0.6625 0.7 -0.2668 outer loop vertex 3.095 0.8284 1.16 vertex 3.087 0.6 0.5409 vertex 2.955 0.7284 0.55 endloop endfacet
facet normal 0.2198 0.1585 0.9626 outer loop vertex 3.1 0.7 1.18 vertex 3.227 0.7 1.151 vertex 3.095 0.8284 1.16 endloop endfacet
facet normal -0.2205 -0.1585 -0.9624 outer loop vertex 2.96 0.6 0.57 vertex 2.955 0.7284 0.55 vertex 3.087 0.6 0.5409 endloop endfacet
facet normal 0.7145 -0.6978 -0.04959 outer loop vertex 3.227 0.7 1.151 vertex 3.105 0.5716 1.2 vertex 2.965 0.4716 0.59 endloop endfacet
facet normal 0.7145 -0.6979 -0.04958 outer loop vertex 3.227 0.7 1.151 vertex 2.965 0.4716 0.59 vertex 3.087 0.6 0.5409 endloop endfacet
facet normal 0.2198 0.1585 0.9626 outer loop vertex 3.1 0.7 1.18 vertex 3.105 0.5716 1.2 vertex 3.227 0.7 1.151 endloop endfacet
facet normal -0.2205 -0.1585 -0.9624 outer loop vertex 2.96 0.6 0.57 vertex 3.087 0.6 0.5409 vertex 2.965 0.4716 0.59 endloop endfacet
facet normal -0.6626 -0.6999 0.2668 outer loop vertex 3.105 0.5716 1.2 vertex 2.973 0.7 1.209 vertex 2.833 0.6 0.5991 endloop endfacet
facet normal -0.6625 -0.7 0.2668 outer loop vertex 3.105 0.5716 1.2 vertex 2.833 0.6 0.5991 vertex 2.965 0.4716 0.59 endloop endfacet
facet normal 0.2198 0.1585 0.9626 outer loop vertex 3.1 0.7 1.18 vertex 2.973 0.7 1.209 vertex 3.105 0.5716 1.2 endloop endfacet
facet normal -0.2205 -0.1585 -0.9624 outer loop vertex 2.96 0.6 0.57 vertex 2.965 0.4716 0.59 vertex 2.833 0.6 0.5991 endloop endfacet
facet normal -0.8998 0.1759 0.3993 outer loop vertex 2.868 0.5502 0.57 vertex 2.919 0.6762 0.6294 vertex 2.779 0.9362 0.1994 endloop endfacet
facet normal -0.8998 0.1759 0.3993 outer loop vertex 2.868 0.5502 0.57 vertex 2.779 0.9362 0.1994 vertex 2.728 0.8102 0.14 endloop endfacet
facet normal 0.2694 -0.4977 0.8244 outer loop vertex 2.96 0.6 0.57 vertex 2.919 0.6762 0.6294 vertex 2.868 0.5502 0.57 endloop endfacet
facet normal -0.2694 0.4977 -0.8244 outer loop vertex 2.82 0.86 0.14 vertex 2.728 0.8102 0.14 vertex 2.779 0.9362 0.1994 endloop endfacet
facet normal 0.347 0.8483 0.3999 outer loop vertex 2.919 0.6762 0.6294 vertex 3.052 0.6498 0.57 vertex 2.912 0.9098 0.14 endloop endfacet
facet normal 0.347 0.8483 0.3999 outer loop vertex 2.919 0.6762 0.6294 vertex 2.912 0.9098 0.14 vertex 2.779 0.9362 0.1994 endloop endfacet
facet normal 0.2694 -0.4977 0.8244 outer loop vertex 2.96 0.6 0.57 vertex 3.052 0.6498 0.57 vertex 2.919 0.6762 0.6294 endloop endfacet
facet normal -0.2694 0.4977 -0.8244 outer loop vertex 2.82 0.86 0.14 vertex 2.779 0.9362 0.1994 vertex 2.912 0.9098 0.14 endloop endfacet
facet normal 0.8998 -0.176 -0.3993 outer loop vertex 3.052 0.6498 0.57 vertex 3.001 0.5238 0.5106 vertex 2.861 0.7838 0.08056 endloop endfacet
facet normal 0.8998 -0.1758 -0.3993 outer loop vertex 3.052 0.6498 0.57 vertex 2.861 0.7838 0.08056 vertex 2.912 0.9098 0.14 endloop endfacet
facet normal 0.2694 -0.4977 0.8244 outer loop vertex 2.96 0.6 0.57 vertex 3.001 0.5238 0.5106 vertex 3.052 0.6498 0.57 endloop endfacet
facet normal -0.2695 0.4979 -0.8243 outer loop vertex 2.82 0.86 0.14 vertex 2.912 0.9098 0.14 vertex 2.861 0.7838 0.08056 endloop endfacet
facet normal -0.347 -0.8483 -0.3999 outer loop vertex 3.001 0.5238 0.5106 vertex 2.868 0.5502 0.57 vertex 2.728 0.8102 0.14 endloop endfacet
facet normal -0.3471 -0.8483 -0.3999 outer loop vertex 3.001 0.5238 0.5106 vertex 2.728 0.8102 0.14 vertex 2.861 0.7838 0.08056 endloop endfacet
facet normal 0.2694 -0.4977 0.8244 outer loop vertex 2.96 0.6 0.57 vertex 2.868 0.5502 0.57 vertex 3.001 0.5238 0.5106 endloop endfacet
facet normal -0.2695 0.4979 -0.8243 outer loop vertex 2.82 0.86 0.14 vertex 2.861 0.7838 0.08056 vertex 2.728 0.8102 0.14 endloop endfacet
facet normal 0 0 -1 outer loop vertex 2.705 1.18 0 vertex 2.935 0.78 0 vertex 2.705 0.78 0 endloop endfacet
facet normal 0 0 1 outer loop vertex 2.705 1.18 0.14 vertex 2.705 0.78 0.14 vertex 2.935 0.78 0.14 endloop endfacet
facet normal 0 0 -1 outer loop vertex 2.935 0.78 0 vertex 2.705 1.18 0 vertex 2.935 1.18 0 endloop endfacet
facet normal 0 0 1 outer loop vertex 2.935 0.78 0.14 vertex 2.935 1.18 0.14 vertex 2.705 1.18 0.14 endloop endfacet
facet normal 0 -1 0 outer loop vertex 2.705 0.78 0 vertex 2.935 0.78 0 vertex 2.935 0.78 0.14 endloop endfacet
facet normal 0 -1 0 outer loop vertex 2.705 0.78 0 vertex 2.935 0.78 0.14 vertex 2.705 0.78 0.14 endloop endfacet
facet normal 1 0 0 outer loop vertex 2.935 0.78 0 vertex 2.935 1.18 0 vertex 2.935 1.18 0.14 endloop endfacet
facet normal 1 0 0 outer loop vertex 2.935 0.78 0 vertex 2.935 1.18 0.14 vertex 2.935 0.78 0.14 endloop endfacet
facet normal 0 1 0 outer loop vertex 2.935 1.18 0 vertex 2.705 1.18 0 vertex 2.705 1.18 0.14 endloop endfacet
facet normal 0 1 0 outer loop vertex 2.935 1.18 0 vertex 2.705 1.18 0.14 vertex 2.935 1.18 0.14 endloop endfacet
facet normal -1 0 0 outer loop vertex 2.705 1.18 0 vertex 2.705 0.78 0 vertex 2.705 0.78 0.14 endloop endfacet
facet normal -1 0 0 outer loop vertex 2.705 1.18 0 vertex 2.705 0.78 0.14 vertex 2.705 1.18 0.14 endloop endfacet
facet normal -0.8884 -0.1267 0.4412 outer loop vertex 2.821 0.6386 1.98 vertex 2.832 0.746 2.033 vertex 2.602 0.966 1.633 endloop endfacet
facet normal -0.8884 -0.1267 0.4412 outer loop vertex 2.821 0.6386 1.98 vertex 2.602 0.966 1.633 vertex 2.591 0.8586 1.58 endloop endfacet
facet normal 0.4495 -0.4319 0.7819 outer loop vertex 2.88 0.7 1.98 vertex 2.832 0.746 2.033 vertex 2.821 0.6386 1.98 endloop endfacet
facet normal -0.4495 0.4319 -0.7819 outer loop vertex 2.65 0.92 1.58 vertex 2.591 0.8586 1.58 vertex 2.602 0.966 1.633 endloop endfacet
facet normal 0.08937 0.8935 0.44 outer loop vertex 2.832 0.746 2.033 vertex 2.939 0.7614 1.98 vertex 2.709 0.9814 1.58 endloop endfacet
facet normal 0.08937 0.8935 0.44 outer loop vertex 2.832 0.746 2.033 vertex 2.709 0.9814 1.58 vertex 2.602 0.966 1.633 endloop endfacet
facet normal 0.4495 -0.4319 0.7819 outer loop vertex 2.88 0.7 1.98 vertex 2.939 0.7614 1.98 vertex 2.832 0.746 2.033 endloop endfacet
facet normal -0.4495 0.4319 -0.7819 outer loop vertex 2.65 0.92 1.58 vertex 2.602 0.966 1.633 vertex 2.709 0.9814 1.58 endloop endfacet
facet normal 0.8884 0.1267 -0.4412 outer loop vertex 2.939 0.7614 1.98 vertex 2.928 0.654 1.927 vertex 2.698 0.874 1.527 endloop endfacet
facet normal 0.8884 0.1267 -0.4412 outer loop vertex 2.939 0.7614 1.98 vertex 2.698 0.874 1.527 vertex 2.709 0.9814 1.58 endloop endfacet
facet normal 0.4495 -0.4319 0.7819 outer loop vertex 2.88 0.7 1.98 vertex 2.928 0.654 1.927 vertex 2.939 0.7614 1.98 endloop endfacet
facet normal -0.4495 0.4319 -0.7819 outer loop vertex 2.65 0.92 1.58 vertex 2.709 0.9814 1.58 vertex 2.698 0.874 1.527 endloop endfacet
facet normal -0.08937 -0.8935 -0.44 outer loop vertex 2.928 0.654 1.927 vertex 2.821 0.6386 1.98 vertex 2.591 0.8586 1.58 endloop endfacet
facet normal -0.08937 -0.8935 -0.44 outer loop vertex 2.928 0.654 1.927 vertex 2.591 0.8586 1.58 vertex 2.698 0.874 1.527 endloop endfacet
facet normal 0.4495 -0.4319 0.7819 outer loop vertex 2.88 0.7 1.98 vertex 2.821 0.6386 1.98 vertex 2.928 0.654 1.927 endloop endfacet
facet normal -0.4495 0.4319 -0.7819 outer loop vertex 2.65 0.92 1.58 vertex 2.698 0.874 1.527 vertex 2.591 0.8586 1.58 endloop endfacet
facet normal -0.1569 0.7909 0.5915 outer loop vertex 2.605 0.9735 1.58 vertex 2.679 0.9448 1.638 vertex 3.189 1.375 1.198 endloop endfacet
facet normal -0.1552 0.79 0.5931 outer loop vertex 2.605 0.9735 1.58 vertex 3.189 1.375 1.198 vertex 3.115 1.404 1.14 endloop endfacet
facet normal -0.6393 -0.5378 0.5496 outer loop vertex 2.65 0.92 1.58 vertex 2.679 0.9448 1.638 vertex 2.605 0.9735 1.58 endloop endfacet
facet normal 0.6411 0.5343 -0.5509 outer loop vertex 3.16 1.35 1.14 vertex 3.115 1.404 1.14 vertex 3.189 1.375 1.198 endloop endfacet
facet normal 0.7525 -0.2857 0.5933 outer loop vertex 2.679 0.9448 1.638 vertex 2.695 0.8665 1.58 vertex 3.205 1.296 1.14 endloop endfacet
facet normal 0.7524 -0.284 0.5944 outer loop vertex 2.679 0.9448 1.638 vertex 3.205 1.296 1.14 vertex 3.189 1.375 1.198 endloop endfacet
facet normal -0.6393 -0.5378 0.5496 outer loop vertex 2.65 0.92 1.58 vertex 2.695 0.8665 1.58 vertex 2.679 0.9448 1.638 endloop endfacet
facet normal 0.6411 0.5343 -0.5509 outer loop vertex 3.16 1.35 1.14 vertex 3.189 1.375 1.198 vertex 3.205 1.296 1.14 endloop endfacet
facet normal 0.1566 -0.7911 -0.5913 outer loop vertex 2.695 0.8665 1.58 vertex 2.621 0.8952 1.522 vertex 3.131 1.325 1.082 endloop endfacet
facet normal 0.1546 -0.7906 -0.5925 outer loop vertex 2.695 0.8665 1.58 vertex 3.131 1.325 1.082 vertex 3.205 1.296 1.14 endloop endfacet
facet normal -0.6393 -0.5378 0.5496 outer loop vertex 2.65 0.92 1.58 vertex 2.621 0.8952 1.522 vertex 2.695 0.8665 1.58 endloop endfacet
facet normal 0.6411 0.5343 -0.5509 outer loop vertex 3.16 1.35 1.14 vertex 3.205 1.296 1.14 vertex 3.131 1.325 1.082 endloop endfacet
facet normal -0.7528 0.2855 -0.5931 outer loop vertex 2.621 0.8952 1.522 vertex 2.605 0.9735 1.58 vertex 3.115 1.404 1.14 endloop endfacet
facet normal -0.7523 0.2841 -0.5945 outer loop vertex 2.621 0.8952 1.522 vertex 3.115 1.404 1.14 vertex 3.131 1.325 1.082 endloop endfacet
facet normal -0.6393 -0.5378 0.5496 outer loop vertex 2.65 0.92 1.58 vertex 2.605 0.9735 1.58 vertex 2.621 0.8952 1.522 endloop endfacet
facet normal 0.6411 0.5343 -0.5509 outer loop vertex 3.16 1.35 1.14 vertex 3.131 1.325 1.082 vertex 3.115 1.404 1.14 endloop endfacet
facet normal -0.5938 0.6187 0.5143 outer loop vertex 3.105 1.435 1.14 vertex 3.071 1.35 1.203 vertex 3.16 1.403 1.242 endloop endfacet
facet normal 0 0.9541 0.2993 outer loop vertex 3.105 1.435 1.14 vertex 3.16 1.403 1.242 vertex 3.215 1.435 1.14 endloop endfacet
facet normal 0 0.9541 -0.2993 outer loop vertex 3.105 1.435 1.14 vertex 3.215 1.435 1.14 vertex 3.16 1.403 1.038 endloop endfacet
facet normal -0.5938 0.6187 -0.5143 outer loop vertex 3.105 1.435 1.14 vertex 3.16 1.403 1.038 vertex 3.071 1.35 1.077 endloop endfacet
facet normal -0.9285 0.3714 0 outer loop vertex 3.105 1.435 1.14 vertex 3.071 1.35 1.077 vertex 3.071 1.35 1.203 endloop endfacet
facet normal 0.5938 0.6187 0.5143 outer loop vertex 3.215 1.435 1.14 vertex 3.16 1.403 1.242 vertex 3.249 1.35 1.203 endloop endfacet
facet normal -0.4014 0 0.9159 outer loop vertex 3.16 1.403 1.242 vertex 3.071 1.35 1.203 vertex 3.16 1.297 1.242 endloop endfacet
facet normal -0.9285 -0.3714 0 outer loop vertex 3.071 1.35 1.203 vertex 3.071 1.35 1.077 vertex 3.105 1.265 1.14 endloop endfacet
facet normal -0.4014 0 -0.9159 outer loop vertex 3.071 1.35 1.077 vertex 3.16 1.403 1.038 vertex 3.16 1.297 1.038 endloop endfacet
facet normal 0.5938 0.6187 -0.5143 outer loop vertex 3.16 1.403 1.038 vertex 3.215 1.435 1.14 vertex 3.249 1.35 1.077 endloop endfacet
facet normal 0.5938 -0.6187 0.5143 outer loop vertex 3.215 1.265 1.14 vertex 3.249 1.35 1.203 vertex 3.16 1.297 1.242 endloop endfacet
facet normal 0 -0.9541 0.2993 outer loop vertex 3.215 1.265 1.14 vertex 3.16 1.297 1.242 vertex 3.105 1.265 1.14 endloop endfacet
facet normal 0 -0.9541 -0.2993 outer loop vertex 3.215 1.265 1.14 vertex 3.105 1.265 1.14 vertex 3.16 1.297 1.038 endloop endfacet
facet normal 0.5938 -0.6187 -0.5143 outer loop vertex 3.215 1.265 1.14 vertex 3.16 1.297 1.038 vertex 3.249 1.35 1.077 endloop endfacet
facet normal 0.9285 -0.3714 0 outer loop vertex 3.215 1.265 1.14 vertex 3.249 1.35 1.077 vertex 3.249 1.35 1.203 endloop endfacet
facet normal 0.4014 0 0.9159 outer loop vertex 3.16 1.297 1.242 vertex 3.249 1.35 1.203 vertex 3.16 1.403 1.242 endloop endfacet
facet normal -0.5938 -0.6187 0.5143 outer loop vertex 3.105 1.265 1.14 vertex 3.16 1.297 1.242 vertex 3.071 1.35 1.203 endloop endfacet
facet normal -0.5938 -0.6187 -0.5143 outer loop vertex 3.16 1.297 1.038 vertex 3.105 1.265 1.14 vertex 3.071 1.35 1.077 endloop endfacet
facet normal 0.4014 0 -0.9159 outer loop vertex 3.249 1.35 1.077 vertex 3.16 1.297 1.038 vertex 3.16 1.403 1.038 endloop endfacet
facet normal 0.9285 0.3714 0 outer loop vertex 3.249 1.35 1.203 vertex 3.249 1.35 1.077 vertex 3.215 1.435 1.14 endloop endfacet
facet normal -0.7145 0.6978 -0.04959 outer loop vertex 3.373 0.7 1.151 vertex 3.495 0.8284 1.2 vertex 3.635 0.9284 0.59 endloop endfacet
facet normal -0.7145 0.6979 -0.04958 outer loop vertex 3.373 0.7 1.151 vertex 3.635 0.9284 0.59 vertex 3.513 0.8 0.5409 endloop endfacet
facet normal -0.2198 -0.1585 0.9626 outer loop vertex 3.5 0.7 1.18 vertex 3.495 0.8284 1.2 vertex 3.373 0.7 1.151 endloop endfacet
facet normal 0.2205 0.1585 -0.9624 outer loop vertex 3.64 0.8 0.57 vertex 3.513 0.8 0.5409 vertex 3.635 0.9284 0.59 endloop endfacet
facet normal 0.6626 0.6999 0.2668 outer loop vertex 3.495 0.8284 1.2 vertex 3.627 0.7 1.209 vertex 3.767 0.8 0.5991 endloop endfacet
facet normal 0.6625 0.7 0.2668 outer loop vertex 3.495 0.8284 1.2 vertex 3.767 0.8 0.5991 vertex 3.635 0.9284 0.59 endloop endfacet
facet normal -0.2198 -0.1585 0.9626 outer loop vertex 3.5 0.7 1.18 vertex 3.627 0.7 1.209 vertex 3.495 0.8284 1.2 endloop endfacet
facet normal 0.2205 0.1585 -0.9624 outer loop vertex 3.64 0.8 0.57 vertex 3.635 0.9284 0.59 vertex 3.767 0.8 0.5991 endloop endfacet
facet normal 0.7145 -0.6978 0.04959 outer loop vertex 3.627 0.7 1.209 vertex 3.505 0.5716 1.16 vertex 3.645 0.6716 0.55 endloop endfacet
facet normal 0.7145 -0.6979 0.04959 outer loop vertex 3.627 0.7 1.209 vertex 3.645 0.6716 0.55 vertex 3.767 0.8 0.5991 endloop endfacet
facet normal -0.2198 -0.1585 0.9626 outer loop vertex 3.5 0.7 1.18 vertex 3.505 0.5716 1.16 vertex 3.627 0.7 1.209 endloop endfacet
facet normal 0.2205 0.1585 -0.9624 outer loop vertex 3.64 0.8 0.57 vertex 3.767 0.8 0.5991 vertex 3.645 0.6716 0.55 endloop endfacet
facet normal -0.6626 -0.6999 -0.2668 outer loop vertex 3.505 0.5716 1.16 vertex 3.373 0.7 1.151 vertex 3.513 0.8 0.5409 endloop endfacet
facet normal -0.6625 -0.7 -0.2668 outer loop vertex 3.505 0.5716 1.16 vertex 3.513 0.8 0.5409 vertex 3.645 0.6716 0.55 endloop endfacet
facet normal -0.2198 -0.1585 0.9626 outer loop vertex 3.5 0.7 1.18 vertex 3.373 0.7 1.151 vertex 3.505 0.5716 1.16 endloop endfacet
facet normal 0.2205 0.1585 -0.9624 outer loop vertex 3.64 0.8 0.57 vertex 3.645 0.6716 0.55 vertex 3.513 0.8 0.5409 endloop endfacet
facet normal -0.6999 0.7023 -0.1299 outer loop vertex 3.54 0.8 0.5375 vertex 3.636 0.9041 0.5831 vertex 3.776 0.9641 0.1531 endloop endfacet
facet normal -0.6999 0.7023 -0.1299 outer loop vertex 3.54 0.8 0.5375 vertex 3.776 0.9641 0.1531 vertex 3.68 0.86 0.1075 endloop endfacet
facet normal -0.3064 -0.1304 0.9429 outer loop vertex 3.64 0.8 0.57 vertex 3.636 0.9041 0.5831 vertex 3.54 0.8 0.5375 endloop endfacet
facet normal 0.3064 0.1304 -0.9429 outer loop vertex 3.78 0.86 0.14 vertex 3.68 0.86 0.1075 vertex 3.776 0.9641 0.1531 endloop endfacet
facet normal 0.6439 0.7006 0.3074 outer loop vertex 3.636 0.9041 0.5831 vertex 3.74 0.8 0.6025 vertex 3.88 0.86 0.1725 endloop endfacet
facet normal 0.6439 0.7006 0.3074 outer loop vertex 3.636 0.9041 0.5831 vertex 3.88 0.86 0.1725 vertex 3.776 0.9641 0.1531 endloop endfacet
facet normal -0.3064 -0.1304 0.9429 outer loop vertex 3.64 0.8 0.57 vertex 3.74 0.8 0.6025 vertex 3.636 0.9041 0.5831 endloop endfacet
facet normal 0.3064 0.1304 -0.9429 outer loop vertex 3.78 0.86 0.14 vertex 3.776 0.9641 0.1531 vertex 3.88 0.86 0.1725 endloop endfacet
facet normal 0.6999 -0.7023 0.1299 outer loop vertex 3.74 0.8 0.6025 vertex 3.644 0.6959 0.5569 vertex 3.784 0.7559 0.1269 endloop endfacet
facet normal 0.6999 -0.7023 0.1299 outer loop vertex 3.74 0.8 0.6025 vertex 3.784 0.7559 0.1269 vertex 3.88 0.86 0.1725 endloop endfacet
facet normal -0.3064 -0.1304 0.9429 outer loop vertex 3.64 0.8 0.57 vertex 3.644 0.6959 0.5569 vertex 3.74 0.8 0.6025 endloop endfacet
facet normal 0.3064 0.1304 -0.9429 outer loop vertex 3.78 0.86 0.14 vertex 3.88 0.86 0.1725 vertex 3.784 0.7559 0.1269 endloop endfacet
facet normal -0.6439 -0.7006 -0.3074 outer loop vertex 3.644 0.6959 0.5569 vertex 3.54 0.8 0.5375 vertex 3.68 0.86 0.1075 endloop endfacet
facet normal -0.6439 -0.7006 -0.3074 outer loop vertex 3.644 0.6959 0.5569 vertex 3.68 0.86 0.1075 vertex 3.784 0.7559 0.1269 endloop endfacet
facet normal -0.3064 -0.1304 0.9429 outer loop vertex 3.64 0.8 0.57 vertex 3.54 0.8 0.5375 vertex 3.644 0.6959 0.5569 endloop endfacet
facet normal 0.3064 0.1304 -0.9429 outer loop vertex 3.78 0.86 0.14 vertex 3.784 0.7559 0.1269 vertex 3.68 0.86 0.1075 endloop endfacet
facet normal 0 0 -1 outer loop vertex 3.665 1.18 0 vertex 3.895 0.78 0 vertex 3.665 0.78 0 endloop endfacet
facet normal 0 0 1 outer loop vertex 3.665 1.18 0.14 vertex 3.665 0.78 0.14 vertex 3.895 0.78 0.14 endloop endfacet
facet normal 0 0 -1 outer loop vertex 3.895 0.78 0 vertex 3.665 1.18 0 vertex 3.895 1.18 0 endloop endfacet
facet normal 0 0 1 outer loop vertex 3.895 0.78 0.14 vertex 3.895 1.18 0.14 vertex 3.665 1.18 0.14 endloop endfacet
facet normal 0 -1 0 outer loop vertex 3.665 0.78 0 vertex 3.895 0.78 0 vertex 3.895 0.78 0.14 endloop endfacet
facet normal 0 -1 0 outer loop vertex 3.665 0.78 0 vertex 3.895 0.78 0.14 vertex 3.665 0.78 0.14 endloop endfacet
facet normal 1 0 0 outer loop vertex 3.895 0.78 0 vertex 3.895 1.18 0 vertex 3.895 1.18 0.14 endloop endfacet
facet normal 1 0 0 outer loop vertex 3.895 0.78 0 vertex 3.895 1.18 0.14 vertex 3.895 0.78 0.14 endloop endfacet
facet normal 0 1 0 outer loop vertex 3.895 1.18 0 vertex 3.665 1.18 0 vertex 3.665 1.18 0.14 endloop endfacet
facet normal 0 1 0 outer loop vertex 3.895 1.18 0 vertex 3.665 1.18 0.14 vertex 3.895 1.18 0.14 endloop endfacet
facet normal -1 0 0 outer loop vertex 3.665 1.18 0 vertex 3.665 0.78 0 vertex 3.665 0.78 0.14 endloop endfacet
facet normal -1 0 0 outer loop vertex 3.665 1.18 0 vertex 3.665 0.78 0.14 vertex 3.665 1.18 0.14 endloop endfacet
facet normal -0.1372 0.894 0.4265 outer loop vertex 3.657 0.7575 1.98 vertex 3.766 0.7499 2.031 vertex 3.996 0.9999 1.581 endloop endfacet
facet normal -0.1342 0.8934 0.4287 outer loop vertex 3.657 0.7575 1.98 vertex 3.996 0.9999 1.581 vertex 3.887 1.008 1.53 endloop endfacet
facet normal -0.405 -0.4437 0.7994 outer loop vertex 3.72 0.7 1.98 vertex 3.766 0.7499 2.031 vertex 3.657 0.7575 1.98 endloop endfacet
facet normal 0.4069 0.442 -0.7994 outer loop vertex 3.95 0.95 1.53 vertex 3.887 1.008 1.53 vertex 3.996 0.9999 1.581 endloop endfacet
facet normal 0.902 -0.06025 0.4275 outer loop vertex 3.766 0.7499 2.031 vertex 3.783 0.6425 1.98 vertex 4.013 0.8925 1.53 endloop endfacet
facet normal 0.902 -0.06025 0.4275 outer loop vertex 3.766 0.7499 2.031 vertex 4.013 0.8925 1.53 vertex 3.996 0.9999 1.581 endloop endfacet
facet normal -0.405 -0.4437 0.7994 outer loop vertex 3.72 0.7 1.98 vertex 3.783 0.6425 1.98 vertex 3.766 0.7499 2.031 endloop endfacet
facet normal 0.405 0.4437 -0.7994 outer loop vertex 3.95 0.95 1.53 vertex 3.996 0.9999 1.581 vertex 4.013 0.8925 1.53 endloop endfacet
facet normal 0.1372 -0.894 -0.4265 outer loop vertex 3.783 0.6425 1.98 vertex 3.674 0.6501 1.929 vertex 3.904 0.9001 1.479 endloop endfacet
facet normal 0.1372 -0.894 -0.4265 outer loop vertex 3.783 0.6425 1.98 vertex 3.904 0.9001 1.479 vertex 4.013 0.8925 1.53 endloop endfacet
facet normal -0.405 -0.4437 0.7994 outer loop vertex 3.72 0.7 1.98 vertex 3.674 0.6501 1.929 vertex 3.783 0.6425 1.98 endloop endfacet
facet normal 0.405 0.4437 -0.7994 outer loop vertex 3.95 0.95 1.53 vertex 4.013 0.8925 1.53 vertex 3.904 0.9001 1.479 endloop endfacet
facet normal -0.902 0.06023 -0.4275 outer loop vertex 3.674 0.6501 1.929 vertex 3.657 0.7575 1.98 vertex 3.887 1.008 1.53 endloop endfacet
facet normal -0.9019 0.06003 -0.4276 outer loop vertex 3.674 0.6501 1.929 vertex 3.887 1.008 1.53 vertex 3.904 0.9001 1.479 endloop endfacet
facet normal -0.405 -0.4437 0.7994 outer loop vertex 3.72 0.7 1.98 vertex 3.657 0.7575 1.98 vertex 3.674 0.6501 1.929 endloop endfacet
facet normal 0.4069 0.442 -0.7994 outer loop vertex 3.95 0.95 1.53 vertex 3.904 0.9001 1.479 vertex 3.887 1.008 1.53 endloop endfacet
facet normal -0.7451 -0.5268 0.409 outer loop vertex 3.88 0.9552 1.53 vertex 3.946 0.8929 1.57 vertex 3.976 1.293 2.14 endloop endfacet
facet normal -0.7441 -0.5279 0.4094 outer loop vertex 3.88 0.9552 1.53 vertex 3.976 1.293 2.14 vertex 3.91 1.355 2.1 endloop endfacet
facet normal -0.04243 -0.5712 -0.8197 outer loop vertex 3.95 0.95 1.53 vertex 3.946 0.8929 1.57 vertex 3.88 0.9552 1.53 endloop endfacet
facet normal 0.04086 0.572 0.8192 outer loop vertex 3.98 1.35 2.1 vertex 3.91 1.355 2.1 vertex 3.976 1.293 2.14 endloop endfacet
facet normal 0.6617 -0.6296 0.4072 outer loop vertex 3.946 0.8929 1.57 vertex 4.02 0.9448 1.53 vertex 4.05 1.345 2.1 endloop endfacet
facet normal 0.6621 -0.6293 0.4069 outer loop vertex 3.946 0.8929 1.57 vertex 4.05 1.345 2.1 vertex 3.976 1.293 2.14 endloop endfacet
facet normal -0.04243 -0.5712 -0.8197 outer loop vertex 3.95 0.95 1.53 vertex 4.02 0.9448 1.53 vertex 3.946 0.8929 1.57 endloop endfacet
facet normal 0.04086 0.572 0.8192 outer loop vertex 3.98 1.35 2.1 vertex 3.976 1.293 2.14 vertex 4.05 1.345 2.1 endloop endfacet
facet normal 0.7448 0.5272 -0.4091 outer loop vertex 4.02 0.9448 1.53 vertex 3.954 1.007 1.49 vertex 3.984 1.407 2.06 endloop endfacet
facet normal 0.7441 0.5277 -0.4097 outer loop vertex 4.02 0.9448 1.53 vertex 3.984 1.407 2.06 vertex 4.05 1.345 2.1 endloop endfacet
facet normal -0.04248 -0.5719 -0.8192 outer loop vertex 3.95 0.95 1.53 vertex 3.954 1.007 1.49 vertex 4.02 0.9448 1.53 endloop endfacet
facet normal 0.04086 0.572 0.8192 outer loop vertex 3.98 1.35 2.1 vertex 4.05 1.345 2.1 vertex 3.984 1.407 2.06 endloop endfacet
facet normal -0.6612 0.6301 -0.4072 outer loop vertex 3.954 1.007 1.49 vertex 3.88 0.9552 1.53 vertex 3.91 1.355 2.1 endloop endfacet
facet normal -0.6621 0.6294 -0.4068 outer loop vertex 3.954 1.007 1.49 vertex 3.91 1.355 2.1 vertex 3.984 1.407 2.06 endloop endfacet
facet normal -0.04248 -0.5719 -0.8192 outer loop vertex 3.95 0.95 1.53 vertex 3.88 0.9552 1.53 vertex 3.954 1.007 1.49 endloop endfacet
facet normal 0.04086 0.572 0.8192 outer loop vertex 3.98 1.35 2.1 vertex 3.984 1.407 2.06 vertex 3.91 1.355 2.1 endloop endfacet
facet normal -0.5938 0.6187 0.5143 outer loop vertex 3.925 1.435 2.1 vertex 3.891 1.35 2.163 vertex 3.98 1.403 2.202 endloop endfacet
facet normal 0 0.9541 0.2993 outer loop vertex 3.925 1.435 2.1 vertex 3.98 1.403 2.202 vertex 4.035 1.435 2.1 endloop endfacet
facet normal 0 0.9541 -0.2993 outer loop vertex 3.925 1.435 2.1 vertex 4.035 1.435 2.1 vertex 3.98 1.403 1.998 endloop endfacet
facet normal -0.5938 0.6187 -0.5143 outer loop vertex 3.925 1.435 2.1 vertex 3.98 1.403 1.998 vertex 3.891 1.35 2.037 endloop endfacet
facet normal -0.9285 0.3714 0 outer loop vertex 3.925 1.435 2.1 vertex 3.891 1.35 2.037 vertex 3.891 1.35 2.163 endloop endfacet
facet normal 0.5938 0.6187 0.5143 outer loop vertex 4.035 1.435 2.1 vertex 3.98 1.403 2.202 vertex 4.069 1.35 2.163 endloop endfacet
facet normal -0.4014 0 0.9159 outer loop vertex 3.98 1.403 2.202 vertex 3.891 1.35 2.163 vertex 3.98 1.297 2.202 endloop endfacet
facet normal -0.9285 -0.3714 0 outer loop vertex 3.891 1.35 2.163 vertex 3.891 1.35 2.037 vertex 3.925 1.265 2.1 endloop endfacet
facet normal -0.4014 0 -0.9159 outer loop vertex 3.891 1.35 2.037 vertex 3.98 1.403 1.998 vertex 3.98 1.297 1.998 endloop endfacet
facet normal 0.5938 0.6187 -0.5143 outer loop vertex 3.98 1.403 1.998 vertex 4.035 1.435 2.1 vertex 4.069 1.35 2.037 endloop endfacet
facet normal 0.5938 -0.6187 0.5143 outer loop vertex 4.035 1.265 2.1 vertex 4.069 1.35 2.163 vertex 3.98 1.297 2.202 endloop endfacet
facet normal 0 -0.9541 0.2993 outer loop vertex 4.035 1.265 2.1 vertex 3.98 1.297 2.202 vertex 3.925 1.265 2.1 endloop endfacet
facet normal 0 -0.9541 -0.2993 outer loop vertex 4.035 1.265 2.1 vertex 3.925 1.265 2.1 vertex 3.98 1.297 1.998 endloop endfacet
facet normal 0.5938 -0.6187 -0.5143 outer loop vertex 4.035 1.265 2.1 vertex 3.98 1.297 1.998 vertex 4.069 1.35 2.037 endloop endfacet
facet normal 0.9285 -0.3714 0 outer loop vertex 4.035 1.265 2.1 vertex 4.069 1.35 2.037 vertex 4.069 1.35 2.163 endloop endfacet
facet normal 0.4014 0 0.9159 outer loop vertex 3.98 1.297 2.202 vertex 4.069 1.35 2.163 vertex 3.98 1.403 2.202 endloop endfacet
facet normal -0.5938 -0.6187 0.5143 outer loop vertex 3.925 1.265 2.1 vertex 3.98 1.297 2.202 vertex 3.891 1.35 2.163 endloop endfacet
facet normal -0.5938 -0.6187 -0.5143 outer loop vertex 3.98 1.297 1.998 vertex 3.925 1.265 2.1 vertex 3.891 1.35 2.037 endloop endfacet
facet normal 0.4014 0 -0.9159 outer loop vertex 4.069 1.35 2.037 vertex 3.98 1.297 1.998 vertex 3.98 1.403 1.998 endloop endfacet
facet normal 0.9285 0.3714 0 outer loop vertex 4.069 1.35 2.163 vertex 4.069 1.35 2.037 vertex 4.035 1.435 2.1 endloop endfacet
facet normal 0 0 -1 outer loop vertex -0.35 -1.91 1.335 vertex 0.35 -2.29 1.335 vertex -0.35 -2.29 1.335 endloop endfacet
facet normal 0 0 1 outer loop vertex -0.35 -1.91 2.185 vertex -0.35 -2.29 2.185 vertex 0.35 -2.29 2.185 endloop endfacet
facet normal 0 0 -1 outer loop vertex 0.35 -2.29 1.335 vertex -0.35 -1.91 1.335 vertex 0.35 -1.91 1.335 endloop endfacet
facet normal 0 0 1 outer loop vertex 0.35 -2.29 2.185 vertex 0.35 -1.91 2.185 vertex -0.35 -1.91 2.185 endloop endfacet
facet normal 0 -1 0 outer loop vertex -0.35 -2.29 1.335 vertex 0.35 -2.29 1.335 vertex 0.35 -2.29 2.185 endloop endfacet
facet normal 0 -1 0 outer loop vertex -0.35 -2.29 1.335 vertex 0.35 -2.29 2.185 vertex -0.35 -2.29 2.185 endloop endfacet
facet normal 1 0 0 outer loop vertex 0.35 -2.29 1.335 vertex 0.35 -1.91 1.335 vertex 0.35 -1.91 2.185 endloop endfacet
facet normal 1 0 0 outer loop vertex 0.35 -2.29 1.335 vertex 0.35 -1.91 2.185 vertex 0.35 -2.29 2.185 endloop endfacet
facet normal 0 1 0 outer loop vertex 0.35 -1.91 1.335 vertex -0.35 -1.91 1.335 vertex -0.35 -1.91 2.185 endloop endfacet
facet normal 0 1 0 outer loop vertex 0.35 -1.91 1.335 vertex -0.35 -1.91 2.185 vertex 0.35 -1.91 2.185 endloop endfacet
facet normal -1 0 0 outer loop vertex -0.35 -1.91 1.335 vertex -0.35 -2.29 1.335 vertex -0.35 -2.29 2.185 endloop endfacet
facet normal -1 0 0 outer loop vertex -0.35 -1.91 1.335 vertex -0.35 -2.29 2.185 vertex -0.35 -1.91 2.185 endloop endfacet
facet normal 0.7071 0.7071 0 outer loop vertex 0.13 -2.1 2.19 vertex 0 -1.97 2.19 vertex 0 -1.97 2.33 endloop endfacet
facet normal 0.7071 0.7071 0 outer loop vertex 0.13 -2.1 2.19 vertex 0 -1.97 2.33 vertex 0.13 -2.1 2.33 endloop endfacet
facet normal 0 0 -1 outer loop vertex 0 -2.1 2.19 vertex 0 -1.97 2.19 vertex 0.13 -2.1 2.19 endloop endfacet
facet normal 0 0 1 outer loop vertex 0 -2.1 2.33 vertex 0.13 -2.1 2.33 vertex 0 -1.97 2.33 endloop endfacet
facet normal -0.7071 0.7071 0 outer loop vertex 0 -1.97 2.19 vertex -0.13 -2.1 2.19 vertex -0.13 -2.1 2.33 endloop endfacet
facet normal -0.7071 0.7071 0 outer loop vertex 0 -1.97 2.19 vertex -0.13 -2.1 2.33 vertex 0 -1.97 2.33 endloop endfacet
facet normal 0 0 -1 outer loop vertex 0 -2.1 2.19 vertex -0.13 -2.1 2.19 vertex 0 -1.97 2.19 endloop endfacet
facet normal 0 0 1 outer loop vertex 0 -2.1 2.33 vertex 0 -1.97 2.33 vertex -0.13 -2.1 2.33 endloop endfacet
facet normal -0.7071 -0.7071 0 outer loop vertex -0.13 -2.1 2.19 vertex 0 -2.23 2.19 vertex 0 -2.23 2.33 endloop endfacet
facet normal -0.7071 -0.7071 0 outer loop vertex -0.13 -2.1 2.19 vertex 0 -2.23 2.33 vertex -0.13 -2.1 2.33 endloop endfacet
facet normal 0 0 -1 outer loop vertex 0 -2.1 2.19 vertex 0 -2.23 2.19 vertex -0.13 -2.1 2.19 endloop endfacet
facet normal 0 0 1 outer loop vertex 0 -2.1 2.33 vertex -0.13 -2.1 2.33 vertex 0 -2.23 2.33 endloop endfacet
facet normal 0.7071 -0.7071 0 outer loop vertex 0 -2.23 2.19 vertex 0.13 -2.1 2.19 vertex 0.13 -2.1 2.33 endloop endfacet
facet normal 0.7071 -0.7071 0 outer loop vertex 0 -2.23 2.19 vertex 0.13 -2.1 2.33 vertex 0 -2.23 2.33 endloop endfacet
facet normal 0 0 -1 outer loop vertex 0 -2.1 2.19 vertex 0.13 -2.1 2.19 vertex 0 -2.23 2.19 endloop endfacet
facet normal 0 0 1 outer loop vertex 0 -2.1 2.33 vertex 0 -2.23 2.33 vertex 0.13 -2.1 2.33 endloop endfacet
facet normal -0.5965 0.6461 0.4762 outer loop vertex -0.1419 -1.887 2.57 vertex -0.2297 -2.1 2.749 vertex 0 -1.969 2.859 endloop endfacet
facet normal 0 0.962 0.273 outer loop vertex -0.1419 -1.887 2.57 vertex 0 -1.969 2.859 vertex 0.1419 -1.887 2.57 endloop endfacet
facet normal 0 0.962 -0.273 outer loop vertex -0.1419 -1.887 2.57 vertex 0.1419 -1.887 2.57 vertex 0 -1.969 2.281 endloop endfacet
facet normal -0.5965 0.6461 -0.4762 outer loop vertex -0.1419 -1.887 2.57 vertex 0 -1.969 2.281 vertex -0.2297 -2.1 2.391 endloop endfacet
facet normal -0.9245 0.3811 0 outer loop vertex -0.1419 -1.887 2.57 vertex -0.2297 -2.1 2.391 vertex -0.2297 -2.1 2.749 endloop endfacet
facet normal 0.5965 0.6461 0.4762 outer loop vertex 0.1419 -1.887 2.57 vertex 0 -1.969 2.859 vertex 0.2297 -2.1 2.749 endloop endfacet
facet normal -0.4319 0 0.9019 outer loop vertex 0 -1.969 2.859 vertex -0.2297 -2.1 2.749 vertex 0 -2.231 2.859 endloop endfacet
facet normal -0.9245 -0.3811 0 outer loop vertex -0.2297 -2.1 2.749 vertex -0.2297 -2.1 2.391 vertex -0.1419 -2.313 2.57 endloop endfacet
facet normal -0.4319 0 -0.9019 outer loop vertex -0.2297 -2.1 2.391 vertex 0 -1.969 2.281 vertex 0 -2.231 2.281 endloop endfacet
facet normal 0.5965 0.6461 -0.4762 outer loop vertex 0 -1.969 2.281 vertex 0.1419 -1.887 2.57 vertex 0.2297 -2.1 2.391 endloop endfacet
facet normal 0.5965 -0.6461 0.4762 outer loop vertex 0.1419 -2.313 2.57 vertex 0.2297 -2.1 2.749 vertex 0 -2.231 2.859 endloop endfacet
facet normal 0 -0.962 0.273 outer loop vertex 0.1419 -2.313 2.57 vertex 0 -2.231 2.859 vertex -0.1419 -2.313 2.57 endloop endfacet
facet normal 0 -0.962 -0.273 outer loop vertex 0.1419 -2.313 2.57 vertex -0.1419 -2.313 2.57 vertex 0 -2.231 2.281 endloop endfacet
facet normal 0.5965 -0.6461 -0.4762 outer loop vertex 0.1419 -2.313 2.57 vertex 0 -2.231 2.281 vertex 0.2297 -2.1 2.391 endloop endfacet
facet normal 0.9245 -0.3811 0 outer loop vertex 0.1419 -2.313 2.57 vertex 0.2297 -2.1 2.391 vertex 0.2297 -2.1 2.749 endloop endfacet
facet normal 0.4319 0 0.9019 outer loop vertex 0 -2.231 2.859 vertex 0.2297 -2.1 2.749 vertex 0 -1.969 2.859 endloop endfacet
facet normal -0.5965 -0.6461 0.4762 outer loop vertex -0.1419 -2.313 2.57 vertex 0 -2.231 2.859 vertex -0.2297 -2.1 2.749 endloop endfacet
facet normal -0.5965 -0.6461 -0.4762 outer loop vertex 0 -2.231 2.281 vertex -0.1419 -2.313 2.57 vertex -0.2297 -2.1 2.391 endloop endfacet
facet normal 0.4319 0 -0.9019 outer loop vertex 0.2297 -2.1 2.391 vertex 0 -2.231 2.281 vertex 0 -1.969 2.281 endloop endfacet
facet normal 0.9245 0.3811 0 outer loop vertex 0.2297 -2.1 2.749 vertex 0.2297 -2.1 2.391 vertex 0.1419 -1.887 2.57 endloop endfacet
facet normal -0.493 0.5741 0.6538 outer loop vertex -0.1525 -1.932 2.69 vertex -0.2467 -2.145 2.806 vertex 0 -2.014 2.877 endloop endfacet
facet normal 0 0.9158 0.4016 outer loop vertex -0.1525 -1.932 2.69 vertex 0 -2.014 2.877 vertex 0.1525 -1.932 2.69 endloop endfacet
facet normal 0 0.9158 -0.4016 outer loop vertex -0.1525 -1.932 2.69 vertex 0.1525 -1.932 2.69 vertex 0 -2.014 2.503 endloop endfacet
facet normal -0.493 0.5741 -0.6538 outer loop vertex -0.1525 -1.932 2.69 vertex 0 -2.014 2.503 vertex -0.2467 -2.145 2.574 endloop endfacet
facet normal -0.9146 0.4045 0 outer loop vertex -0.1525 -1.932 2.69 vertex -0.2467 -2.145 2.574 vertex -0.2467 -2.145 2.806 endloop endfacet
facet normal 0.493 0.5741 0.6538 outer loop vertex 0.1525 -1.932 2.69 vertex 0 -2.014 2.877 vertex 0.2467 -2.145 2.806 endloop endfacet
facet normal -0.2766 0 0.961 outer loop vertex 0 -2.014 2.877 vertex -0.2467 -2.145 2.806 vertex 0 -2.276 2.877 endloop endfacet
facet normal -0.9146 -0.4045 0 outer loop vertex -0.2467 -2.145 2.806 vertex -0.2467 -2.145 2.574 vertex -0.1525 -2.358 2.69 endloop endfacet
facet normal -0.2766 0 -0.961 outer loop vertex -0.2467 -2.145 2.574 vertex 0 -2.014 2.503 vertex 0 -2.276 2.503 endloop endfacet
facet normal 0.493 0.5741 -0.6538 outer loop vertex 0 -2.014 2.503 vertex 0.1525 -1.932 2.69 vertex 0.2467 -2.145 2.574 endloop endfacet
facet normal 0.493 -0.5741 0.6538 outer loop vertex 0.1525 -2.358 2.69 vertex 0.2467 -2.145 2.806 vertex 0 -2.276 2.877 endloop endfacet
facet normal 0 -0.9158 0.4016 outer loop vertex 0.1525 -2.358 2.69 vertex 0 -2.276 2.877 vertex -0.1525 -2.358 2.69 endloop endfacet
facet normal 0 -0.9158 -0.4016 outer loop vertex 0.1525 -2.358 2.69 vertex -0.1525 -2.358 2.69 vertex 0 -2.276 2.503 endloop endfacet
facet normal 0.493 -0.5741 -0.6538 outer loop vertex 0.1525 -2.358 2.69 vertex 0 -2.276 2.503 vertex 0.2467 -2.145 2.574 endloop endfacet
facet normal 0.9146 -0.4045 0 outer loop vertex 0.1525 -2.358 2.69 vertex 0.2467 -2.145 2.574 vertex 0.2467 -2.145 2.806 endloop endfacet
facet normal 0.2766 0 0.961 outer loop vertex 0 -2.276 2.877 vertex 0.2467 -2.145 2.806 vertex 0 -2.014 2.877 endloop endfacet
facet normal -0.493 -0.5741 0.6538 outer loop vertex -0.1525 -2.358 2.69 vertex 0 -2.276 2.877 vertex -0.2467 -2.145 2.806 endloop endfacet
facet normal -0.493 -0.5741 -0.6538 outer loop vertex 0 -2.276 2.503 vertex -0.1525 -2.358 2.69 vertex -0.2467 -2.145 2.574 endloop endfacet
facet normal 0.2766 0 -0.961 outer loop vertex 0.2467 -2.145 2.574 vertex 0 -2.276 2.503 vertex 0 -2.014 2.503 endloop endfacet
facet normal 0.9146 0.4045 0 outer loop vertex 0.2467 -2.145 2.806 vertex 0.2467 -2.145 2.574 vertex 0.1525 -1.932 2.69 endloop endfacet
facet normal 0 0 -1 outer loop vertex -0.05 -1.81 2.505 vertex 0.05 -1.91 2.505 vertex -0.05 -1.91 2.505 endloop endfacet
facet normal 0 0 1 outer loop vertex -0.05 -1.81 2.635 vertex -0.05 -1.91 2.635 vertex 0.05 -1.91 2.635 endloop endfacet
facet normal 0 0 -1 outer loop vertex 0.05 -1.91 2.505 vertex -0.05 -1.81 2.505 vertex 0.05 -1.81 2.505 endloop endfacet
facet normal 0 0 1 outer loop vertex 0.05 -1.91 2.635 vertex 0.05 -1.81 2.635 vertex -0.05 -1.81 2.635 endloop endfacet
facet normal 0 -1 0 outer loop vertex -0.05 -1.91 2.505 vertex 0.05 -1.91 2.505 vertex 0.05 -1.91 2.635 endloop endfacet
facet normal 0 -1 0 outer loop vertex -0.05 -1.91 2.505 vertex 0.05 -1.91 2.635 vertex -0.05 -1.91 2.635 endloop endfacet
facet normal 1 0 0 outer loop vertex 0.05 -1.91 2.505 vertex 0.05 -1.81 2.505 vertex 0.05 -1.81 2.635 endloop endfacet
facet normal 1 0 0 outer loop vertex 0.05 -1.91 2.505 vertex 0.05 -1.81 2.635 vertex 0.05 -1.91 2.635 endloop endfacet
facet normal 0 1 0 outer loop vertex 0.05 -1.81 2.505 vertex -0.05 -1.81 2.505 vertex -0.05 -1.81 2.635 endloop endfacet
facet normal 0 1 0 outer loop vertex 0.05 -1.81 2.505 vertex -0.05 -1.81 2.635 vertex 0.05 -1.81 2.635 endloop endfacet
facet normal -1 0 0 outer loop vertex -0.05 -1.81 2.505 vertex -0.05 -1.91 2.505 vertex -0.05 -1.91 2.635 endloop endfacet
facet normal -1 0 0 outer loop vertex -0.05 -1.81 2.505 vertex -0.05 -1.91 2.635 vertex -0.05 -1.81 2.635 endloop endfacet
facet normal -0.8589 0.2571 0.4429 outer loop vertex -0.3212 -2.147 1.29 vertex -0.2367 -2.006 1.372 vertex -0.3767 -1.646 0.8915 endloop endfacet
facet normal -0.8583 0.2579 0.4437 outer loop vertex -0.3212 -2.147 1.29 vertex -0.3767 -1.646 0.8915 vertex -0.4612 -1.787 0.81 endloop endfacet
facet normal 0.228 -0.588 0.7761 outer loop vertex -0.2 -2.1 1.29 vertex -0.2367 -2.006 1.372 vertex -0.3212 -2.147 1.29 endloop endfacet
facet normal -0.2272 0.5858 -0.778 outer loop vertex -0.34 -1.74 0.81 vertex -0.4612 -1.787 0.81 vertex -0.3767 -1.646 0.8915 endloop endfacet
facet normal 0.4594 0.7697 0.4433 outer loop vertex -0.2367 -2.006 1.372 vertex -0.07884 -2.053 1.29 vertex -0.2188 -1.693 0.81 endloop endfacet
facet normal 0.4582 0.7702 0.4436 outer loop vertex -0.2367 -2.006 1.372 vertex -0.2188 -1.693 0.81 vertex -0.3767 -1.646 0.8915 endloop endfacet
facet normal 0.2281 -0.588 0.7761 outer loop vertex -0.2 -2.1 1.29 vertex -0.07884 -2.053 1.29 vertex -0.2367 -2.006 1.372 endloop endfacet
facet normal -0.2272 0.5858 -0.778 outer loop vertex -0.34 -1.74 0.81 vertex -0.3767 -1.646 0.8915 vertex -0.2188 -1.693 0.81 endloop endfacet
facet normal 0.8588 -0.2566 -0.4434 outer loop vertex -0.07884 -2.053 1.29 vertex -0.1633 -2.194 1.208 vertex -0.3033 -1.834 0.7285 endloop endfacet
facet normal 0.8583 -0.2579 -0.4437 outer loop vertex -0.07884 -2.053 1.29 vertex -0.3033 -1.834 0.7285 vertex -0.2188 -1.693 0.81 endloop endfacet
facet normal 0.2281 -0.588 0.7761 outer loop vertex -0.2 -2.1 1.29 vertex -0.1633 -2.194 1.208 vertex -0.07884 -2.053 1.29 endloop endfacet
facet normal -0.2272 0.5858 -0.778 outer loop vertex -0.34 -1.74 0.81 vertex -0.2188 -1.693 0.81 vertex -0.3033 -1.834 0.7285 endloop endfacet
facet normal -0.4593 -0.7697 -0.4433 outer loop vertex -0.1633 -2.194 1.208 vertex -0.3212 -2.147 1.29 vertex -0.4612 -1.787 0.81 endloop endfacet
facet normal -0.4584 -0.7698 -0.4441 outer loop vertex -0.1633 -2.194 1.208 vertex -0.4612 -1.787 0.81 vertex -0.3033 -1.834 0.7285 endloop endfacet
facet normal 0.228 -0.588 0.7761 outer loop vertex -0.2 -2.1 1.29 vertex -0.3212 -2.147 1.29 vertex -0.1633 -2.194 1.208 endloop endfacet
facet normal -0.2272 0.5858 -0.778 outer loop vertex -0.34 -1.74 0.81 vertex -0.3033 -1.834 0.7285 vertex -0.4612 -1.787 0.81 endloop endfacet
facet normal -0.8586 0.2275 0.4594 outer loop vertex -0.4371 -1.78 0.81 vertex -0.3704 -1.666 0.8782 vertex -0.5104 -1.326 0.4482 endloop endfacet
facet normal -0.8586 0.2275 0.4594 outer loop vertex -0.4371 -1.78 0.81 vertex -0.5104 -1.326 0.4482 vertex -0.5771 -1.44 0.38 endloop endfacet
facet normal 0.2471 -0.5998 0.761 outer loop vertex -0.34 -1.74 0.81 vertex -0.3704 -1.666 0.8782 vertex -0.4371 -1.78 0.81 endloop endfacet
facet normal -0.2471 0.5998 -0.761 outer loop vertex -0.48 -1.4 0.38 vertex -0.5771 -1.44 0.38 vertex -0.5104 -1.326 0.4482 endloop endfacet
facet normal 0.4499 0.766 0.4592 outer loop vertex -0.3704 -1.666 0.8782 vertex -0.2429 -1.7 0.81 vertex -0.3829 -1.36 0.38 endloop endfacet
facet normal 0.4499 0.766 0.4592 outer loop vertex -0.3704 -1.666 0.8782 vertex -0.3829 -1.36 0.38 vertex -0.5104 -1.326 0.4482 endloop endfacet
facet normal 0.2471 -0.5998 0.761 outer loop vertex -0.34 -1.74 0.81 vertex -0.2429 -1.7 0.81 vertex -0.3704 -1.666 0.8782 endloop endfacet
facet normal -0.2471 0.5998 -0.761 outer loop vertex -0.48 -1.4 0.38 vertex -0.5104 -1.326 0.4482 vertex -0.3829 -1.36 0.38 endloop endfacet
facet normal 0.8586 -0.2275 -0.4594 outer loop vertex -0.2429 -1.7 0.81 vertex -0.3096 -1.814 0.7418 vertex -0.4496 -1.474 0.3118 endloop endfacet
facet normal 0.8586 -0.2275 -0.4594 outer loop vertex -0.2429 -1.7 0.81 vertex -0.4496 -1.474 0.3118 vertex -0.3829 -1.36 0.38 endloop endfacet
facet normal 0.2471 -0.5998 0.761 outer loop vertex -0.34 -1.74 0.81 vertex -0.3096 -1.814 0.7418 vertex -0.2429 -1.7 0.81 endloop endfacet
facet normal -0.2471 0.5998 -0.761 outer loop vertex -0.48 -1.4 0.38 vertex -0.3829 -1.36 0.38 vertex -0.4496 -1.474 0.3118 endloop endfacet
facet normal -0.4499 -0.766 -0.4592 outer loop vertex -0.3096 -1.814 0.7418 vertex -0.4371 -1.78 0.81 vertex -0.5771 -1.44 0.38 endloop endfacet
facet normal -0.4499 -0.766 -0.4592 outer loop vertex -0.3096 -1.814 0.7418 vertex -0.5771 -1.44 0.38 vertex -0.4496 -1.474 0.3118 endloop endfacet
facet normal 0.2471 -0.5998 0.761 outer loop vertex -0.34 -1.74 0.81 vertex -0.4371 -1.78 0.81 vertex -0.3096 -1.814 0.7418 endloop endfacet
facet normal -0.2471 0.5998 -0.761 outer loop vertex -0.48 -1.4 0.38 vertex -0.4496 -1.474 0.3118 vertex -0.5771 -1.44 0.38 endloop endfacet
facet normal 0 0 -1 outer loop vertex -0.595 -1.08 0.24 vertex -0.365 -1.48 0.24 vertex -0.595 -1.48 0.24 endloop endfacet
facet normal 0 0 1 outer loop vertex -0.595 -1.08 0.38 vertex -0.595 -1.48 0.38 vertex -0.365 -1.48 0.38 endloop endfacet
facet normal 0 0 -1 outer loop vertex -0.365 -1.48 0.24 vertex -0.595 -1.08 0.24 vertex -0.365 -1.08 0.24 endloop endfacet
facet normal 0 0 1 outer loop vertex -0.365 -1.48 0.38 vertex -0.365 -1.08 0.38 vertex -0.595 -1.08 0.38 endloop endfacet
facet normal 0 -1 0 outer loop vertex -0.595 -1.48 0.24 vertex -0.365 -1.48 0.24 vertex -0.365 -1.48 0.38 endloop endfacet
facet normal 0 -1 0 outer loop vertex -0.595 -1.48 0.24 vertex -0.365 -1.48 0.38 vertex -0.595 -1.48 0.38 endloop endfacet
facet normal 1 0 0 outer loop vertex -0.365 -1.48 0.24 vertex -0.365 -1.08 0.24 vertex -0.365 -1.08 0.38 endloop endfacet
facet normal 1 0 0 outer loop vertex -0.365 -1.48 0.24 vertex -0.365 -1.08 0.38 vertex -0.365 -1.48 0.38 endloop endfacet
facet normal 0 1 0 outer loop vertex -0.365 -1.08 0.24 vertex -0.595 -1.08 0.24 vertex -0.595 -1.08 0.38 endloop endfacet
facet normal 0 1 0 outer loop vertex -0.365 -1.08 0.24 vertex -0.595 -1.08 0.38 vertex -0.365 -1.08 0.38 endloop endfacet
facet normal -1 0 0 outer loop vertex -0.595 -1.08 0.24 vertex -0.595 -1.48 0.24 vertex -0.595 -1.48 0.38 endloop endfacet
facet normal -1 0 0 outer loop vertex -0.595 -1.08 0.24 vertex -0.595 -1.48 0.38 vertex -0.595 -1.08 0.38 endloop endfacet
facet normal -0.8887 -0.1291 0.44 outer loop vertex -0.4788 -2.161 2.09 vertex -0.4681 -2.054 2.143 vertex -0.6981 -1.834 1.743 endloop endfacet
facet normal -0.8887 -0.1291 0.44 outer loop vertex -0.4788 -2.161 2.09 vertex -0.6981 -1.834 1.743 vertex -0.7088 -1.941 1.69 endloop endfacet
facet normal 0.4485 -0.4323 0.7823 outer loop vertex -0.42 -2.1 2.09 vertex -0.4681 -2.054 2.143 vertex -0.4788 -2.161 2.09 endloop endfacet
facet normal -0.4485 0.4323 -0.7823 outer loop vertex -0.65 -1.88 1.69 vertex -0.7088 -1.941 1.69 vertex -0.6981 -1.834 1.743 endloop endfacet
facet normal 0.09207 0.8939 0.4387 outer loop vertex -0.4681 -2.054 2.143 vertex -0.3612 -2.039 2.09 vertex -0.5912 -1.819 1.69 endloop endfacet
facet normal 0.09207 0.8939 0.4387 outer loop vertex -0.4681 -2.054 2.143 vertex -0.5912 -1.819 1.69 vertex -0.6981 -1.834 1.743 endloop endfacet
facet normal 0.4485 -0.4323 0.7823 outer loop vertex -0.42 -2.1 2.09 vertex -0.3612 -2.039 2.09 vertex -0.4681 -2.054 2.143 endloop endfacet
facet normal -0.4485 0.4323 -0.7823 outer loop vertex -0.65 -1.88 1.69 vertex -0.6981 -1.834 1.743 vertex -0.5912 -1.819 1.69 endloop endfacet
facet normal 0.8887 0.1291 -0.44 outer loop vertex -0.3612 -2.039 2.09 vertex -0.3719 -2.146 2.037 vertex -0.6019 -1.926 1.637 endloop endfacet
facet normal 0.8887 0.1291 -0.44 outer loop vertex -0.3612 -2.039 2.09 vertex -0.6019 -1.926 1.637 vertex -0.5912 -1.819 1.69 endloop endfacet
facet normal 0.4485 -0.4323 0.7823 outer loop vertex -0.42 -2.1 2.09 vertex -0.3719 -2.146 2.037 vertex -0.3612 -2.039 2.09 endloop endfacet
facet normal -0.4485 0.4323 -0.7823 outer loop vertex -0.65 -1.88 1.69 vertex -0.5912 -1.819 1.69 vertex -0.6019 -1.926 1.637 endloop endfacet
facet normal -0.09207 -0.8939 -0.4387 outer loop vertex -0.3719 -2.146 2.037 vertex -0.4788 -2.161 2.09 vertex -0.7088 -1.941 1.69 endloop endfacet
facet normal -0.09207 -0.8939 -0.4387 outer loop vertex -0.3719 -2.146 2.037 vertex -0.7088 -1.941 1.69 vertex -0.6019 -1.926 1.637 endloop endfacet
facet normal 0.4485 -0.4323 0.7823 outer loop vertex -0.42 -2.1 2.09 vertex -0.4788 -2.161 2.09 vertex -0.3719 -2.146 2.037 endloop endfacet
facet normal -0.4485 0.4323 -0.7823 outer loop vertex -0.65 -1.88 1.69 vertex -0.6019 -1.926 1.637 vertex -0.7088 -1.941 1.69 endloop endfacet
facet normal -0.7362 0.1325 0.6637 outer loop vertex -0.7112 -1.846 1.69 vertex -0.6616 -1.901 1.756 vertex -0.4616 -1.541 1.906 endloop endfacet
facet normal -0.7362 0.1325 0.6637 outer loop vertex -0.7112 -1.846 1.69 vertex -0.4616 -1.541 1.906 vertex -0.5112 -1.486 1.84 endloop endfacet
facet normal -0.4564 -0.8216 -0.3416 outer loop vertex -0.65 -1.88 1.69 vertex -0.6616 -1.901 1.756 vertex -0.7112 -1.846 1.69 endloop endfacet
facet normal 0.4564 0.8216 0.3416 outer loop vertex -0.45 -1.52 1.84 vertex -0.5112 -1.486 1.84 vertex -0.4616 -1.541 1.906 endloop endfacet
facet normal 0.502 -0.5552 0.6631 outer loop vertex -0.6616 -1.901 1.756 vertex -0.5888 -1.914 1.69 vertex -0.3888 -1.554 1.84 endloop endfacet
facet normal 0.502 -0.5552 0.6631 outer loop vertex -0.6616 -1.901 1.756 vertex -0.3888 -1.554 1.84 vertex -0.4616 -1.541 1.906 endloop endfacet
facet normal -0.4564 -0.8216 -0.3416 outer loop vertex -0.65 -1.88 1.69 vertex -0.5888 -1.914 1.69 vertex -0.6616 -1.901 1.756 endloop endfacet
facet normal 0.4564 0.8216 0.3416 outer loop vertex -0.45 -1.52 1.84 vertex -0.4616 -1.541 1.906 vertex -0.3888 -1.554 1.84 endloop endfacet
facet normal 0.7362 -0.1325 -0.6637 outer loop vertex -0.5888 -1.914 1.69 vertex -0.6384 -1.859 1.624 vertex -0.4384 -1.499 1.774 endloop endfacet
facet normal 0.7362 -0.1325 -0.6637 outer loop vertex -0.5888 -1.914 1.69 vertex -0.4384 -1.499 1.774 vertex -0.3888 -1.554 1.84 endloop endfacet
facet normal -0.4564 -0.8216 -0.3416 outer loop vertex -0.65 -1.88 1.69 vertex -0.6384 -1.859 1.624 vertex -0.5888 -1.914 1.69 endloop endfacet
facet normal 0.4564 0.8216 0.3416 outer loop vertex -0.45 -1.52 1.84 vertex -0.3888 -1.554 1.84 vertex -0.4384 -1.499 1.774 endloop endfacet
facet normal -0.502 0.5552 -0.6631 outer loop vertex -0.6384 -1.859 1.624 vertex -0.7112 -1.846 1.69 vertex -0.5112 -1.486 1.84 endloop endfacet
facet normal -0.502 0.5552 -0.6631 outer loop vertex -0.6384 -1.859 1.624 vertex -0.5112 -1.486 1.84 vertex -0.4384 -1.499 1.774 endloop endfacet
facet normal -0.4564 -0.8216 -0.3416 outer loop vertex -0.65 -1.88 1.69 vertex -0.7112 -1.846 1.69 vertex -0.6384 -1.859 1.624 endloop endfacet
facet normal 0.4564 0.8216 0.3416 outer loop vertex -0.45 -1.52 1.84 vertex -0.4384 -1.499 1.774 vertex -0.5112 -1.486 1.84 endloop endfacet
facet normal -0.5925 0.6194 0.515 outer loop vertex -0.5052 -1.435 1.84 vertex -0.5393 -1.52 1.903 vertex -0.45 -1.467 1.942 endloop endfacet
facet normal 0 0.9541 0.2993 outer loop vertex -0.5052 -1.435 1.84 vertex -0.45 -1.467 1.942 vertex -0.3948 -1.435 1.84 endloop endfacet
facet normal 0 0.9541 -0.2993 outer loop vertex -0.5052 -1.435 1.84 vertex -0.3948 -1.435 1.84 vertex -0.45 -1.467 1.738 endloop endfacet
facet normal -0.5925 0.6194 -0.515 outer loop vertex -0.5052 -1.435 1.84 vertex -0.45 -1.467 1.738 vertex -0.5393 -1.52 1.777 endloop endfacet
facet normal -0.9281 0.3723 0 outer loop vertex -0.5052 -1.435 1.84 vertex -0.5393 -1.52 1.777 vertex -0.5393 -1.52 1.903 endloop endfacet
facet normal 0.5925 0.6194 0.515 outer loop vertex -0.3948 -1.435 1.84 vertex -0.45 -1.467 1.942 vertex -0.3607 -1.52 1.903 endloop endfacet
facet normal -0.4002 0 0.9164 outer loop vertex -0.45 -1.467 1.942 vertex -0.5393 -1.52 1.903 vertex -0.45 -1.573 1.942 endloop endfacet
facet normal -0.9281 -0.3723 0 outer loop vertex -0.5393 -1.52 1.903 vertex -0.5393 -1.52 1.777 vertex -0.5052 -1.605 1.84 endloop endfacet
facet normal -0.4002 0 -0.9164 outer loop vertex -0.5393 -1.52 1.777 vertex -0.45 -1.467 1.738 vertex -0.45 -1.573 1.738 endloop endfacet
facet normal 0.5925 0.6194 -0.515 outer loop vertex -0.45 -1.467 1.738 vertex -0.3948 -1.435 1.84 vertex -0.3607 -1.52 1.777 endloop endfacet
facet normal 0.5925 -0.6194 0.515 outer loop vertex -0.3948 -1.605 1.84 vertex -0.3607 -1.52 1.903 vertex -0.45 -1.573 1.942 endloop endfacet
facet normal 0 -0.9541 0.2993 outer loop vertex -0.3948 -1.605 1.84 vertex -0.45 -1.573 1.942 vertex -0.5052 -1.605 1.84 endloop endfacet
facet normal 0 -0.9541 -0.2993 outer loop vertex -0.3948 -1.605 1.84 vertex -0.5052 -1.605 1.84 vertex -0.45 -1.573 1.738 endloop endfacet
facet normal 0.5925 -0.6194 -0.515 outer loop vertex -0.3948 -1.605 1.84 vertex -0.45 -1.573 1.738 vertex -0.3607 -1.52 1.777 endloop endfacet
facet normal 0.9281 -0.3723 0 outer loop vertex -0.3948 -1.605 1.84 vertex -0.3607 -1.52 1.777 vertex -0.3607 -1.52 1.903 endloop endfacet
facet normal 0.4002 0 0.9164 outer loop vertex -0.45 -1.573 1.942 vertex -0.3607 -1.52 1.903 vertex -0.45 -1.467 1.942 endloop endfacet
facet normal -0.5925 -0.6194 0.515 outer loop vertex -0.5052 -1.605 1.84 vertex -0.45 -1.573 1.942 vertex -0.5393 -1.52 1.903 endloop endfacet
facet normal -0.5925 -0.6194 -0.515 outer loop vertex -0.45 -1.573 1.738 vertex -0.5052 -1.605 1.84 vertex -0.5393 -1.52 1.777 endloop endfacet
facet normal 0.4002 0 -0.9164 outer loop vertex -0.3607 -1.52 1.777 vertex -0.45 -1.573 1.738 vertex -0.45 -1.467 1.738 endloop endfacet
facet normal 0.9281 0.3723 0 outer loop vertex -0.3607 -1.52 1.903 vertex -0.3607 -1.52 1.777 vertex -0.3948 -1.435 1.84 endloop endfacet
facet normal -0.4997 0.1064 0.8597 outer loop vertex -0.4671 -1.514 1.84 vertex -0.4417 -1.524 1.856 vertex -0.1917 -0.7537 1.906 endloop endfacet
facet normal -0.5015 0.1071 0.8585 outer loop vertex -0.4671 -1.514 1.84 vertex -0.1917 -0.7537 1.906 vertex -0.2171 -0.7444 1.89 endloop endfacet
facet normal -0.3304 -0.9417 -0.06402 outer loop vertex -0.45 -1.52 1.84 vertex -0.4417 -1.524 1.856 vertex -0.4671 -1.514 1.84 endloop endfacet
facet normal 0.3107 0.9487 0.05822 outer loop vertex -0.2 -0.75 1.89 vertex -0.2171 -0.7444 1.89 vertex -0.1917 -0.7537 1.906 endloop endfacet
facet normal 0.9512 -0.3087 -0.001458 outer loop vertex -0.4417 -1.524 1.856 vertex -0.4411 -1.522 1.824 vertex -0.1911 -0.7519 1.874 endloop endfacet
facet normal 0.9512 -0.3087 0.0004683 outer loop vertex -0.4417 -1.524 1.856 vertex -0.1911 -0.7519 1.874 vertex -0.1917 -0.7537 1.906 endloop endfacet
facet normal -0.3287 -0.9422 -0.06505 outer loop vertex -0.45 -1.52 1.84 vertex -0.4411 -1.522 1.824 vertex -0.4417 -1.524 1.856 endloop endfacet
facet normal 0.309 0.9492 0.05919 outer loop vertex -0.2 -0.75 1.89 vertex -0.1917 -0.7537 1.906 vertex -0.1911 -0.7519 1.874 endloop endfacet
facet normal -0.4657 0.2072 -0.8603 outer loop vertex -0.4411 -1.522 1.824 vertex -0.4671 -1.514 1.84 vertex -0.2171 -0.7444 1.89 endloop endfacet
facet normal -0.4685 0.2078 -0.8587 outer loop vertex -0.4411 -1.522 1.824 vertex -0.2171 -0.7444 1.89 vertex -0.1911 -0.7519 1.874 endloop endfacet
facet normal -0.3304 -0.9415 -0.06607 outer loop vertex -0.45 -1.52 1.84 vertex -0.4671 -1.514 1.84 vertex -0.4411 -1.522 1.824 endloop endfacet
facet normal 0.3107 0.9486 0.06016 outer loop vertex -0.2 -0.75 1.89 vertex -0.1911 -0.7519 1.874 vertex -0.2171 -0.7444 1.89 endloop endfacet
facet normal -0.4593 0.7699 0.443 outer loop vertex 0.07884 -2.053 1.29 vertex 0.2367 -2.006 1.372 vertex 0.3767 -1.646 0.8915 endloop endfacet
facet normal -0.4583 0.77 0.4439 outer loop vertex 0.07884 -2.053 1.29 vertex 0.3767 -1.646 0.8915 vertex 0.2188 -1.693 0.81 endloop endfacet
facet normal -0.2281 -0.588 0.7761 outer loop vertex 0.2 -2.1 1.29 vertex 0.2367 -2.006 1.372 vertex 0.07884 -2.053 1.29 endloop endfacet
facet normal 0.2272 0.5858 -0.778 outer loop vertex 0.34 -1.74 0.81 vertex 0.2188 -1.693 0.81 vertex 0.3767 -1.646 0.8915 endloop endfacet
facet normal 0.8588 0.2569 0.4432 outer loop vertex 0.2367 -2.006 1.372 vertex 0.3212 -2.147 1.29 vertex 0.4612 -1.787 0.81 endloop endfacet
facet normal 0.8583 0.2581 0.4434 outer loop vertex 0.2367 -2.006 1.372 vertex 0.4612 -1.787 0.81 vertex 0.3767 -1.646 0.8915 endloop endfacet
facet normal -0.228 -0.588 0.7761 outer loop vertex 0.2 -2.1 1.29 vertex 0.3212 -2.147 1.29 vertex 0.2367 -2.006 1.372 endloop endfacet
facet normal 0.2272 0.5858 -0.778 outer loop vertex 0.34 -1.74 0.81 vertex 0.3767 -1.646 0.8915 vertex 0.4612 -1.787 0.81 endloop endfacet
facet normal 0.4594 -0.7695 -0.4436 outer loop vertex 0.3212 -2.147 1.29 vertex 0.1633 -2.194 1.208 vertex 0.3033 -1.834 0.7285 endloop endfacet
facet normal 0.4583 -0.77 -0.4439 outer loop vertex 0.3212 -2.147 1.29 vertex 0.3033 -1.834 0.7285 vertex 0.4612 -1.787 0.81 endloop endfacet
facet normal -0.228 -0.588 0.7761 outer loop vertex 0.2 -2.1 1.29 vertex 0.1633 -2.194 1.208 vertex 0.3212 -2.147 1.29 endloop endfacet
facet normal 0.2272 0.5858 -0.778 outer loop vertex 0.34 -1.74 0.81 vertex 0.4612 -1.787 0.81 vertex 0.3033 -1.834 0.7285 endloop endfacet
facet normal -0.8589 -0.2568 -0.4431 outer loop vertex 0.1633 -2.194 1.208 vertex 0.07884 -2.053 1.29 vertex 0.2188 -1.693 0.81 endloop endfacet
facet normal -0.8582 -0.2577 -0.444 outer loop vertex 0.1633 -2.194 1.208 vertex 0.2188 -1.693 0.81 vertex 0.3033 -1.834 0.7285 endloop endfacet
facet normal -0.2281 -0.588 0.7761 outer loop vertex 0.2 -2.1 1.29 vertex 0.07884 -2.053 1.29 vertex 0.1633 -2.194 1.208 endloop endfacet
facet normal 0.2272 0.5858 -0.778 outer loop vertex 0.34 -1.74 0.81 vertex 0.3033 -1.834 0.7285 vertex 0.2188 -1.693 0.81 endloop endfacet
facet normal -0.4499 0.766 0.4592 outer loop vertex 0.2429 -1.7 0.81 vertex 0.3704 -1.666 0.8782 vertex 0.5104 -1.326 0.4482 endloop endfacet
facet normal -0.4499 0.766 0.4592 outer loop vertex 0.2429 -1.7 0.81 vertex 0.5104 -1.326 0.4482 vertex 0.3829 -1.36 0.38 endloop endfacet
facet normal -0.2471 -0.5998 0.761 outer loop vertex 0.34 -1.74 0.81 vertex 0.3704 -1.666 0.8782 vertex 0.2429 -1.7 0.81 endloop endfacet
facet normal 0.2471 0.5998 -0.761 outer loop vertex 0.48 -1.4 0.38 vertex 0.3829 -1.36 0.38 vertex 0.5104 -1.326 0.4482 endloop endfacet
facet normal 0.8586 0.2275 0.4594 outer loop vertex 0.3704 -1.666 0.8782 vertex 0.4371 -1.78 0.81 vertex 0.5771 -1.44 0.38 endloop endfacet
facet normal 0.8586 0.2275 0.4594 outer loop vertex 0.3704 -1.666 0.8782 vertex 0.5771 -1.44 0.38 vertex 0.5104 -1.326 0.4482 endloop endfacet
facet normal -0.2471 -0.5998 0.761 outer loop vertex 0.34 -1.74 0.81 vertex 0.4371 -1.78 0.81 vertex 0.3704 -1.666 0.8782 endloop endfacet
facet normal 0.2471 0.5998 -0.761 outer loop vertex 0.48 -1.4 0.38 vertex 0.5104 -1.326 0.4482 vertex 0.5771 -1.44 0.38 endloop endfacet
facet normal 0.4499 -0.766 -0.4592 outer loop vertex 0.4371 -1.78 0.81 vertex 0.3096 -1.814 0.7418 vertex 0.4496 -1.474 0.3118 endloop endfacet
facet normal 0.4499 -0.766 -0.4592 outer loop vertex 0.4371 -1.78 0.81 vertex 0.4496 -1.474 0.3118 vertex 0.5771 -1.44 0.38 endloop endfacet
facet normal -0.2471 -0.5998 0.761 outer loop vertex 0.34 -1.74 0.81 vertex 0.3096 -1.814 0.7418 vertex 0.4371 -1.78 0.81 endloop endfacet
facet normal 0.2471 0.5998 -0.761 outer loop vertex 0.48 -1.4 0.38 vertex 0.5771 -1.44 0.38 vertex 0.4496 -1.474 0.3118 endloop endfacet
facet normal -0.8586 -0.2275 -0.4594 outer loop vertex 0.3096 -1.814 0.7418 vertex 0.2429 -1.7 0.81 vertex 0.3829 -1.36 0.38 endloop endfacet
facet normal -0.8586 -0.2275 -0.4594 outer loop vertex 0.3096 -1.814 0.7418 vertex 0.3829 -1.36 0.38 vertex 0.4496 -1.474 0.3118 endloop endfacet
facet normal -0.2471 -0.5998 0.761 outer loop vertex 0.34 -1.74 0.81 vertex 0.2429 -1.7 0.81 vertex 0.3096 -1.814 0.7418 endloop endfacet
facet normal 0.2471 0.5998 -0.761 outer loop vertex 0.48 -1.4 0.38 vertex 0.4496 -1.474 0.3118 vertex 0.3829 -1.36 0.38 endloop endfacet
facet normal 0 0 -1 outer loop vertex 0.365 -1.08 0.24 vertex 0.595 -1.48 0.24 vertex 0.365 -1.48 0.24 endloop endfacet
facet normal 0 0 1 outer loop vertex 0.365 -1.08 0.38 vertex 0.365 -1.48 0.38 vertex 0.595 -1.48 0.38 endloop endfacet
facet normal 0 0 -1 outer loop vertex 0.595 -1.48 0.24 vertex 0.365 -1.08 0.24 vertex 0.595 -1.08 0.24 endloop endfacet
facet normal 0 0 1 outer loop vertex 0.595 -1.48 0.38 vertex 0.595 -1.08 0.38 vertex 0.365 -1.08 0.38 endloop endfacet
facet normal 0 -1 0 outer loop vertex 0.365 -1.48 0.24 vertex 0.595 -1.48 0.24 vertex 0.595 -1.48 0.38 endloop endfacet
facet normal 0 -1 0 outer loop vertex 0.365 -1.48 0.24 vertex 0.595 -1.48 0.38 vertex 0.365 -1.48 0.38 endloop endfacet
facet normal 1 0 0 outer loop vertex 0.595 -1.48 0.24 vertex 0.595 -1.08 0.24 vertex 0.595 -1.08 0.38 endloop endfacet
facet normal 1 0 0 outer loop vertex 0.595 -1.48 0.24 vertex 0.595 -1.08 0.38 vertex 0.595 -1.48 0.38 endloop endfacet
facet normal 0 1 0 outer loop vertex 0.595 -1.08 0.24 vertex 0.365 -1.08 0.24 vertex 0.365 -1.08 0.38 endloop endfacet
facet normal 0 1 0 outer loop vertex 0.595 -1.08 0.24 vertex 0.365 -1.08 0.38 vertex 0.595 -1.08 0.38 endloop endfacet
facet normal -1 0 0 outer loop vertex 0.365 -1.08 0.24 vertex 0.365 -1.48 0.24 vertex 0.365 -1.48 0.38 endloop endfacet
facet normal -1 0 0 outer loop vertex 0.365 -1.08 0.24 vertex 0.365 -1.48 0.38 vertex 0.365 -1.08 0.38 endloop endfacet
facet normal -0.09207 0.8939 0.4387 outer loop vertex 0.3612 -2.039 2.09 vertex 0.4681 -2.054 2.143 vertex 0.6981 -1.834 1.743 endloop endfacet
facet normal -0.09207 0.8939 0.4387 outer loop vertex 0.3612 -2.039 2.09 vertex 0.6981 -1.834 1.743 vertex 0.5912 -1.819 1.69 endloop endfacet
facet normal -0.4485 -0.4323 0.7823 outer loop vertex 0.42 -2.1 2.09 vertex 0.4681 -2.054 2.143 vertex 0.3612 -2.039 2.09 endloop endfacet
facet normal 0.4485 0.4323 -0.7823 outer loop vertex 0.65 -1.88 1.69 vertex 0.5912 -1.819 1.69 vertex 0.6981 -1.834 1.743 endloop endfacet
facet normal 0.8887 -0.1291 0.44 outer loop vertex 0.4681 -2.054 2.143 vertex 0.4788 -2.161 2.09 vertex 0.7088 -1.941 1.69 endloop endfacet
facet normal 0.8887 -0.1291 0.44 outer loop vertex 0.4681 -2.054 2.143 vertex 0.7088 -1.941 1.69 vertex 0.6981 -1.834 1.743 endloop endfacet
facet normal -0.4485 -0.4323 0.7823 outer loop vertex 0.42 -2.1 2.09 vertex 0.4788 -2.161 2.09 vertex 0.4681 -2.054 2.143 endloop endfacet
facet normal 0.4485 0.4323 -0.7823 outer loop vertex 0.65 -1.88 1.69 vertex 0.6981 -1.834 1.743 vertex 0.7088 -1.941 1.69 endloop endfacet
facet normal 0.09207 -0.8939 -0.4387 outer loop vertex 0.4788 -2.161 2.09 vertex 0.3719 -2.146 2.037 vertex 0.6019 -1.926 1.637 endloop endfacet
facet normal 0.09207 -0.8939 -0.4387 outer loop vertex 0.4788 -2.161 2.09 vertex 0.6019 -1.926 1.637 vertex 0.7088 -1.941 1.69 endloop endfacet
facet normal -0.4485 -0.4323 0.7823 outer loop vertex 0.42 -2.1 2.09 vertex 0.3719 -2.146 2.037 vertex 0.4788 -2.161 2.09 endloop endfacet
facet normal 0.4485 0.4323 -0.7823 outer loop vertex 0.65 -1.88 1.69 vertex 0.7088 -1.941 1.69 vertex 0.6019 -1.926 1.637 endloop endfacet
facet normal -0.8887 0.1291 -0.44 outer loop vertex 0.3719 -2.146 2.037 vertex 0.3612 -2.039 2.09 vertex 0.5912 -1.819 1.69 endloop endfacet
facet normal -0.8887 0.1291 -0.44 outer loop vertex 0.3719 -2.146 2.037 vertex 0.5912 -1.819 1.69 vertex 0.6019 -1.926 1.637 endloop endfacet
facet normal -0.4485 -0.4323 0.7823 outer loop vertex 0.42 -2.1 2.09 vertex 0.3612 -2.039 2.09 vertex 0.3719 -2.146 2.037 endloop endfacet
facet normal 0.4485 0.4323 -0.7823 outer loop vertex 0.65 -1.88 1.69 vertex 0.6019 -1.926 1.637 vertex 0.5912 -1.819 1.69 endloop endfacet
facet normal -0.502 -0.5552 0.6631 outer loop vertex 0.5888 -1.914 1.69 vertex 0.6616 -1.901 1.756 vertex 0.4616 -1.541 1.906 endloop endfacet
facet normal -0.502 -0.5552 0.6631 outer loop vertex 0.5888 -1.914 1.69 vertex 0.4616 -1.541 1.906 vertex 0.3888 -1.554 1.84 endloop endfacet
facet normal 0.4564 -0.8216 -0.3416 outer loop vertex 0.65 -1.88 1.69 vertex 0.6616 -1.901 1.756 vertex 0.5888 -1.914 1.69 endloop endfacet
facet normal -0.4564 0.8216 0.3416 outer loop vertex 0.45 -1.52 1.84 vertex 0.3888 -1.554 1.84 vertex 0.4616 -1.541 1.906 endloop endfacet
facet normal 0.7362 0.1325 0.6637 outer loop vertex 0.6616 -1.901 1.756 vertex 0.7112 -1.846 1.69 vertex 0.5112 -1.486 1.84 endloop endfacet
facet normal 0.7362 0.1325 0.6637 outer loop vertex 0.6616 -1.901 1.756 vertex 0.5112 -1.486 1.84 vertex 0.4616 -1.541 1.906 endloop endfacet
facet normal 0.4564 -0.8216 -0.3416 outer loop vertex 0.65 -1.88 1.69 vertex 0.7112 -1.846 1.69 vertex 0.6616 -1.901 1.756 endloop endfacet
facet normal -0.4564 0.8216 0.3416 outer loop vertex 0.45 -1.52 1.84 vertex 0.4616 -1.541 1.906 vertex 0.5112 -1.486 1.84 endloop endfacet
facet normal 0.502 0.5552 -0.6631 outer loop vertex 0.7112 -1.846 1.69 vertex 0.6384 -1.859 1.624 vertex 0.4384 -1.499 1.774 endloop endfacet
facet normal 0.502 0.5552 -0.6631 outer loop vertex 0.7112 -1.846 1.69 vertex 0.4384 -1.499 1.774 vertex 0.5112 -1.486 1.84 endloop endfacet
facet normal 0.4564 -0.8216 -0.3416 outer loop vertex 0.65 -1.88 1.69 vertex 0.6384 -1.859 1.624 vertex 0.7112 -1.846 1.69 endloop endfacet
facet normal -0.4564 0.8216 0.3416 outer loop vertex 0.45 -1.52 1.84 vertex 0.5112 -1.486 1.84 vertex 0.4384 -1.499 1.774 endloop endfacet
facet normal -0.7362 -0.1325 -0.6637 outer loop vertex 0.6384 -1.859 1.624 vertex 0.5888 -1.914 1.69 vertex 0.3888 -1.554 1.84 endloop endfacet
facet normal -0.7362 -0.1325 -0.6637 outer loop vertex 0.6384 -1.859 1.624 vertex 0.3888 -1.554 1.84 vertex 0.4384 -1.499 1.774 endloop endfacet
facet normal 0.4564 -0.8216 -0.3416 outer loop vertex 0.65 -1.88 1.69 vertex 0.5888 -1.914 1.69 vertex 0.6384 -1.859 1.624 endloop endfacet
facet normal -0.4564 0.8216 0.3416 outer loop vertex 0.45 -1.52 1.84 vertex 0.4384 -1.499 1.774 vertex 0.3888 -1.554 1.84 endloop endfacet
facet normal -0.5925 0.6194 0.515 outer loop vertex 0.3948 -1.435 1.84 vertex 0.3607 -1.52 1.903 vertex 0.45 -1.467 1.942 endloop endfacet
facet normal 0 0.9541 0.2993 outer loop vertex 0.3948 -1.435 1.84 vertex 0.45 -1.467 1.942 vertex 0.5052 -1.435 1.84 endloop endfacet
facet normal 0 0.9541 -0.2993 outer loop vertex 0.3948 -1.435 1.84 vertex 0.5052 -1.435 1.84 vertex 0.45 -1.467 1.738 endloop endfacet
facet normal -0.5925 0.6194 -0.515 outer loop vertex 0.3948 -1.435 1.84 vertex 0.45 -1.467 1.738 vertex 0.3607 -1.52 1.777 endloop endfacet
facet normal -0.9281 0.3723 0 outer loop vertex 0.3948 -1.435 1.84 vertex 0.3607 -1.52 1.777 vertex 0.3607 -1.52 1.903 endloop endfacet
facet normal 0.5925 0.6194 0.515 outer loop vertex 0.5052 -1.435 1.84 vertex 0.45 -1.467 1.942 vertex 0.5393 -1.52 1.903 endloop endfacet
facet normal -0.4002 0 0.9164 outer loop vertex 0.45 -1.467 1.942 vertex 0.3607 -1.52 1.903 vertex 0.45 -1.573 1.942 endloop endfacet
facet normal -0.9281 -0.3723 0 outer loop vertex 0.3607 -1.52 1.903 vertex 0.3607 -1.52 1.777 vertex 0.3948 -1.605 1.84 endloop endfacet
facet normal -0.4002 0 -0.9164 outer loop vertex 0.3607 -1.52 1.777 vertex 0.45 -1.467 1.738 vertex 0.45 -1.573 1.738 endloop endfacet
facet normal 0.5925 0.6194 -0.515 outer loop vertex 0.45 -1.467 1.738 vertex 0.5052 -1.435 1.84 vertex 0.5393 -1.52 1.777 endloop endfacet
facet normal 0.5925 -0.6194 0.515 outer loop vertex 0.5052 -1.605 1.84 vertex 0.5393 -1.52 1.903 vertex 0.45 -1.573 1.942 endloop endfacet
facet normal 0 -0.9541 0.2993 outer loop vertex 0.5052 -1.605 1.84 vertex 0.45 -1.573 1.942 vertex 0.3948 -1.605 1.84 endloop endfacet
facet normal 0 -0.9541 -0.2993 outer loop vertex 0.5052 -1.605 1.84 vertex 0.3948 -1.605 1.84 vertex 0.45 -1.573 1.738 endloop endfacet
facet normal 0.5925 -0.6194 -0.515 outer loop vertex 0.5052 -1.605 1.84 vertex 0.45 -1.573 1.738 vertex 0.5393 -1.52 1.777 endloop endfacet
facet normal 0.9281 -0.3723 0 outer loop vertex 0.5052 -1.605 1.84 vertex 0.5393 -1.52 1.777 vertex 0.5393 -1.52 1.903 endloop endfacet
facet normal 0.4002 0 0.9164 outer loop vertex 0.45 -1.573 1.942 vertex 0.5393 -1.52 1.903 vertex 0.45 -1.467 1.942 endloop endfacet
facet normal -0.5925 -0.6194 0.515 outer loop vertex 0.3948 -1.605 1.84 vertex 0.45 -1.573 1.942 vertex 0.3607 -1.52 1.903 endloop endfacet
facet normal -0.5925 -0.6194 -0.515 outer loop vertex 0.45 -1.573 1.738 vertex 0.3948 -1.605 1.84 vertex 0.3607 -1.52 1.777 endloop endfacet
facet normal 0.4002 0 -0.9164 outer loop vertex 0.5393 -1.52 1.777 vertex 0.45 -1.573 1.738 vertex 0.45 -1.467 1.738 endloop endfacet
facet normal 0.9281 0.3723 0 outer loop vertex 0.5393 -1.52 1.903 vertex 0.5393 -1.52 1.777 vertex 0.5052 -1.435 1.84 endloop endfacet
facet normal -0.4657 -0.2071 0.8604 outer loop vertex 0.4329 -1.526 1.84 vertex 0.4589 -1.518 1.856 vertex 0.2089 -0.7481 1.906 endloop endfacet
facet normal -0.4685 -0.2078 0.8587 outer loop vertex 0.4329 -1.526 1.84 vertex 0.2089 -0.7481 1.906 vertex 0.1829 -0.7556 1.89 endloop endfacet
facet normal 0.3304 -0.9415 -0.06607 outer loop vertex 0.45 -1.52 1.84 vertex 0.4589 -1.518 1.856 vertex 0.4329 -1.526 1.84 endloop endfacet
facet normal -0.3107 0.9486 0.06016 outer loop vertex 0.2 -0.75 1.89 vertex 0.1829 -0.7556 1.89 vertex 0.2089 -0.7481 1.906 endloop endfacet
facet normal 0.9511 0.3088 0.001468 outer loop vertex 0.4589 -1.518 1.856 vertex 0.4583 -1.516 1.824 vertex 0.2083 -0.7463 1.874 endloop endfacet
facet normal 0.9511 0.3089 -0.0004593 outer loop vertex 0.4589 -1.518 1.856 vertex 0.2083 -0.7463 1.874 vertex 0.2089 -0.7481 1.906 endloop endfacet
facet normal 0.3287 -0.9422 -0.06505 outer loop vertex 0.45 -1.52 1.84 vertex 0.4583 -1.516 1.824 vertex 0.4589 -1.518 1.856 endloop endfacet
facet normal -0.309 0.9492 0.05919 outer loop vertex 0.2 -0.75 1.89 vertex 0.2089 -0.7481 1.906 vertex 0.2083 -0.7463 1.874 endloop endfacet
facet normal -0.4997 -0.1063 -0.8597 outer loop vertex 0.4583 -1.516 1.824 vertex 0.4329 -1.526 1.84 vertex 0.1829 -0.7556 1.89 endloop endfacet
facet normal -0.5015 -0.1071 -0.8585 outer loop vertex 0.4583 -1.516 1.824 vertex 0.1829 -0.7556 1.89 vertex 0.2083 -0.7463 1.874 endloop endfacet
facet normal 0.3304 -0.9417 -0.06402 outer loop vertex 0.45 -1.52 1.84 vertex 0.4329 -1.526 1.84 vertex 0.4583 -1.516 1.824 endloop endfacet
facet normal -0.3107 0.9487 0.05822 outer loop vertex 0.2 -0.75 1.89 vertex 0.2083 -0.7463 1.874 vertex 0.1829 -0.7556 1.89 endloop endfacet
facet normal 0 -1 0 outer loop vertex -2.721 1.25 0.9598 vertex -3.453 1.25 0.584 vertex -3.028 1.25 0.6567 endloop endfacet
facet normal 0 1 0 outer loop vertex -2.721 1.37 0.9598 vertex -3.028 1.37 0.6567 vertex -3.453 1.37 0.584 endloop endfacet
facet normal 0 -1 0 outer loop vertex -2.721 1.25 0.9598 vertex -3.738 1.25 0.8 vertex -3.453 1.25 0.584 endloop endfacet
facet normal 0 1 0 outer loop vertex -2.721 1.37 0.9598 vertex -3.453 1.37 0.584 vertex -3.738 1.37 0.8 endloop endfacet
facet normal 0 -1 0 outer loop vertex -2.721 1.25 0.9598 vertex -3.691 1.25 1.088 vertex -3.738 1.25 0.8 endloop endfacet
facet normal 0 1 0 outer loop vertex -2.721 1.37 0.9598 vertex -3.738 1.37 0.8 vertex -3.691 1.37 1.088 endloop endfacet
facet normal 0 -1 0 outer loop vertex -3.691 1.25 1.088 vertex -3.625 1.25 1.286 vertex -3.84 1.25 1.369 endloop endfacet
facet normal 0 1 0 outer loop vertex -3.691 1.37 1.088 vertex -3.84 1.37 1.369 vertex -3.625 1.37 1.286 endloop endfacet
facet normal 0 -1 0 outer loop vertex -2.721 1.25 0.9598 vertex -3.625 1.25 1.286 vertex -3.691 1.25 1.088 endloop endfacet
facet normal 0 1 0 outer loop vertex -2.721 1.37 0.9598 vertex -3.691 1.37 1.088 vertex -3.625 1.37 1.286 endloop endfacet
facet normal 0 -1 0 outer loop vertex -2.721 1.25 0.9598 vertex -3.378 1.25 1.228 vertex -3.625 1.25 1.286 endloop endfacet
facet normal 0 1 0 outer loop vertex -2.721 1.37 0.9598 vertex -3.625 1.37 1.286 vertex -3.378 1.37 1.228 endloop endfacet
facet normal 0 -1 0 outer loop vertex -2.721 1.25 0.9598 vertex -3.311 1.25 1.404 vertex -3.378 1.25 1.228 endloop endfacet
facet normal 0 1 0 outer loop vertex -2.721 1.37 0.9598 vertex -3.378 1.37 1.228 vertex -3.311 1.37 1.404 endloop endfacet
facet normal 0 -1 0 outer loop vertex -2.721 1.25 0.9598 vertex -3.248 1.25 1.589 vertex -3.311 1.25 1.404 endloop endfacet
facet normal 0 1 0 outer loop vertex -2.721 1.37 0.9598 vertex -3.311 1.37 1.404 vertex -3.248 1.37 1.589 endloop endfacet
facet normal 0 -1 0 outer loop vertex -2.721 1.25 0.9598 vertex -3.037 1.25 1.36 vertex -3.248 1.25 1.589 endloop endfacet
facet normal 0 1 0 outer loop vertex -2.721 1.37 0.9598 vertex -3.248 1.37 1.589 vertex -3.037 1.37 1.36 endloop endfacet
facet normal 0 -1 0 outer loop vertex -3.037 1.25 1.36 vertex -2.721 1.25 0.9598 vertex -2.77 1.25 1.268 endloop endfacet
facet normal 0 1 0 outer loop vertex -3.037 1.37 1.36 vertex -2.77 1.37 1.268 vertex -2.721 1.37 0.9598 endloop endfacet
facet normal 0.1686 0 -0.9857 outer loop vertex -3.028 1.25 0.6567 vertex -3.453 1.25 0.584 vertex -3.453 1.37 0.584 endloop endfacet
facet normal 0.1686 0 -0.9857 outer loop vertex -3.028 1.25 0.6567 vertex -3.453 1.37 0.584 vertex -3.028 1.37 0.6567 endloop endfacet
facet normal -0.604 0 -0.797 outer loop vertex -3.453 1.25 0.584 vertex -3.738 1.25 0.8 vertex -3.738 1.37 0.8 endloop endfacet
facet normal -0.604 0 -0.797 outer loop vertex -3.453 1.25 0.584 vertex -3.738 1.37 0.8 vertex -3.453 1.37 0.584 endloop endfacet
facet normal -0.9869 0 0.1611 outer loop vertex -3.738 1.25 0.8 vertex -3.691 1.25 1.088 vertex -3.691 1.37 1.088 endloop endfacet
facet normal -0.9869 0 0.1611 outer loop vertex -3.738 1.25 0.8 vertex -3.691 1.37 1.088 vertex -3.738 1.37 0.8 endloop endfacet
facet normal -0.8835 0 -0.4685 outer loop vertex -3.691 1.25 1.088 vertex -3.84 1.25 1.369 vertex -3.84 1.37 1.369 endloop endfacet
facet normal -0.8835 0 -0.4685 outer loop vertex -3.691 1.25 1.088 vertex -3.84 1.37 1.369 vertex -3.691 1.37 1.088 endloop endfacet
facet normal 0.3601 0 0.9329 outer loop vertex -3.84 1.25 1.369 vertex -3.625 1.25 1.286 vertex -3.625 1.37 1.286 endloop endfacet
facet normal 0.3601 0 0.9329 outer loop vertex -3.84 1.25 1.369 vertex -3.625 1.37 1.286 vertex -3.84 1.37 1.369 endloop endfacet
facet normal 0.2286 0 0.9735 outer loop vertex -3.625 1.25 1.286 vertex -3.378 1.25 1.228 vertex -3.378 1.37 1.228 endloop endfacet
facet normal 0.2286 0 0.9735 outer loop vertex -3.625 1.25 1.286 vertex -3.378 1.37 1.228 vertex -3.625 1.37 1.286 endloop endfacet
facet normal -0.9346 0 0.3558 outer loop vertex -3.378 1.25 1.228 vertex -3.311 1.25 1.404 vertex -3.311 1.37 1.404 endloop endfacet
facet normal -0.9346 0 0.3558 outer loop vertex -3.378 1.25 1.228 vertex -3.311 1.37 1.404 vertex -3.378 1.37 1.228 endloop endfacet
facet normal -0.9466 0 0.3224 outer loop vertex -3.311 1.25 1.404 vertex -3.248 1.25 1.589 vertex -3.248 1.37 1.589 endloop endfacet
facet normal -0.9466 0 0.3224 outer loop vertex -3.311 1.25 1.404 vertex -3.248 1.37 1.589 vertex -3.311 1.37 1.404 endloop endfacet
facet normal 0.7354 0 0.6776 outer loop vertex -3.248 1.25 1.589 vertex -3.037 1.25 1.36 vertex -3.037 1.37 1.36 endloop endfacet
facet normal 0.7354 0 0.6776 outer loop vertex -3.248 1.25 1.589 vertex -3.037 1.37 1.36 vertex -3.248 1.37 1.589 endloop endfacet
facet normal 0.3258 0 0.9454 outer loop vertex -3.037 1.25 1.36 vertex -2.77 1.25 1.268 vertex -2.77 1.37 1.268 endloop endfacet
facet normal 0.3258 0 0.9454 outer loop vertex -3.037 1.25 1.36 vertex -2.77 1.37 1.268 vertex -3.037 1.37 1.36 endloop endfacet
facet normal 0.9876 0 0.157 outer loop vertex -2.77 1.25 1.268 vertex -2.721 1.25 0.9598 vertex -2.721 1.37 0.9598 endloop endfacet
facet normal 0.9876 0 0.157 outer loop vertex -2.77 1.25 1.268 vertex -2.721 1.37 0.9598 vertex -2.77 1.37 1.268 endloop endfacet
facet normal 0.7026 0 -0.7116 outer loop vertex -2.721 1.25 0.9598 vertex -3.028 1.25 0.6567 vertex -3.028 1.37 0.6567 endloop endfacet
facet normal 0.7026 0 -0.7116 outer loop vertex -2.721 1.25 0.9598 vertex -3.028 1.37 0.6567 vertex -2.721 1.37 0.9598 endloop endfacet
facet normal 0.5157 0 -0.8568 outer loop vertex -3.536 1.26 1.6 vertex -3.639 1.36 1.538 vertex -3.536 1.36 1.6 endloop endfacet
facet normal -0.5218 0 0.8531 outer loop vertex -4.022 1.26 2.393 vertex -4.022 1.36 2.393 vertex -4.125 1.36 2.33 endloop endfacet
facet normal 0.5157 0 -0.8568 outer loop vertex -3.639 1.36 1.538 vertex -3.536 1.26 1.6 vertex -3.639 1.26 1.538 endloop endfacet
facet normal -0.5218 0 0.8531 outer loop vertex -4.125 1.36 2.33 vertex -4.125 1.26 2.33 vertex -4.022 1.26 2.393 endloop endfacet
facet normal 0 1 0 outer loop vertex -3.536 1.36 1.6 vertex -3.639 1.36 1.538 vertex -4.125 1.36 2.33 endloop endfacet
facet normal 0 1 0 outer loop vertex -3.536 1.36 1.6 vertex -4.125 1.36 2.33 vertex -4.022 1.36 2.393 endloop endfacet
facet normal -0.8523 0 -0.523 outer loop vertex -3.639 1.36 1.538 vertex -3.639 1.26 1.538 vertex -4.125 1.26 2.33 endloop endfacet
facet normal -0.8523 0 -0.523 outer loop vertex -3.639 1.36 1.538 vertex -4.125 1.26 2.33 vertex -4.125 1.36 2.33 endloop endfacet
facet normal 0 -1 0 outer loop vertex -3.639 1.26 1.538 vertex -3.536 1.26 1.6 vertex -4.022 1.26 2.393 endloop endfacet
facet normal 0 -1 0 outer loop vertex -3.639 1.26 1.538 vertex -4.022 1.26 2.393 vertex -4.125 1.26 2.33 endloop endfacet
facet normal 0.8526 0 0.5225 outer loop vertex -3.536 1.26 1.6 vertex -3.536 1.36 1.6 vertex -4.022 1.36 2.393 endloop endfacet
facet normal 0.8526 0 0.5225 outer loop vertex -3.536 1.26 1.6 vertex -4.022 1.36 2.393 vertex -4.022 1.26 2.393 endloop endfacet
facet normal 0.5206 0 -0.8538 outer loop vertex -3.971 1.265 2.424 vertex -4.176 1.375 2.299 vertex -3.971 1.375 2.424 endloop endfacet
facet normal -0.5206 0 0.8538 outer loop vertex -4.128 1.265 2.68 vertex -4.128 1.375 2.68 vertex -4.333 1.375 2.555 endloop endfacet
facet normal 0.5206 0 -0.8538 outer loop vertex -4.176 1.375 2.299 vertex -3.971 1.265 2.424 vertex -4.176 1.265 2.299 endloop endfacet
facet normal -0.5206 0 0.8538 outer loop vertex -4.333 1.375 2.555 vertex -4.333 1.265 2.555 vertex -4.128 1.265 2.68 endloop endfacet
facet normal 0 1 0 outer loop vertex -3.971 1.375 2.424 vertex -4.176 1.375 2.299 vertex -4.333 1.375 2.555 endloop endfacet
facet normal 0 1 0 outer loop vertex -3.971 1.375 2.424 vertex -4.333 1.375 2.555 vertex -4.128 1.375 2.68 endloop endfacet
facet normal -0.8525 0 -0.5228 outer loop vertex -4.176 1.375 2.299 vertex -4.176 1.265 2.299 vertex -4.333 1.265 2.555 endloop endfacet
facet normal -0.8525 0 -0.5228 outer loop vertex -4.176 1.375 2.299 vertex -4.333 1.265 2.555 vertex -4.333 1.375 2.555 endloop endfacet
facet normal 0 -1 0 outer loop vertex -4.176 1.265 2.299 vertex -3.971 1.265 2.424 vertex -4.128 1.265 2.68 endloop endfacet
facet normal 0 -1 0 outer loop vertex -4.176 1.265 2.299 vertex -4.128 1.265 2.68 vertex -4.333 1.265 2.555 endloop endfacet
facet normal 0.8525 0 0.5228 outer loop vertex -3.971 1.265 2.424 vertex -3.971 1.375 2.424 vertex -4.128 1.375 2.68 endloop endfacet
facet normal 0.8525 0 0.5228 outer loop vertex -3.971 1.265 2.424 vertex -4.128 1.375 2.68 vertex -4.128 1.265 2.68 endloop endfacet
facet normal 0.5223 0 -0.8527 outer loop vertex -3.055 1.35 0.9686 vertex -3.294 1.43 0.8222 vertex -3.055 1.43 0.9686 endloop endfacet
facet normal -0.5229 0 0.8524 outer loop vertex -3.097 1.35 1.037 vertex -3.097 1.43 1.037 vertex -3.336 1.43 0.8904 endloop endfacet
facet normal 0.5223 0 -0.8527 outer loop vertex -3.294 1.43 0.8222 vertex -3.055 1.35 0.9686 vertex -3.294 1.35 0.8222 endloop endfacet
facet normal -0.5229 0 0.8524 outer loop vertex -3.336 1.43 0.8904 vertex -3.336 1.35 0.8904 vertex -3.097 1.35 1.037 endloop endfacet
facet normal 0 1 0 outer loop vertex -3.055 1.43 0.9686 vertex -3.294 1.43 0.8222 vertex -3.336 1.43 0.8904 endloop endfacet
facet normal 0 1 0 outer loop vertex -3.055 1.43 0.9686 vertex -3.336 1.43 0.8904 vertex -3.097 1.43 1.037 endloop endfacet
facet normal -0.8515 0 -0.5244 outer loop vertex -3.294 1.43 0.8222 vertex -3.294 1.35 0.8222 vertex -3.336 1.35 0.8904 endloop endfacet
facet normal -0.8515 0 -0.5244 outer loop vertex -3.294 1.43 0.8222 vertex -3.336 1.35 0.8904 vertex -3.336 1.43 0.8904 endloop endfacet
facet normal 0 -1 0 outer loop vertex -3.294 1.35 0.8222 vertex -3.055 1.35 0.9686 vertex -3.097 1.35 1.037 endloop endfacet
facet normal 0 -1 0 outer loop vertex -3.294 1.35 0.8222 vertex -3.097 1.35 1.037 vertex -3.336 1.35 0.8904 endloop endfacet
facet normal 0.8522 0 0.5233 outer loop vertex -3.055 1.35 0.9686 vertex -3.055 1.43 0.9686 vertex -3.097 1.43 1.037 endloop endfacet
facet normal 0.8522 0 0.5233 outer loop vertex -3.055 1.35 0.9686 vertex -3.097 1.43 1.037 vertex -3.097 1.35 1.037 endloop endfacet
facet normal 0.5218 0 -0.8531 outer loop vertex -3.141 1.365 1.127 vertex -3.397 1.415 0.9704 vertex -3.141 1.415 1.127 endloop endfacet
facet normal -0.5219 0 0.853 outer loop vertex -3.183 1.365 1.195 vertex -3.183 1.415 1.195 vertex -3.438 1.415 1.039 endloop endfacet
facet normal 0.5218 0 -0.8531 outer loop vertex -3.397 1.415 0.9704 vertex -3.141 1.365 1.127 vertex -3.397 1.365 0.9704 endloop endfacet
facet normal -0.5219 0 0.853 outer loop vertex -3.438 1.415 1.039 vertex -3.438 1.365 1.039 vertex -3.183 1.365 1.195 endloop endfacet
facet normal 0 1 0 outer loop vertex -3.141 1.415 1.127 vertex -3.397 1.415 0.9704 vertex -3.438 1.415 1.039 endloop endfacet
facet normal 0 1 0 outer loop vertex -3.141 1.415 1.127 vertex -3.438 1.415 1.039 vertex -3.183 1.415 1.195 endloop endfacet
facet normal -0.8584 0 -0.513 outer loop vertex -3.397 1.415 0.9704 vertex -3.397 1.365 0.9704 vertex -3.438 1.365 1.039 endloop endfacet
facet normal -0.8584 0 -0.513 outer loop vertex -3.397 1.415 0.9704 vertex -3.438 1.365 1.039 vertex -3.438 1.415 1.039 endloop endfacet
facet normal 0 -1 0 outer loop vertex -3.397 1.365 0.9704 vertex -3.141 1.365 1.127 vertex -3.183 1.365 1.195 endloop endfacet
facet normal 0 -1 0 outer loop vertex -3.397 1.365 0.9704 vertex -3.183 1.365 1.195 vertex -3.438 1.365 1.039 endloop endfacet
facet normal 0.8508 0 0.5255 outer loop vertex -3.141 1.365 1.127 vertex -3.141 1.415 1.127 vertex -3.183 1.415 1.195 endloop endfacet
facet normal 0.8508 0 0.5255 outer loop vertex -3.141 1.365 1.127 vertex -3.183 1.415 1.195 vertex -3.183 1.365 1.195 endloop endfacet
facet normal 0.5243 0 -0.8515 outer loop vertex -3.23 1.365 1.272 vertex -3.485 1.415 1.115 vertex -3.23 1.415 1.272 endloop endfacet
facet normal -0.5204 0 0.8539 outer loop vertex -3.271 1.365 1.34 vertex -3.271 1.415 1.34 vertex -3.527 1.415 1.184 endloop endfacet
facet normal 0.5243 0 -0.8515 outer loop vertex -3.485 1.415 1.115 vertex -3.23 1.365 1.272 vertex -3.485 1.365 1.115 endloop endfacet
facet normal -0.5204 0 0.8539 outer loop vertex -3.527 1.415 1.184 vertex -3.527 1.365 1.184 vertex -3.271 1.365 1.34 endloop endfacet
facet normal 0 1 0 outer loop vertex -3.23 1.415 1.272 vertex -3.485 1.415 1.115 vertex -3.527 1.415 1.184 endloop endfacet
facet normal 0 1 0 outer loop vertex -3.23 1.415 1.272 vertex -3.527 1.415 1.184 vertex -3.271 1.415 1.34 endloop endfacet
facet normal -0.8542 0 -0.5199 outer loop vertex -3.485 1.415 1.115 vertex -3.485 1.365 1.115 vertex -3.527 1.365 1.184 endloop endfacet
facet normal -0.8542 0 -0.5199 outer loop vertex -3.485 1.415 1.115 vertex -3.527 1.365 1.184 vertex -3.527 1.415 1.184 endloop endfacet
facet normal 0 -1 0 outer loop vertex -3.485 1.365 1.115 vertex -3.23 1.365 1.272 vertex -3.271 1.365 1.34 endloop endfacet
facet normal 0 -1 0 outer loop vertex -3.485 1.365 1.115 vertex -3.271 1.365 1.34 vertex -3.527 1.365 1.184 endloop endfacet
facet normal 0.8564 0 0.5163 outer loop vertex -3.23 1.365 1.272 vertex -3.23 1.415 1.272 vertex -3.271 1.415 1.34 endloop endfacet
facet normal 0.8564 0 0.5163 outer loop vertex -3.23 1.365 1.272 vertex -3.271 1.415 1.34 vertex -3.271 1.365 1.34 endloop endfacet
facet normal -0.4161 -0.8728 -0.255 outer loop vertex -3.135 1.43 0.9078 vertex -3.129 1.426 0.9117 vertex -4.153 1.426 2.583 endloop endfacet
facet normal -0.379 -0.8957 -0.2325 outer loop vertex -3.135 1.43 0.9078 vertex -4.153 1.426 2.583 vertex -4.16 1.43 2.579 endloop endfacet
facet normal 0.545 0 -0.8384 outer loop vertex -3.131 1.43 0.9104 vertex -3.129 1.426 0.9117 vertex -3.135 1.43 0.9078 endloop endfacet
facet normal -0.3578 0.2683 0.8944 outer loop vertex -4.155 1.43 2.581 vertex -4.16 1.43 2.579 vertex -4.153 1.426 2.583 endloop endfacet
facet normal 0.8527 0 0.5224 outer loop vertex -3.129 1.426 0.9117 vertex -3.129 1.434 0.9117 vertex -4.153 1.434 2.583 endloop endfacet
facet normal 0.8527 0 0.5224 outer loop vertex -3.129 1.426 0.9117 vertex -4.153 1.434 2.583 vertex -4.153 1.426 2.583 endloop endfacet
facet normal 0.545 0 -0.8384 outer loop vertex -3.131 1.43 0.9104 vertex -3.129 1.434 0.9117 vertex -3.129 1.426 0.9117 endloop endfacet
facet normal -0.7071 0 0.7071 outer loop vertex -4.155 1.43 2.581 vertex -4.153 1.426 2.583 vertex -4.153 1.434 2.583 endloop endfacet
facet normal -0.416 0.8728 -0.2552 outer loop vertex -3.129 1.434 0.9117 vertex -3.135 1.43 0.9078 vertex -4.16 1.43 2.579 endloop endfacet
facet normal -0.3791 0.8957 -0.2323 outer loop vertex -3.129 1.434 0.9117 vertex -4.16 1.43 2.579 vertex -4.153 1.434 2.583 endloop endfacet
facet normal 0.545 0 -0.8384 outer loop vertex -3.131 1.43 0.9104 vertex -3.135 1.43 0.9078 vertex -3.129 1.434 0.9117 endloop endfacet
facet normal -0.3578 -0.2683 0.8944 outer loop vertex -4.155 1.43 2.581 vertex -4.153 1.434 2.583 vertex -4.16 1.43 2.579 endloop endfacet
facet normal -0.381 -0.8946 -0.2337 outer loop vertex -3.151 1.43 0.8984 vertex -3.144 1.426 0.9023 vertex -4.169 1.426 2.573 endloop endfacet
facet normal -0.4138 -0.8743 -0.2536 outer loop vertex -3.151 1.43 0.8984 vertex -4.169 1.426 2.573 vertex -4.175 1.43 2.569 endloop endfacet
facet normal 0.4606 -0.05757 -0.8857 outer loop vertex -3.146 1.43 0.901 vertex -3.144 1.426 0.9023 vertex -3.151 1.43 0.8984 endloop endfacet
facet normal -0.597 -0.0995 0.796 outer loop vertex -4.171 1.43 2.572 vertex -4.175 1.43 2.569 vertex -4.169 1.426 2.573 endloop endfacet
facet normal 0.8524 0 0.5229 outer loop vertex -3.144 1.426 0.9023 vertex -3.144 1.434 0.9023 vertex -4.169 1.434 2.573 endloop endfacet
facet normal 0.8524 0 0.5229 outer loop vertex -3.144 1.426 0.9023 vertex -4.169 1.434 2.573 vertex -4.169 1.426 2.573 endloop endfacet
facet normal 0.545 0 -0.8384 outer loop vertex -3.146 1.43 0.901 vertex -3.144 1.434 0.9023 vertex -3.144 1.426 0.9023 endloop endfacet
facet normal -0.4472 0 0.8944 outer loop vertex -4.171 1.43 2.572 vertex -4.169 1.426 2.573 vertex -4.169 1.434 2.573 endloop endfacet
facet normal -0.3811 0.8946 -0.2336 outer loop vertex -3.144 1.434 0.9023 vertex -3.151 1.43 0.8984 vertex -4.175 1.43 2.569 endloop endfacet
facet normal -0.4137 0.8743 -0.2538 outer loop vertex -3.144 1.434 0.9023 vertex -4.175 1.43 2.569 vertex -4.169 1.434 2.573 endloop endfacet
facet normal 0.4606 0.05757 -0.8857 outer loop vertex -3.146 1.43 0.901 vertex -3.151 1.43 0.8984 vertex -3.144 1.434 0.9023 endloop endfacet
facet normal -0.597 0.0995 0.796 outer loop vertex -4.171 1.43 2.572 vertex -4.169 1.434 2.573 vertex -4.175 1.43 2.569 endloop endfacet
facet normal -0.4161 -0.8728 -0.255 outer loop vertex -3.166 1.43 0.889 vertex -3.16 1.426 0.8929 vertex -4.184 1.426 2.564 endloop endfacet
facet normal -0.4138 -0.8743 -0.2536 outer loop vertex -3.166 1.43 0.889 vertex -4.184 1.426 2.564 vertex -4.19 1.43 2.56 endloop endfacet
facet normal 0.545 0 -0.8384 outer loop vertex -3.162 1.43 0.8916 vertex -3.16 1.426 0.8929 vertex -3.166 1.43 0.889 endloop endfacet
facet normal -0.597 -0.0995 0.796 outer loop vertex -4.186 1.43 2.563 vertex -4.19 1.43 2.56 vertex -4.184 1.426 2.564 endloop endfacet
facet normal 0.8527 0 0.5225 outer loop vertex -3.16 1.426 0.8929 vertex -3.16 1.434 0.8929 vertex -4.184 1.434 2.564 endloop endfacet
facet normal 0.8527 0 0.5225 outer loop vertex -3.16 1.426 0.8929 vertex -4.184 1.434 2.564 vertex -4.184 1.426 2.564 endloop endfacet
facet normal 0.545 0 -0.8384 outer loop vertex -3.162 1.43 0.8916 vertex -3.16 1.434 0.8929 vertex -3.16 1.426 0.8929 endloop endfacet
facet normal -0.4472 0 0.8944 outer loop vertex -4.186 1.43 2.563 vertex -4.184 1.426 2.564 vertex -4.184 1.434 2.564 endloop endfacet
facet normal -0.4161 0.8728 -0.255 outer loop vertex -3.16 1.434 0.8929 vertex -3.166 1.43 0.889 vertex -4.19 1.43 2.56 endloop endfacet
facet normal -0.4138 0.8743 -0.2536 outer loop vertex -3.16 1.434 0.8929 vertex -4.19 1.43 2.56 vertex -4.184 1.434 2.564 endloop endfacet
facet normal 0.545 0 -0.8384 outer loop vertex -3.162 1.43 0.8916 vertex -3.166 1.43 0.889 vertex -3.16 1.434 0.8929 endloop endfacet
facet normal -0.597 0.0995 0.796 outer loop vertex -4.186 1.43 2.563 vertex -4.184 1.434 2.564 vertex -4.19 1.43 2.56 endloop endfacet
facet normal -0.4161 -0.8728 -0.2551 outer loop vertex -3.181 1.43 0.8796 vertex -3.175 1.426 0.8835 vertex -4.199 1.426 2.554 endloop endfacet
facet normal -0.379 -0.8957 -0.2325 outer loop vertex -3.181 1.43 0.8796 vertex -4.199 1.426 2.554 vertex -4.206 1.43 2.55 endloop endfacet
facet normal 0.545 0 -0.8384 outer loop vertex -3.177 1.43 0.8822 vertex -3.175 1.426 0.8835 vertex -3.181 1.43 0.8796 endloop endfacet
facet normal -0.514 -0.04284 0.8567 outer loop vertex -4.201 1.43 2.553 vertex -4.206 1.43 2.55 vertex -4.199 1.426 2.554 endloop endfacet
facet normal 0.8526 0 0.5226 outer loop vertex -3.175 1.426 0.8835 vertex -3.175 1.434 0.8835 vertex -4.199 1.434 2.554 endloop endfacet
facet normal 0.8526 0 0.5226 outer loop vertex -3.175 1.426 0.8835 vertex -4.199 1.434 2.554 vertex -4.199 1.426 2.554 endloop endfacet
facet normal 0.545 0 -0.8384 outer loop vertex -3.177 1.43 0.8822 vertex -3.175 1.434 0.8835 vertex -3.175 1.426 0.8835 endloop endfacet
facet normal -0.4472 0 0.8944 outer loop vertex -4.201 1.43 2.553 vertex -4.199 1.426 2.554 vertex -4.199 1.434 2.554 endloop endfacet
facet normal -0.416 0.8728 -0.2552 outer loop vertex -3.175 1.434 0.8835 vertex -3.181 1.43 0.8796 vertex -4.206 1.43 2.55 endloop endfacet
facet normal -0.3791 0.8957 -0.2324 outer loop vertex -3.175 1.434 0.8835 vertex -4.206 1.43 2.55 vertex -4.199 1.434 2.554 endloop endfacet
facet normal 0.545 0 -0.8384 outer loop vertex -3.177 1.43 0.8822 vertex -3.181 1.43 0.8796 vertex -3.175 1.434 0.8835 endloop endfacet
facet normal -0.514 0.04284 0.8567 outer loop vertex -4.201 1.43 2.553 vertex -4.199 1.434 2.554 vertex -4.206 1.43 2.55 endloop endfacet
facet normal -0.379 -0.8957 -0.2325 outer loop vertex -3.197 1.43 0.8701 vertex -3.19 1.426 0.8741 vertex -4.215 1.426 2.545 endloop endfacet
facet normal -0.4138 -0.8743 -0.2536 outer loop vertex -3.197 1.43 0.8701 vertex -4.215 1.426 2.545 vertex -4.221 1.43 2.541 endloop endfacet
facet normal 0.4746 -0.04834 -0.8789 outer loop vertex -3.192 1.43 0.8728 vertex -3.19 1.426 0.8741 vertex -3.197 1.43 0.8701 endloop endfacet
facet normal -0.597 -0.0995 0.796 outer loop vertex -4.217 1.43 2.544 vertex -4.221 1.43 2.541 vertex -4.215 1.426 2.545 endloop endfacet
facet normal 0.8524 0 0.5229 outer loop vertex -3.19 1.426 0.8741 vertex -3.19 1.434 0.8741 vertex -4.215 1.434 2.545 endloop endfacet
facet normal 0.8524 0 0.5229 outer loop vertex -3.19 1.426 0.8741 vertex -4.215 1.434 2.545 vertex -4.215 1.426 2.545 endloop endfacet
facet normal 0.545 0 -0.8384 outer loop vertex -3.192 1.43 0.8728 vertex -3.19 1.434 0.8741 vertex -3.19 1.426 0.8741 endloop endfacet
facet normal -0.4472 0 0.8944 outer loop vertex -4.217 1.43 2.544 vertex -4.215 1.426 2.545 vertex -4.215 1.434 2.545 endloop endfacet
facet normal -0.3791 0.8957 -0.2323 outer loop vertex -3.19 1.434 0.8741 vertex -3.197 1.43 0.8701 vertex -4.221 1.43 2.541 endloop endfacet
facet normal -0.4137 0.8743 -0.2538 outer loop vertex -3.19 1.434 0.8741 vertex -4.221 1.43 2.541 vertex -4.215 1.434 2.545 endloop endfacet
facet normal 0.4746 0.04834 -0.8789 outer loop vertex -3.192 1.43 0.8728 vertex -3.197 1.43 0.8701 vertex -3.19 1.434 0.8741 endloop endfacet
facet normal -0.597 0.0995 0.796 outer loop vertex -4.217 1.43 2.544 vertex -4.215 1.434 2.545 vertex -4.221 1.43 2.541 endloop endfacet
facet normal -0.4138 -0.8743 -0.2536 outer loop vertex -3.212 1.43 0.8607 vertex -3.206 1.426 0.8647 vertex -4.23 1.426 2.536 endloop endfacet
facet normal -0.4138 -0.8743 -0.2536 outer loop vertex -3.212 1.43 0.8607 vertex -4.23 1.426 2.536 vertex -4.236 1.43 2.532 endloop endfacet
facet normal 0.5449 -0.02096 -0.8383 outer loop vertex -3.208 1.43 0.8633 vertex -3.206 1.426 0.8647 vertex -3.212 1.43 0.8607 endloop endfacet
facet normal -0.4364 0.2182 0.8729 outer loop vertex -4.232 1.43 2.534 vertex -4.236 1.43 2.532 vertex -4.23 1.426 2.536 endloop endfacet
facet normal 0.8527 0 0.5224 outer loop vertex -3.206 1.426 0.8647 vertex -3.206 1.434 0.8647 vertex -4.23 1.434 2.536 endloop endfacet
facet normal 0.8527 0 0.5224 outer loop vertex -3.206 1.426 0.8647 vertex -4.23 1.434 2.536 vertex -4.23 1.426 2.536 endloop endfacet
facet normal 0.5735 0 -0.8192 outer loop vertex -3.208 1.43 0.8633 vertex -3.206 1.434 0.8647 vertex -3.206 1.426 0.8647 endloop endfacet
facet normal -0.7071 0 0.7071 outer loop vertex -4.232 1.43 2.534 vertex -4.23 1.426 2.536 vertex -4.23 1.434 2.536 endloop endfacet
facet normal -0.4138 0.8743 -0.2536 outer loop vertex -3.206 1.434 0.8647 vertex -3.212 1.43 0.8607 vertex -4.236 1.43 2.532 endloop endfacet
facet normal -0.4138 0.8743 -0.2536 outer loop vertex -3.206 1.434 0.8647 vertex -4.236 1.43 2.532 vertex -4.23 1.434 2.536 endloop endfacet
facet normal 0.5449 0.02096 -0.8383 outer loop vertex -3.208 1.43 0.8633 vertex -3.212 1.43 0.8607 vertex -3.206 1.434 0.8647 endloop endfacet
facet normal -0.4364 -0.2182 0.8729 outer loop vertex -4.232 1.43 2.534 vertex -4.23 1.434 2.536 vertex -4.236 1.43 2.532 endloop endfacet
facet normal 0.5204 0 -0.8539 outer loop vertex -3.535 1.363 1.627 vertex -3.663 1.387 1.549 vertex -3.535 1.387 1.627 endloop endfacet
facet normal -0.5204 0 0.8539 outer loop vertex -3.543 1.363 1.64 vertex -3.543 1.387 1.64 vertex -3.671 1.387 1.562 endloop endfacet
facet normal 0.5204 0 -0.8539 outer loop vertex -3.663 1.387 1.549 vertex -3.535 1.363 1.627 vertex -3.663 1.363 1.549 endloop endfacet
facet normal -0.5204 0 0.8539 outer loop vertex -3.671 1.387 1.562 vertex -3.671 1.363 1.562 vertex -3.543 1.363 1.64 endloop endfacet
facet normal 0 1 0 outer loop vertex -3.535 1.387 1.627 vertex -3.663 1.387 1.549 vertex -3.671 1.387 1.562 endloop endfacet
facet normal 0 1 0 outer loop vertex -3.535 1.387 1.627 vertex -3.671 1.387 1.562 vertex -3.543 1.387 1.64 endloop endfacet
facet normal -0.8517 0 -0.5241 outer loop vertex -3.663 1.387 1.549 vertex -3.663 1.363 1.549 vertex -3.671 1.363 1.562 endloop endfacet
facet normal -0.8517 0 -0.5241 outer loop vertex -3.663 1.387 1.549 vertex -3.671 1.363 1.562 vertex -3.671 1.387 1.562 endloop endfacet
facet normal 0 -1 0 outer loop vertex -3.663 1.363 1.549 vertex -3.535 1.363 1.627 vertex -3.543 1.363 1.64 endloop endfacet
facet normal 0 -1 0 outer loop vertex -3.663 1.363 1.549 vertex -3.543 1.363 1.64 vertex -3.671 1.363 1.562 endloop endfacet
facet normal 0.8517 0 0.5241 outer loop vertex -3.535 1.363 1.627 vertex -3.535 1.387 1.627 vertex -3.543 1.387 1.64 endloop endfacet
facet normal 0.8517 0 0.5241 outer loop vertex -3.535 1.363 1.627 vertex -3.543 1.387 1.64 vertex -3.543 1.363 1.64 endloop endfacet
facet normal 0.5282 0 -0.8491 outer loop vertex -3.633 1.363 1.786 vertex -3.76 1.387 1.707 vertex -3.633 1.387 1.786 endloop endfacet
facet normal -0.5252 0 0.851 outer loop vertex -3.64 1.363 1.799 vertex -3.64 1.387 1.799 vertex -3.768 1.387 1.72 endloop endfacet
facet normal 0.5282 0 -0.8491 outer loop vertex -3.76 1.387 1.707 vertex -3.633 1.363 1.786 vertex -3.76 1.363 1.707 endloop endfacet
facet normal -0.5252 0 0.851 outer loop vertex -3.768 1.387 1.72 vertex -3.768 1.363 1.72 vertex -3.64 1.363 1.799 endloop endfacet
facet normal 0 1 0 outer loop vertex -3.633 1.387 1.786 vertex -3.76 1.387 1.707 vertex -3.768 1.387 1.72 endloop endfacet
facet normal 0 1 0 outer loop vertex -3.633 1.387 1.786 vertex -3.768 1.387 1.72 vertex -3.64 1.387 1.799 endloop endfacet
facet normal -0.8517 0 -0.5241 outer loop vertex -3.76 1.387 1.707 vertex -3.76 1.363 1.707 vertex -3.768 1.363 1.72 endloop endfacet
facet normal -0.8517 0 -0.5241 outer loop vertex -3.76 1.387 1.707 vertex -3.768 1.363 1.72 vertex -3.768 1.387 1.72 endloop endfacet
facet normal 0 -1 0 outer loop vertex -3.76 1.363 1.707 vertex -3.633 1.363 1.786 vertex -3.64 1.363 1.799 endloop endfacet
facet normal 0 -1 0 outer loop vertex -3.76 1.363 1.707 vertex -3.64 1.363 1.799 vertex -3.768 1.363 1.72 endloop endfacet
facet normal 0.8805 0 0.4741 outer loop vertex -3.633 1.363 1.786 vertex -3.633 1.387 1.786 vertex -3.64 1.387 1.799 endloop endfacet
facet normal 0.8805 0 0.4741 outer loop vertex -3.633 1.363 1.786 vertex -3.64 1.387 1.799 vertex -3.64 1.363 1.799 endloop endfacet
facet normal 0.5204 0 -0.8539 outer loop vertex -3.73 1.363 1.944 vertex -3.858 1.387 1.866 vertex -3.73 1.387 1.944 endloop endfacet
facet normal -0.5233 0 0.8521 outer loop vertex -3.738 1.363 1.957 vertex -3.738 1.387 1.957 vertex -3.865 1.387 1.879 endloop endfacet
facet normal 0.5204 0 -0.8539 outer loop vertex -3.858 1.387 1.866 vertex -3.73 1.363 1.944 vertex -3.858 1.363 1.866 endloop endfacet
facet normal -0.5233 0 0.8521 outer loop vertex -3.865 1.387 1.879 vertex -3.865 1.363 1.879 vertex -3.738 1.363 1.957 endloop endfacet
facet normal 0 1 0 outer loop vertex -3.73 1.387 1.944 vertex -3.858 1.387 1.866 vertex -3.865 1.387 1.879 endloop endfacet
facet normal 0 1 0 outer loop vertex -3.73 1.387 1.944 vertex -3.865 1.387 1.879 vertex -3.738 1.387 1.957 endloop endfacet
facet normal -0.8805 0 -0.4741 outer loop vertex -3.858 1.387 1.866 vertex -3.858 1.363 1.866 vertex -3.865 1.363 1.879 endloop endfacet
facet normal -0.8805 0 -0.4741 outer loop vertex -3.858 1.387 1.866 vertex -3.865 1.363 1.879 vertex -3.865 1.387 1.879 endloop endfacet
facet normal 0 -1 0 outer loop vertex -3.858 1.363 1.866 vertex -3.73 1.363 1.944 vertex -3.738 1.363 1.957 endloop endfacet
facet normal 0 -1 0 outer loop vertex -3.858 1.363 1.866 vertex -3.738 1.363 1.957 vertex -3.865 1.363 1.879 endloop endfacet
facet normal 0.8517 0 0.5241 outer loop vertex -3.73 1.363 1.944 vertex -3.73 1.387 1.944 vertex -3.738 1.387 1.957 endloop endfacet
facet normal 0.8517 0 0.5241 outer loop vertex -3.73 1.363 1.944 vertex -3.738 1.387 1.957 vertex -3.738 1.363 1.957 endloop endfacet
facet normal 0.5204 0 -0.8539 outer loop vertex -3.827 1.363 2.103 vertex -3.955 1.387 2.025 vertex -3.827 1.387 2.103 endloop endfacet
facet normal -0.5252 0 0.851 outer loop vertex -3.835 1.363 2.116 vertex -3.835 1.387 2.116 vertex -3.963 1.387 2.037 endloop endfacet
facet normal 0.5204 0 -0.8539 outer loop vertex -3.955 1.387 2.025 vertex -3.827 1.363 2.103 vertex -3.955 1.363 2.025 endloop endfacet
facet normal -0.5252 0 0.851 outer loop vertex -3.963 1.387 2.037 vertex -3.963 1.363 2.037 vertex -3.835 1.363 2.116 endloop endfacet
facet normal 0 1 0 outer loop vertex -3.827 1.387 2.103 vertex -3.955 1.387 2.025 vertex -3.963 1.387 2.037 endloop endfacet
facet normal 0 1 0 outer loop vertex -3.827 1.387 2.103 vertex -3.963 1.387 2.037 vertex -3.835 1.387 2.116 endloop endfacet
facet normal -0.8321 0 -0.5547 outer loop vertex -3.955 1.387 2.025 vertex -3.955 1.363 2.025 vertex -3.963 1.363 2.037 endloop endfacet
facet normal -0.8321 0 -0.5547 outer loop vertex -3.955 1.387 2.025 vertex -3.963 1.363 2.037 vertex -3.963 1.387 2.037 endloop endfacet
facet normal 0 -1 0 outer loop vertex -3.955 1.363 2.025 vertex -3.827 1.363 2.103 vertex -3.835 1.363 2.116 endloop endfacet
facet normal 0 -1 0 outer loop vertex -3.955 1.363 2.025 vertex -3.835 1.363 2.116 vertex -3.963 1.363 2.037 endloop endfacet
facet normal 0.8517 0 0.5241 outer loop vertex -3.827 1.363 2.103 vertex -3.827 1.387 2.103 vertex -3.835 1.387 2.116 endloop endfacet
facet normal 0.8517 0 0.5241 outer loop vertex -3.827 1.363 2.103 vertex -3.835 1.387 2.116 vertex -3.835 1.363 2.116 endloop endfacet
facet normal 0.5252 0 -0.851 outer loop vertex -3.924 1.363 2.262 vertex -4.052 1.387 2.183 vertex -3.924 1.387 2.262 endloop endfacet
facet normal -0.5204 0 0.8539 outer loop vertex -3.932 1.363 2.274 vertex -3.932 1.387 2.274 vertex -4.06 1.387 2.196 endloop endfacet
facet normal 0.5252 0 -0.851 outer loop vertex -4.052 1.387 2.183 vertex -3.924 1.363 2.262 vertex -4.052 1.363 2.183 endloop endfacet
facet normal -0.5204 0 0.8539 outer loop vertex -4.06 1.387 2.196 vertex -4.06 1.363 2.196 vertex -3.932 1.363 2.274 endloop endfacet
facet normal 0 1 0 outer loop vertex -3.924 1.387 2.262 vertex -4.052 1.387 2.183 vertex -4.06 1.387 2.196 endloop endfacet
facet normal 0 1 0 outer loop vertex -3.924 1.387 2.262 vertex -4.06 1.387 2.196 vertex -3.932 1.387 2.274 endloop endfacet
facet normal -0.8517 0 -0.5241 outer loop vertex -4.052 1.387 2.183 vertex -4.052 1.363 2.183 vertex -4.06 1.363 2.196 endloop endfacet
facet normal -0.8517 0 -0.5241 outer loop vertex -4.052 1.387 2.183 vertex -4.06 1.363 2.196 vertex -4.06 1.387 2.196 endloop endfacet
facet normal 0 -1 0 outer loop vertex -4.052 1.363 2.183 vertex -3.924 1.363 2.262 vertex -3.932 1.363 2.274 endloop endfacet
facet normal 0 -1 0 outer loop vertex -4.052 1.363 2.183 vertex -3.932 1.363 2.274 vertex -4.06 1.363 2.196 endloop endfacet
facet normal 0.8321 0 0.5547 outer loop vertex -3.924 1.363 2.262 vertex -3.924 1.387 2.262 vertex -3.932 1.387 2.274 endloop endfacet
facet normal 0.8321 0 0.5547 outer loop vertex -3.924 1.363 2.262 vertex -3.932 1.387 2.274 vertex -3.932 1.363 2.274 endloop endfacet
facet normal -0.374 0.7025 0.6055 outer loop vertex -4.025 1.365 2.474 vertex -4.048 1.32 2.512 vertex -3.946 1.32 2.575 endloop endfacet
facet normal -0.3662 0.7092 0.6024 outer loop vertex -4.025 1.365 2.474 vertex -3.946 1.32 2.575 vertex -3.923 1.365 2.536 endloop endfacet
facet normal -0.8555 0 -0.5178 outer loop vertex -4.025 1.32 2.474 vertex -4.048 1.32 2.512 vertex -4.025 1.365 2.474 endloop endfacet
facet normal 0.8614 0 0.508 outer loop vertex -3.923 1.32 2.536 vertex -3.923 1.365 2.536 vertex -3.946 1.32 2.575 endloop endfacet
facet normal -0.3697 -0.7025 0.6082 outer loop vertex -4.048 1.32 2.512 vertex -4.025 1.275 2.474 vertex -3.923 1.275 2.536 endloop endfacet
facet normal -0.3705 -0.7092 0.5998 outer loop vertex -4.048 1.32 2.512 vertex -3.923 1.275 2.536 vertex -3.946 1.32 2.575 endloop endfacet
facet normal -0.8555 0 -0.5178 outer loop vertex -4.025 1.32 2.474 vertex -4.025 1.275 2.474 vertex -4.048 1.32 2.512 endloop endfacet
facet normal 0.8614 0 0.508 outer loop vertex -3.923 1.32 2.536 vertex -3.946 1.32 2.575 vertex -3.923 1.275 2.536 endloop endfacet
facet normal 0.3683 -0.7133 -0.5963 outer loop vertex -4.025 1.275 2.474 vertex -4.001 1.32 2.435 vertex -3.899 1.32 2.498 endloop endfacet
facet normal 0.3675 -0.7066 -0.6047 outer loop vertex -4.025 1.275 2.474 vertex -3.899 1.32 2.498 vertex -3.923 1.275 2.536 endloop endfacet
facet normal -0.8517 0 -0.5241 outer loop vertex -4.025 1.32 2.474 vertex -4.001 1.32 2.435 vertex -4.025 1.275 2.474 endloop endfacet
facet normal 0.8455 0 0.534 outer loop vertex -3.923 1.32 2.536 vertex -3.923 1.275 2.536 vertex -3.899 1.32 2.498 endloop endfacet
facet normal 0.3641 0.7133 -0.5989 outer loop vertex -4.001 1.32 2.435 vertex -4.025 1.365 2.474 vertex -3.923 1.365 2.536 endloop endfacet
facet normal 0.3718 0.7067 -0.602 outer loop vertex -4.001 1.32 2.435 vertex -3.923 1.365 2.536 vertex -3.899 1.32 2.498 endloop endfacet
facet normal -0.8517 0 -0.5241 outer loop vertex -4.025 1.32 2.474 vertex -4.025 1.365 2.474 vertex -4.001 1.32 2.435 endloop endfacet
facet normal 0.8455 0 0.534 outer loop vertex -3.923 1.32 2.536 vertex -3.899 1.32 2.498 vertex -3.923 1.365 2.536 endloop endfacet
facet normal -0.3683 -0.7133 0.5963 outer loop vertex -4.195 1.275 2.369 vertex -4.219 1.32 2.408 vertex -4.321 1.32 2.345 endloop endfacet
facet normal -0.3678 -0.7092 0.6014 outer loop vertex -4.195 1.275 2.369 vertex -4.321 1.32 2.345 vertex -4.298 1.275 2.306 endloop endfacet
facet normal 0.8517 0 0.5241 outer loop vertex -4.195 1.32 2.369 vertex -4.219 1.32 2.408 vertex -4.195 1.275 2.369 endloop endfacet
facet normal -0.8614 0 -0.508 outer loop vertex -4.298 1.32 2.306 vertex -4.298 1.275 2.306 vertex -4.321 1.32 2.345 endloop endfacet
facet normal -0.3657 0.7133 0.5979 outer loop vertex -4.219 1.32 2.408 vertex -4.195 1.365 2.369 vertex -4.298 1.365 2.306 endloop endfacet
facet normal -0.3705 0.7092 0.5998 outer loop vertex -4.219 1.32 2.408 vertex -4.298 1.365 2.306 vertex -4.321 1.32 2.345 endloop endfacet
facet normal 0.8517 0 0.5241 outer loop vertex -4.195 1.32 2.369 vertex -4.195 1.365 2.369 vertex -4.219 1.32 2.408 endloop endfacet
facet normal -0.8614 0 -0.508 outer loop vertex -4.298 1.32 2.306 vertex -4.321 1.32 2.345 vertex -4.298 1.365 2.306 endloop endfacet
facet normal 0.374 0.7025 -0.6055 outer loop vertex -4.195 1.365 2.369 vertex -4.172 1.32 2.331 vertex -4.274 1.32 2.268 endloop endfacet
facet normal 0.3692 0.7066 -0.6036 outer loop vertex -4.195 1.365 2.369 vertex -4.274 1.32 2.268 vertex -4.298 1.365 2.306 endloop endfacet
facet normal 0.8555 0 0.5178 outer loop vertex -4.195 1.32 2.369 vertex -4.172 1.32 2.331 vertex -4.195 1.365 2.369 endloop endfacet
facet normal -0.8455 0 -0.534 outer loop vertex -4.298 1.32 2.306 vertex -4.298 1.365 2.306 vertex -4.274 1.32 2.268 endloop endfacet
facet normal 0.3714 -0.7025 -0.6071 outer loop vertex -4.172 1.32 2.331 vertex -4.195 1.275 2.369 vertex -4.298 1.275 2.306 endloop endfacet
facet normal 0.3718 -0.7067 -0.602 outer loop vertex -4.172 1.32 2.331 vertex -4.298 1.275 2.306 vertex -4.274 1.32 2.268 endloop endfacet
facet normal 0.8555 0 0.5178 outer loop vertex -4.195 1.32 2.369 vertex -4.195 1.275 2.369 vertex -4.172 1.32 2.331 endloop endfacet
facet normal -0.8455 0 -0.534 outer loop vertex -4.298 1.32 2.306 vertex -4.274 1.32 2.268 vertex -4.298 1.275 2.306 endloop endfacet
facet normal 0 -1 0 outer loop vertex 3.437 1.25 0.5207 vertex 2.771 1.25 1.002 vertex 3.028 1.25 0.6567 endloop endfacet
facet normal 0 1 0 outer loop vertex 3.437 1.37 0.5207 vertex 3.028 1.37 0.6567 vertex 2.771 1.37 1.002 endloop endfacet
facet normal 0 -1 0 outer loop vertex 3.437 1.25 0.5207 vertex 2.834 1.25 1.354 vertex 2.771 1.25 1.002 endloop endfacet
facet normal 0 1 0 outer loop vertex 3.437 1.37 0.5207 vertex 2.771 1.37 1.002 vertex 2.834 1.37 1.354 endloop endfacet
facet normal 0 -1 0 outer loop vertex 3.437 1.25 0.5207 vertex 3.112 1.25 1.443 vertex 2.834 1.25 1.354 endloop endfacet
facet normal 0 1 0 outer loop vertex 3.437 1.37 0.5207 vertex 2.834 1.37 1.354 vertex 3.112 1.37 1.443 endloop endfacet
facet normal 0 -1 0 outer loop vertex 3.112 1.25 1.443 vertex 3.318 1.25 1.474 vertex 3.295 1.25 1.704 endloop endfacet
facet normal 0 1 0 outer loop vertex 3.112 1.37 1.443 vertex 3.295 1.37 1.704 vertex 3.318 1.37 1.474 endloop endfacet
facet normal 0 -1 0 outer loop vertex 3.437 1.25 0.5207 vertex 3.318 1.25 1.474 vertex 3.112 1.25 1.443 endloop endfacet
facet normal 0 1 0 outer loop vertex 3.437 1.37 0.5207 vertex 3.112 1.37 1.443 vertex 3.318 1.37 1.474 endloop endfacet
facet normal 0 -1 0 outer loop vertex 3.437 1.25 0.5207 vertex 3.378 1.25 1.228 vertex 3.318 1.25 1.474 endloop endfacet
facet normal 0 1 0 outer loop vertex 3.437 1.37 0.5207 vertex 3.318 1.37 1.474 vertex 3.378 1.37 1.228 endloop endfacet
facet normal 0 -1 0 outer loop vertex 3.437 1.25 0.5207 vertex 3.566 1.25 1.248 vertex 3.378 1.25 1.228 endloop endfacet
facet normal 0 1 0 outer loop vertex 3.437 1.37 0.5207 vertex 3.378 1.37 1.228 vertex 3.566 1.37 1.248 endloop endfacet
facet normal 0 -1 0 outer loop vertex 3.437 1.25 0.5207 vertex 3.76 1.25 1.276 vertex 3.566 1.25 1.248 endloop endfacet
facet normal 0 1 0 outer loop vertex 3.437 1.37 0.5207 vertex 3.566 1.37 1.248 vertex 3.76 1.37 1.276 endloop endfacet
facet normal 0 -1 0 outer loop vertex 3.437 1.25 0.5207 vertex 3.651 1.25 0.9834 vertex 3.76 1.25 1.276 endloop endfacet
facet normal 0 1 0 outer loop vertex 3.437 1.37 0.5207 vertex 3.76 1.37 1.276 vertex 3.651 1.37 0.9834 endloop endfacet
facet normal 0 -1 0 outer loop vertex 3.651 1.25 0.9834 vertex 3.437 1.25 0.5207 vertex 3.69 1.25 0.7035 endloop endfacet
facet normal 0 1 0 outer loop vertex 3.651 1.37 0.9834 vertex 3.69 1.37 0.7035 vertex 3.437 1.37 0.5207 endloop endfacet
facet normal -0.8022 0 -0.5971 outer loop vertex 3.028 1.25 0.6567 vertex 2.771 1.25 1.002 vertex 2.771 1.37 1.002 endloop endfacet
facet normal -0.8022 0 -0.5971 outer loop vertex 3.028 1.25 0.6567 vertex 2.771 1.37 1.002 vertex 3.028 1.37 0.6567 endloop endfacet
facet normal -0.9844 0 0.1762 outer loop vertex 2.771 1.25 1.002 vertex 2.834 1.25 1.354 vertex 2.834 1.37 1.354 endloop endfacet
facet normal -0.9844 0 0.1762 outer loop vertex 2.771 1.25 1.002 vertex 2.834 1.37 1.354 vertex 2.771 1.37 1.002 endloop endfacet
facet normal -0.3049 0 0.9524 outer loop vertex 2.834 1.25 1.354 vertex 3.112 1.25 1.443 vertex 3.112 1.37 1.443 endloop endfacet
facet normal -0.3049 0 0.9524 outer loop vertex 2.834 1.25 1.354 vertex 3.112 1.37 1.443 vertex 2.834 1.37 1.354 endloop endfacet
facet normal -0.8188 0 0.5741 outer loop vertex 3.112 1.25 1.443 vertex 3.295 1.25 1.704 vertex 3.295 1.37 1.704 endloop endfacet
facet normal -0.8188 0 0.5741 outer loop vertex 3.112 1.25 1.443 vertex 3.295 1.37 1.704 vertex 3.112 1.37 1.443 endloop endfacet
facet normal 0.995 0 0.0995 outer loop vertex 3.295 1.25 1.704 vertex 3.318 1.25 1.474 vertex 3.318 1.37 1.474 endloop endfacet
facet normal 0.995 0 0.0995 outer loop vertex 3.295 1.25 1.704 vertex 3.318 1.37 1.474 vertex 3.295 1.37 1.704 endloop endfacet
facet normal 0.9715 0 0.237 outer loop vertex 3.318 1.25 1.474 vertex 3.378 1.25 1.228 vertex 3.378 1.37 1.228 endloop endfacet
facet normal 0.9715 0 0.237 outer loop vertex 3.318 1.25 1.474 vertex 3.378 1.37 1.228 vertex 3.318 1.37 1.474 endloop endfacet
facet normal -0.1058 0 0.9944 outer loop vertex 3.378 1.25 1.228 vertex 3.566 1.25 1.248 vertex 3.566 1.37 1.248 endloop endfacet
facet normal -0.1058 0 0.9944 outer loop vertex 3.378 1.25 1.228 vertex 3.566 1.37 1.248 vertex 3.378 1.37 1.228 endloop endfacet
facet normal -0.1428 0 0.9897 outer loop vertex 3.566 1.25 1.248 vertex 3.76 1.25 1.276 vertex 3.76 1.37 1.276 endloop endfacet
facet normal -0.1428 0 0.9897 outer loop vertex 3.566 1.25 1.248 vertex 3.76 1.37 1.276 vertex 3.566 1.37 1.248 endloop endfacet
facet normal 0.9371 0 -0.3491 outer loop vertex 3.76 1.25 1.276 vertex 3.651 1.25 0.9834 vertex 3.651 1.37 0.9834 endloop endfacet
facet normal 0.9371 0 -0.3491 outer loop vertex 3.76 1.25 1.276 vertex 3.651 1.37 0.9834 vertex 3.76 1.37 1.276 endloop endfacet
facet normal 0.9904 0 0.138 outer loop vertex 3.651 1.25 0.9834 vertex 3.69 1.25 0.7035 vertex 3.69 1.37 0.7035 endloop endfacet
facet normal 0.9904 0 0.138 outer loop vertex 3.651 1.25 0.9834 vertex 3.69 1.37 0.7035 vertex 3.651 1.37 0.9834 endloop endfacet
facet normal 0.5857 0 -0.8106 outer loop vertex 3.69 1.25 0.7035 vertex 3.437 1.25 0.5207 vertex 3.437 1.37 0.5207 endloop endfacet
facet normal 0.5857 0 -0.8106 outer loop vertex 3.69 1.25 0.7035 vertex 3.437 1.37 0.5207 vertex 3.69 1.37 0.7035 endloop endfacet
facet normal -0.3155 0 -0.9489 outer loop vertex 3.437 1.25 0.5207 vertex 3.028 1.25 0.6567 vertex 3.028 1.37 0.6567 endloop endfacet
facet normal -0.3155 0 -0.9489 outer loop vertex 3.437 1.25 0.5207 vertex 3.028 1.37 0.6567 vertex 3.437 1.37 0.5207 endloop endfacet
facet normal -0.5157 0 -0.8568 outer loop vertex 3.639 1.26 1.538 vertex 3.536 1.36 1.6 vertex 3.639 1.36 1.538 endloop endfacet
facet normal 0.5218 0 0.8531 outer loop vertex 4.24 1.26 2.518 vertex 4.24 1.36 2.518 vertex 4.137 1.36 2.581 endloop endfacet
facet normal -0.5157 0 -0.8568 outer loop vertex 3.536 1.36 1.6 vertex 3.639 1.26 1.538 vertex 3.536 1.26 1.6 endloop endfacet
facet normal 0.5218 0 0.8531 outer loop vertex 4.137 1.36 2.581 vertex 4.137 1.26 2.581 vertex 4.24 1.26 2.518 endloop endfacet
facet normal 0 1 0 outer loop vertex 3.639 1.36 1.538 vertex 3.536 1.36 1.6 vertex 4.137 1.36 2.581 endloop endfacet
facet normal 0 1 0 outer loop vertex 3.639 1.36 1.538 vertex 4.137 1.36 2.581 vertex 4.24 1.36 2.518 endloop endfacet
facet normal -0.8527 0 0.5224 outer loop vertex 3.536 1.36 1.6 vertex 3.536 1.26 1.6 vertex 4.137 1.26 2.581 endloop endfacet
facet normal -0.8527 0 0.5224 outer loop vertex 3.536 1.36 1.6 vertex 4.137 1.26 2.581 vertex 4.137 1.36 2.581 endloop endfacet
facet normal 0 -1 0 outer loop vertex 3.536 1.26 1.6 vertex 3.639 1.26 1.538 vertex 4.24 1.26 2.518 endloop endfacet
facet normal 0 -1 0 outer loop vertex 3.536 1.26 1.6 vertex 4.24 1.26 2.518 vertex 4.137 1.26 2.581 endloop endfacet
facet normal 0.8525 0 -0.5228 outer loop vertex 3.639 1.26 1.538 vertex 3.639 1.36 1.538 vertex 4.24 1.36 2.518 endloop endfacet
facet normal 0.8525 0 -0.5228 outer loop vertex 3.639 1.26 1.538 vertex 4.24 1.36 2.518 vertex 4.24 1.26 2.518 endloop endfacet
facet normal -0.5206 0 -0.8538 outer loop vertex 4.291 1.265 2.487 vertex 4.086 1.375 2.612 vertex 4.291 1.375 2.487 endloop endfacet
facet normal 0.5236 0 0.8519 outer loop vertex 4.448 1.265 2.742 vertex 4.448 1.375 2.742 vertex 4.243 1.375 2.868 endloop endfacet
facet normal -0.5206 0 -0.8538 outer loop vertex 4.086 1.375 2.612 vertex 4.291 1.265 2.487 vertex 4.086 1.265 2.612 endloop endfacet
facet normal 0.5236 0 0.8519 outer loop vertex 4.243 1.375 2.868 vertex 4.243 1.265 2.868 vertex 4.448 1.265 2.742 endloop endfacet
facet normal 0 1 0 outer loop vertex 4.291 1.375 2.487 vertex 4.086 1.375 2.612 vertex 4.243 1.375 2.868 endloop endfacet
facet normal 0 1 0 outer loop vertex 4.291 1.375 2.487 vertex 4.243 1.375 2.868 vertex 4.448 1.375 2.742 endloop endfacet
facet normal -0.8525 0 0.5228 outer loop vertex 4.086 1.375 2.612 vertex 4.086 1.265 2.612 vertex 4.243 1.265 2.868 endloop endfacet
facet normal -0.8525 0 0.5228 outer loop vertex 4.086 1.375 2.612 vertex 4.243 1.265 2.868 vertex 4.243 1.375 2.868 endloop endfacet
facet normal 0 -1 0 outer loop vertex 4.086 1.265 2.612 vertex 4.291 1.265 2.487 vertex 4.448 1.265 2.742 endloop endfacet
facet normal 0 -1 0 outer loop vertex 4.086 1.265 2.612 vertex 4.448 1.265 2.742 vertex 4.243 1.265 2.868 endloop endfacet
facet normal 0.8515 0 -0.5243 outer loop vertex 4.291 1.265 2.487 vertex 4.291 1.375 2.487 vertex 4.448 1.375 2.742 endloop endfacet
facet normal 0.8515 0 -0.5243 outer loop vertex 4.291 1.265 2.487 vertex 4.448 1.375 2.742 vertex 4.448 1.265 2.742 endloop endfacet
facet normal -0.5223 0 -0.8527 outer loop vertex 3.294 1.35 0.8222 vertex 3.055 1.43 0.9686 vertex 3.294 1.43 0.8222 endloop endfacet
facet normal 0.5229 0 0.8524 outer loop vertex 3.336 1.35 0.8904 vertex 3.336 1.43 0.8904 vertex 3.097 1.43 1.037 endloop endfacet
facet normal -0.5223 0 -0.8527 outer loop vertex 3.055 1.43 0.9686 vertex 3.294 1.35 0.8222 vertex 3.055 1.35 0.9686 endloop endfacet
facet normal 0.5229 0 0.8524 outer loop vertex 3.097 1.43 1.037 vertex 3.097 1.35 1.037 vertex 3.336 1.35 0.8904 endloop endfacet
facet normal 0 1 0 outer loop vertex 3.294 1.43 0.8222 vertex 3.055 1.43 0.9686 vertex 3.097 1.43 1.037 endloop endfacet
facet normal 0 1 0 outer loop vertex 3.294 1.43 0.8222 vertex 3.097 1.43 1.037 vertex 3.336 1.43 0.8904 endloop endfacet
facet normal -0.8522 0 0.5233 outer loop vertex 3.055 1.43 0.9686 vertex 3.055 1.35 0.9686 vertex 3.097 1.35 1.037 endloop endfacet
facet normal -0.8522 0 0.5233 outer loop vertex 3.055 1.43 0.9686 vertex 3.097 1.35 1.037 vertex 3.097 1.43 1.037 endloop endfacet
facet normal 0 -1 0 outer loop vertex 3.055 1.35 0.9686 vertex 3.294 1.35 0.8222 vertex 3.336 1.35 0.8904 endloop endfacet
facet normal 0 -1 0 outer loop vertex 3.055 1.35 0.9686 vertex 3.336 1.35 0.8904 vertex 3.097 1.35 1.037 endloop endfacet
facet normal 0.8515 0 -0.5244 outer loop vertex 3.294 1.35 0.8222 vertex 3.294 1.43 0.8222 vertex 3.336 1.43 0.8904 endloop endfacet
facet normal 0.8515 0 -0.5244 outer loop vertex 3.294 1.35 0.8222 vertex 3.336 1.43 0.8904 vertex 3.336 1.35 0.8904 endloop endfacet
facet normal -0.5218 0 -0.8531 outer loop vertex 3.397 1.365 0.9704 vertex 3.141 1.415 1.127 vertex 3.397 1.415 0.9704 endloop endfacet
facet normal 0.5219 0 0.853 outer loop vertex 3.438 1.365 1.039 vertex 3.438 1.415 1.039 vertex 3.183 1.415 1.195 endloop endfacet
facet normal -0.5218 0 -0.8531 outer loop vertex 3.141 1.415 1.127 vertex 3.397 1.365 0.9704 vertex 3.141 1.365 1.127 endloop endfacet
facet normal 0.5219 0 0.853 outer loop vertex 3.183 1.415 1.195 vertex 3.183 1.365 1.195 vertex 3.438 1.365 1.039 endloop endfacet
facet normal 0 1 0 outer loop vertex 3.397 1.415 0.9704 vertex 3.141 1.415 1.127 vertex 3.183 1.415 1.195 endloop endfacet
facet normal 0 1 0 outer loop vertex 3.397 1.415 0.9704 vertex 3.183 1.415 1.195 vertex 3.438 1.415 1.039 endloop endfacet
facet normal -0.8508 0 0.5255 outer loop vertex 3.141 1.415 1.127 vertex 3.141 1.365 1.127 vertex 3.183 1.365 1.195 endloop endfacet
facet normal -0.8508 0 0.5255 outer loop vertex 3.141 1.415 1.127 vertex 3.183 1.365 1.195 vertex 3.183 1.415 1.195 endloop endfacet
facet normal 0 -1 0 outer loop vertex 3.141 1.365 1.127 vertex 3.397 1.365 0.9704 vertex 3.438 1.365 1.039 endloop endfacet
facet normal 0 -1 0 outer loop vertex 3.141 1.365 1.127 vertex 3.438 1.365 1.039 vertex 3.183 1.365 1.195 endloop endfacet
facet normal 0.8584 0 -0.513 outer loop vertex 3.397 1.365 0.9704 vertex 3.397 1.415 0.9704 vertex 3.438 1.415 1.039 endloop endfacet
facet normal 0.8584 0 -0.513 outer loop vertex 3.397 1.365 0.9704 vertex 3.438 1.415 1.039 vertex 3.438 1.365 1.039 endloop endfacet
facet normal -0.5243 0 -0.8515 outer loop vertex 3.485 1.365 1.115 vertex 3.23 1.415 1.272 vertex 3.485 1.415 1.115 endloop endfacet
facet normal 0.5204 0 0.8539 outer loop vertex 3.527 1.365 1.184 vertex 3.527 1.415 1.184 vertex 3.271 1.415 1.34 endloop endfacet
facet normal -0.5243 0 -0.8515 outer loop vertex 3.23 1.415 1.272 vertex 3.485 1.365 1.115 vertex 3.23 1.365 1.272 endloop endfacet
facet normal 0.5204 0 0.8539 outer loop vertex 3.271 1.415 1.34 vertex 3.271 1.365 1.34 vertex 3.527 1.365 1.184 endloop endfacet
facet normal 0 1 0 outer loop vertex 3.485 1.415 1.115 vertex 3.23 1.415 1.272 vertex 3.271 1.415 1.34 endloop endfacet
facet normal 0 1 0 outer loop vertex 3.485 1.415 1.115 vertex 3.271 1.415 1.34 vertex 3.527 1.415 1.184 endloop endfacet
facet normal -0.8564 0 0.5163 outer loop vertex 3.23 1.415 1.272 vertex 3.23 1.365 1.272 vertex 3.271 1.365 1.34 endloop endfacet
facet normal -0.8564 0 0.5163 outer loop vertex 3.23 1.415 1.272 vertex 3.271 1.365 1.34 vertex 3.271 1.415 1.34 endloop endfacet
facet normal 0 -1 0 outer loop vertex 3.23 1.365 1.272 vertex 3.485 1.365 1.115 vertex 3.527 1.365 1.184 endloop endfacet
facet normal 0 -1 0 outer loop vertex 3.23 1.365 1.272 vertex 3.527 1.365 1.184 vertex 3.271 1.365 1.34 endloop endfacet
facet normal 0.8542 0 -0.5199 outer loop vertex 3.485 1.365 1.115 vertex 3.485 1.415 1.115 vertex 3.527 1.415 1.184 endloop endfacet
facet normal 0.8542 0 -0.5199 outer loop vertex 3.485 1.365 1.115 vertex 3.527 1.415 1.184 vertex 3.527 1.365 1.184 endloop endfacet
facet normal -0.4137 -0.8743 0.2538 outer loop vertex 3.188 1.43 0.8754 vertex 3.194 1.426 0.8714 vertex 4.334 1.426 2.73 endloop endfacet
facet normal -0.4137 -0.8743 0.2538 outer loop vertex 3.188 1.43 0.8754 vertex 4.334 1.426 2.73 vertex 4.328 1.43 2.734 endloop endfacet
facet normal -0.5449 0.02096 -0.8383 outer loop vertex 3.192 1.43 0.8728 vertex 3.194 1.426 0.8714 vertex 3.188 1.43 0.8754 endloop endfacet
facet normal 0.597 0.0995 0.796 outer loop vertex 4.332 1.43 2.731 vertex 4.328 1.43 2.734 vertex 4.334 1.426 2.73 endloop endfacet
facet normal 0.8524 0 -0.5228 outer loop vertex 3.194 1.426 0.8714 vertex 3.194 1.434 0.8714 vertex 4.334 1.434 2.73 endloop endfacet
facet normal 0.8524 0 -0.5228 outer loop vertex 3.194 1.426 0.8714 vertex 4.334 1.434 2.73 vertex 4.334 1.426 2.73 endloop endfacet
facet normal -0.5735 0 -0.8192 outer loop vertex 3.192 1.43 0.8728 vertex 3.194 1.434 0.8714 vertex 3.194 1.426 0.8714 endloop endfacet
facet normal 0.4472 0 0.8944 outer loop vertex 4.332 1.43 2.731 vertex 4.334 1.426 2.73 vertex 4.334 1.434 2.73 endloop endfacet
facet normal -0.4137 0.8743 0.2538 outer loop vertex 3.194 1.434 0.8714 vertex 3.188 1.43 0.8754 vertex 4.328 1.43 2.734 endloop endfacet
facet normal -0.4137 0.8743 0.2538 outer loop vertex 3.194 1.434 0.8714 vertex 4.328 1.43 2.734 vertex 4.334 1.434 2.73 endloop endfacet
facet normal -0.5449 -0.02096 -0.8383 outer loop vertex 3.192 1.43 0.8728 vertex 3.188 1.43 0.8754 vertex 3.194 1.434 0.8714 endloop endfacet
facet normal 0.597 -0.0995 0.796 outer loop vertex 4.332 1.43 2.731 vertex 4.334 1.434 2.73 vertex 4.328 1.43 2.734 endloop endfacet
facet normal -0.416 -0.8728 0.2552 outer loop vertex 3.173 1.43 0.8848 vertex 3.179 1.426 0.8809 vertex 4.319 1.426 2.739 endloop endfacet
facet normal -0.3791 -0.8957 0.2324 outer loop vertex 3.173 1.43 0.8848 vertex 4.319 1.426 2.739 vertex 4.312 1.43 2.743 endloop endfacet
facet normal -0.545 0 -0.8384 outer loop vertex 3.177 1.43 0.8822 vertex 3.179 1.426 0.8809 vertex 3.173 1.43 0.8848 endloop endfacet
facet normal 0.4444 -0.1111 0.8889 outer loop vertex 4.316 1.43 2.741 vertex 4.312 1.43 2.743 vertex 4.319 1.426 2.739 endloop endfacet
facet normal 0.8524 0 -0.523 outer loop vertex 3.179 1.426 0.8809 vertex 3.179 1.434 0.8809 vertex 4.319 1.434 2.739 endloop endfacet
facet normal 0.8524 0 -0.523 outer loop vertex 3.179 1.426 0.8809 vertex 4.319 1.434 2.739 vertex 4.319 1.426 2.739 endloop endfacet
facet normal -0.545 0 -0.8384 outer loop vertex 3.177 1.43 0.8822 vertex 3.179 1.434 0.8809 vertex 3.179 1.426 0.8809 endloop endfacet
facet normal 0.5547 0 0.8321 outer loop vertex 4.316 1.43 2.741 vertex 4.319 1.426 2.739 vertex 4.319 1.434 2.739 endloop endfacet
facet normal -0.4161 0.8728 0.2551 outer loop vertex 3.179 1.434 0.8809 vertex 3.173 1.43 0.8848 vertex 4.312 1.43 2.743 endloop endfacet
facet normal -0.379 0.8957 0.2325 outer loop vertex 3.179 1.434 0.8809 vertex 4.312 1.43 2.743 vertex 4.319 1.434 2.739 endloop endfacet
facet normal -0.545 0 -0.8384 outer loop vertex 3.177 1.43 0.8822 vertex 3.173 1.43 0.8848 vertex 3.179 1.434 0.8809 endloop endfacet
facet normal 0.4444 0.1111 0.8889 outer loop vertex 4.316 1.43 2.741 vertex 4.319 1.434 2.739 vertex 4.312 1.43 2.743 endloop endfacet
facet normal -0.3811 -0.8946 0.2335 outer loop vertex 3.157 1.43 0.8942 vertex 3.164 1.426 0.8903 vertex 4.303 1.426 2.749 endloop endfacet
facet normal -0.4137 -0.8743 0.2537 outer loop vertex 3.157 1.43 0.8942 vertex 4.303 1.426 2.749 vertex 4.297 1.43 2.753 endloop endfacet
facet normal -0.4606 0.05757 -0.8857 outer loop vertex 3.162 1.43 0.8916 vertex 3.164 1.426 0.8903 vertex 3.157 1.43 0.8942 endloop endfacet
facet normal 0.597 0.0995 0.796 outer loop vertex 4.301 1.43 2.75 vertex 4.297 1.43 2.753 vertex 4.303 1.426 2.749 endloop endfacet
facet normal 0.8526 0 -0.5225 outer loop vertex 3.164 1.426 0.8903 vertex 3.164 1.434 0.8903 vertex 4.303 1.434 2.749 endloop endfacet
facet normal 0.8526 0 -0.5225 outer loop vertex 3.164 1.426 0.8903 vertex 4.303 1.434 2.749 vertex 4.303 1.426 2.749 endloop endfacet
facet normal -0.545 0 -0.8384 outer loop vertex 3.162 1.43 0.8916 vertex 3.164 1.434 0.8903 vertex 3.164 1.426 0.8903 endloop endfacet
facet normal 0.4472 0 0.8944 outer loop vertex 4.301 1.43 2.75 vertex 4.303 1.426 2.749 vertex 4.303 1.434 2.749 endloop endfacet
facet normal -0.381 0.8946 0.2337 outer loop vertex 3.164 1.434 0.8903 vertex 3.157 1.43 0.8942 vertex 4.297 1.43 2.753 endloop endfacet
facet normal -0.4138 0.8743 0.2536 outer loop vertex 3.164 1.434 0.8903 vertex 4.297 1.43 2.753 vertex 4.303 1.434 2.749 endloop endfacet
facet normal -0.4606 -0.05757 -0.8857 outer loop vertex 3.162 1.43 0.8916 vertex 3.157 1.43 0.8942 vertex 3.164 1.434 0.8903 endloop endfacet
facet normal 0.597 -0.0995 0.796 outer loop vertex 4.301 1.43 2.75 vertex 4.303 1.434 2.749 vertex 4.297 1.43 2.753 endloop endfacet
facet normal -0.416 -0.8728 0.2552 outer loop vertex 3.142 1.43 0.9036 vertex 3.148 1.426 0.8997 vertex 4.288 1.426 2.758 endloop endfacet
facet normal -0.4137 -0.8743 0.2538 outer loop vertex 3.142 1.43 0.9036 vertex 4.288 1.426 2.758 vertex 4.282 1.43 2.762 endloop endfacet
facet normal -0.545 0 -0.8384 outer loop vertex 3.146 1.43 0.901 vertex 3.148 1.426 0.8997 vertex 3.142 1.43 0.9036 endloop endfacet
facet normal 0.597 0.0995 0.796 outer loop vertex 4.286 1.43 2.759 vertex 4.282 1.43 2.762 vertex 4.288 1.426 2.758 endloop endfacet
facet normal 0.8524 0 -0.5229 outer loop vertex 3.148 1.426 0.8997 vertex 3.148 1.434 0.8997 vertex 4.288 1.434 2.758 endloop endfacet
facet normal 0.8524 0 -0.5229 outer loop vertex 3.148 1.426 0.8997 vertex 4.288 1.434 2.758 vertex 4.288 1.426 2.758 endloop endfacet
facet normal -0.545 0 -0.8384 outer loop vertex 3.146 1.43 0.901 vertex 3.148 1.434 0.8997 vertex 3.148 1.426 0.8997 endloop endfacet
facet normal 0.4472 0 0.8944 outer loop vertex 4.286 1.43 2.759 vertex 4.288 1.426 2.758 vertex 4.288 1.434 2.758 endloop endfacet
facet normal -0.416 0.8728 0.2552 outer loop vertex 3.148 1.434 0.8997 vertex 3.142 1.43 0.9036 vertex 4.282 1.43 2.762 endloop endfacet
facet normal -0.4137 0.8743 0.2538 outer loop vertex 3.148 1.434 0.8997 vertex 4.282 1.43 2.762 vertex 4.288 1.434 2.758 endloop endfacet
facet normal -0.545 0 -0.8384 outer loop vertex 3.146 1.43 0.901 vertex 3.142 1.43 0.9036 vertex 3.148 1.434 0.8997 endloop endfacet
facet normal 0.597 -0.0995 0.796 outer loop vertex 4.286 1.43 2.759 vertex 4.288 1.434 2.758 vertex 4.282 1.43 2.762 endloop endfacet
facet normal -0.5204 0 -0.8539 outer loop vertex 3.663 1.363 1.549 vertex 3.535 1.387 1.627 vertex 3.663 1.387 1.549 endloop endfacet
facet normal 0.5204 0 0.8539 outer loop vertex 3.671 1.363 1.562 vertex 3.671 1.387 1.562 vertex 3.543 1.387 1.64 endloop endfacet
facet normal -0.5204 0 -0.8539 outer loop vertex 3.535 1.387 1.627 vertex 3.663 1.363 1.549 vertex 3.535 1.363 1.627 endloop endfacet
facet normal 0.5204 0 0.8539 outer loop vertex 3.543 1.387 1.64 vertex 3.543 1.363 1.64 vertex 3.671 1.363 1.562 endloop endfacet
facet normal 0 1 0 outer loop vertex 3.663 1.387 1.549 vertex 3.535 1.387 1.627 vertex 3.543 1.387 1.64 endloop endfacet
facet normal 0 1 0 outer loop vertex 3.663 1.387 1.549 vertex 3.543 1.387 1.64 vertex 3.671 1.387 1.562 endloop endfacet
facet normal -0.8517 0 0.5241 outer loop vertex 3.535 1.387 1.627 vertex 3.535 1.363 1.627 vertex 3.543 1.363 1.64 endloop endfacet
facet normal -0.8517 0 0.5241 outer loop vertex 3.535 1.387 1.627 vertex 3.543 1.363 1.64 vertex 3.543 1.387 1.64 endloop endfacet
facet normal 0 -1 0 outer loop vertex 3.535 1.363 1.627 vertex 3.663 1.363 1.549 vertex 3.671 1.363 1.562 endloop endfacet
facet normal 0 -1 0 outer loop vertex 3.535 1.363 1.627 vertex 3.671 1.363 1.562 vertex 3.543 1.363 1.64 endloop endfacet
facet normal 0.8517 0 -0.5241 outer loop vertex 3.663 1.363 1.549 vertex 3.663 1.387 1.549 vertex 3.671 1.387 1.562 endloop endfacet
facet normal 0.8517 0 -0.5241 outer loop vertex 3.663 1.363 1.549 vertex 3.671 1.387 1.562 vertex 3.671 1.363 1.562 endloop endfacet
facet normal -0.5233 0 -0.8521 outer loop vertex 3.783 1.363 1.745 vertex 3.656 1.387 1.823 vertex 3.783 1.387 1.745 endloop endfacet
facet normal 0.5204 0 0.8539 outer loop vertex 3.791 1.363 1.758 vertex 3.791 1.387 1.758 vertex 3.663 1.387 1.836 endloop endfacet
facet normal -0.5233 0 -0.8521 outer loop vertex 3.656 1.387 1.823 vertex 3.783 1.363 1.745 vertex 3.656 1.363 1.823 endloop endfacet
facet normal 0.5204 0 0.8539 outer loop vertex 3.663 1.387 1.836 vertex 3.663 1.363 1.836 vertex 3.791 1.363 1.758 endloop endfacet
facet normal 0 1 0 outer loop vertex 3.783 1.387 1.745 vertex 3.656 1.387 1.823 vertex 3.663 1.387 1.836 endloop endfacet
facet normal 0 1 0 outer loop vertex 3.783 1.387 1.745 vertex 3.663 1.387 1.836 vertex 3.791 1.387 1.758 endloop endfacet
facet normal -0.8805 0 0.4741 outer loop vertex 3.656 1.387 1.823 vertex 3.656 1.363 1.823 vertex 3.663 1.363 1.836 endloop endfacet
facet normal -0.8805 0 0.4741 outer loop vertex 3.656 1.387 1.823 vertex 3.663 1.363 1.836 vertex 3.663 1.387 1.836 endloop endfacet
facet normal 0 -1 0 outer loop vertex 3.656 1.363 1.823 vertex 3.783 1.363 1.745 vertex 3.791 1.363 1.758 endloop endfacet
facet normal 0 -1 0 outer loop vertex 3.656 1.363 1.823 vertex 3.791 1.363 1.758 vertex 3.663 1.363 1.836 endloop endfacet
facet normal 0.8517 0 -0.5241 outer loop vertex 3.783 1.363 1.745 vertex 3.783 1.387 1.745 vertex 3.791 1.387 1.758 endloop endfacet
facet normal 0.8517 0 -0.5241 outer loop vertex 3.783 1.363 1.745 vertex 3.791 1.387 1.758 vertex 3.791 1.363 1.758 endloop endfacet
facet normal -0.5204 0 -0.8539 outer loop vertex 3.904 1.363 1.941 vertex 3.776 1.387 2.019 vertex 3.904 1.387 1.941 endloop endfacet
facet normal 0.5233 0 0.8521 outer loop vertex 3.911 1.363 1.954 vertex 3.911 1.387 1.954 vertex 3.784 1.387 2.032 endloop endfacet
facet normal -0.5204 0 -0.8539 outer loop vertex 3.776 1.387 2.019 vertex 3.904 1.363 1.941 vertex 3.776 1.363 2.019 endloop endfacet
facet normal 0.5233 0 0.8521 outer loop vertex 3.784 1.387 2.032 vertex 3.784 1.363 2.032 vertex 3.911 1.363 1.954 endloop endfacet
facet normal 0 1 0 outer loop vertex 3.904 1.387 1.941 vertex 3.776 1.387 2.019 vertex 3.784 1.387 2.032 endloop endfacet
facet normal 0 1 0 outer loop vertex 3.904 1.387 1.941 vertex 3.784 1.387 2.032 vertex 3.911 1.387 1.954 endloop endfacet
facet normal -0.8517 0 0.5241 outer loop vertex 3.776 1.387 2.019 vertex 3.776 1.363 2.019 vertex 3.784 1.363 2.032 endloop endfacet
facet normal -0.8517 0 0.5241 outer loop vertex 3.776 1.387 2.019 vertex 3.784 1.363 2.032 vertex 3.784 1.387 2.032 endloop endfacet
facet normal 0 -1 0 outer loop vertex 3.776 1.363 2.019 vertex 3.904 1.363 1.941 vertex 3.911 1.363 1.954 endloop endfacet
facet normal 0 -1 0 outer loop vertex 3.776 1.363 2.019 vertex 3.911 1.363 1.954 vertex 3.784 1.363 2.032 endloop endfacet
facet normal 0.8805 0 -0.4741 outer loop vertex 3.904 1.363 1.941 vertex 3.904 1.387 1.941 vertex 3.911 1.387 1.954 endloop endfacet
facet normal 0.8805 0 -0.4741 outer loop vertex 3.904 1.363 1.941 vertex 3.911 1.387 1.954 vertex 3.911 1.363 1.954 endloop endfacet
facet normal -0.5252 0 -0.851 outer loop vertex 4.024 1.363 2.137 vertex 3.896 1.387 2.216 vertex 4.024 1.387 2.137 endloop endfacet
facet normal 0.5204 0 0.8539 outer loop vertex 4.032 1.363 2.15 vertex 4.032 1.387 2.15 vertex 3.904 1.387 2.228 endloop endfacet
facet normal -0.5252 0 -0.851 outer loop vertex 3.896 1.387 2.216 vertex 4.024 1.363 2.137 vertex 3.896 1.363 2.216 endloop endfacet
facet normal 0.5204 0 0.8539 outer loop vertex 3.904 1.387 2.228 vertex 3.904 1.363 2.228 vertex 4.032 1.363 2.15 endloop endfacet
facet normal 0 1 0 outer loop vertex 4.024 1.387 2.137 vertex 3.896 1.387 2.216 vertex 3.904 1.387 2.228 endloop endfacet
facet normal 0 1 0 outer loop vertex 4.024 1.387 2.137 vertex 3.904 1.387 2.228 vertex 4.032 1.387 2.15 endloop endfacet
facet normal -0.8321 0 0.5547 outer loop vertex 3.896 1.387 2.216 vertex 3.896 1.363 2.216 vertex 3.904 1.363 2.228 endloop endfacet
facet normal -0.8321 0 0.5547 outer loop vertex 3.896 1.387 2.216 vertex 3.904 1.363 2.228 vertex 3.904 1.387 2.228 endloop endfacet
facet normal 0 -1 0 outer loop vertex 3.896 1.363 2.216 vertex 4.024 1.363 2.137 vertex 4.032 1.363 2.15 endloop endfacet
facet normal 0 -1 0 outer loop vertex 3.896 1.363 2.216 vertex 4.032 1.363 2.15 vertex 3.904 1.363 2.228 endloop endfacet
facet normal 0.8517 0 -0.5241 outer loop vertex 4.024 1.363 2.137 vertex 4.024 1.387 2.137 vertex 4.032 1.387 2.15 endloop endfacet
facet normal 0.8517 0 -0.5241 outer loop vertex 4.024 1.363 2.137 vertex 4.032 1.387 2.15 vertex 4.032 1.363 2.15 endloop endfacet
facet normal -0.5252 0 -0.851 outer loop vertex 4.144 1.363 2.333 vertex 4.016 1.387 2.412 vertex 4.144 1.387 2.333 endloop endfacet
facet normal 0.5204 0 0.8539 outer loop vertex 4.152 1.363 2.346 vertex 4.152 1.387 2.346 vertex 4.024 1.387 2.424 endloop endfacet
facet normal -0.5252 0 -0.851 outer loop vertex 4.016 1.387 2.412 vertex 4.144 1.363 2.333 vertex 4.016 1.363 2.412 endloop endfacet
facet normal 0.5204 0 0.8539 outer loop vertex 4.024 1.387 2.424 vertex 4.024 1.363 2.424 vertex 4.152 1.363 2.346 endloop endfacet
facet normal 0 1 0 outer loop vertex 4.144 1.387 2.333 vertex 4.016 1.387 2.412 vertex 4.024 1.387 2.424 endloop endfacet
facet normal 0 1 0 outer loop vertex 4.144 1.387 2.333 vertex 4.024 1.387 2.424 vertex 4.152 1.387 2.346 endloop endfacet
facet normal -0.8321 0 0.5547 outer loop vertex 4.016 1.387 2.412 vertex 4.016 1.363 2.412 vertex 4.024 1.363 2.424 endloop endfacet
facet normal -0.8321 0 0.5547 outer loop vertex 4.016 1.387 2.412 vertex 4.024 1.363 2.424 vertex 4.024 1.387 2.424 endloop endfacet
facet normal 0 -1 0 outer loop vertex 4.016 1.363 2.412 vertex 4.144 1.363 2.333 vertex 4.152 1.363 2.346 endloop endfacet
facet normal 0 -1 0 outer loop vertex 4.016 1.363 2.412 vertex 4.152 1.363 2.346 vertex 4.024 1.363 2.424 endloop endfacet
facet normal 0.8517 0 -0.5241 outer loop vertex 4.144 1.363 2.333 vertex 4.144 1.387 2.333 vertex 4.152 1.387 2.346 endloop endfacet
facet normal 0.8517 0 -0.5241 outer loop vertex 4.144 1.363 2.333 vertex 4.152 1.387 2.346 vertex 4.152 1.363 2.346 endloop endfacet
facet normal 0.3718 0.7067 0.602 outer loop vertex 4.31 1.365 2.557 vertex 4.334 1.32 2.595 vertex 4.436 1.32 2.532 endloop endfacet
facet normal 0.3714 0.7025 0.6071 outer loop vertex 4.31 1.365 2.557 vertex 4.436 1.32 2.532 vertex 4.413 1.365 2.494 endloop endfacet
facet normal -0.8455 0 0.534 outer loop vertex 4.31 1.32 2.557 vertex 4.334 1.32 2.595 vertex 4.31 1.365 2.557 endloop endfacet
facet normal 0.8555 0 -0.5178 outer loop vertex 4.413 1.32 2.494 vertex 4.413 1.365 2.494 vertex 4.436 1.32 2.532 endloop endfacet
facet normal 0.3692 -0.7066 0.6036 outer loop vertex 4.334 1.32 2.595 vertex 4.31 1.275 2.557 vertex 4.413 1.275 2.494 endloop endfacet
facet normal 0.374 -0.7025 0.6055 outer loop vertex 4.334 1.32 2.595 vertex 4.413 1.275 2.494 vertex 4.436 1.32 2.532 endloop endfacet
facet normal -0.8455 0 0.534 outer loop vertex 4.31 1.32 2.557 vertex 4.31 1.275 2.557 vertex 4.334 1.32 2.595 endloop endfacet
facet normal 0.8555 0 -0.5178 outer loop vertex 4.413 1.32 2.494 vertex 4.436 1.32 2.532 vertex 4.413 1.275 2.494 endloop endfacet
facet normal -0.3662 -0.7092 -0.6024 outer loop vertex 4.31 1.275 2.557 vertex 4.287 1.32 2.518 vertex 4.389 1.32 2.456 endloop endfacet
facet normal -0.3692 -0.7066 -0.6036 outer loop vertex 4.31 1.275 2.557 vertex 4.389 1.32 2.456 vertex 4.413 1.275 2.494 endloop endfacet
facet normal -0.8614 0 0.508 outer loop vertex 4.31 1.32 2.557 vertex 4.287 1.32 2.518 vertex 4.31 1.275 2.557 endloop endfacet
facet normal 0.8455 0 -0.534 outer loop vertex 4.413 1.32 2.494 vertex 4.413 1.275 2.494 vertex 4.389 1.32 2.456 endloop endfacet
facet normal -0.3678 0.7092 -0.6014 outer loop vertex 4.287 1.32 2.518 vertex 4.31 1.365 2.557 vertex 4.413 1.365 2.494 endloop endfacet
facet normal -0.3675 0.7066 -0.6047 outer loop vertex 4.287 1.32 2.518 vertex 4.413 1.365 2.494 vertex 4.389 1.32 2.456 endloop endfacet
facet normal -0.8614 0 0.508 outer loop vertex 4.31 1.32 2.557 vertex 4.31 1.365 2.557 vertex 4.287 1.32 2.518 endloop endfacet
facet normal 0.8455 0 -0.534 outer loop vertex 4.413 1.32 2.494 vertex 4.389 1.32 2.456 vertex 4.413 1.365 2.494 endloop endfacet
facet normal 0.3662 -0.7092 0.6024 outer loop vertex 4.14 1.275 2.661 vertex 4.163 1.32 2.7 vertex 4.061 1.32 2.762 endloop endfacet
facet normal 0.374 -0.7025 0.6055 outer loop vertex 4.14 1.275 2.661 vertex 4.061 1.32 2.762 vertex 4.038 1.275 2.724 endloop endfacet
facet normal 0.8614 0 -0.508 outer loop vertex 4.14 1.32 2.661 vertex 4.163 1.32 2.7 vertex 4.14 1.275 2.661 endloop endfacet
facet normal -0.8555 0 0.5178 outer loop vertex 4.038 1.32 2.724 vertex 4.038 1.275 2.724 vertex 4.061 1.32 2.762 endloop endfacet
facet normal 0.3705 0.7092 0.5998 outer loop vertex 4.163 1.32 2.7 vertex 4.14 1.365 2.661 vertex 4.038 1.365 2.724 endloop endfacet
facet normal 0.3697 0.7025 0.6082 outer loop vertex 4.163 1.32 2.7 vertex 4.038 1.365 2.724 vertex 4.061 1.32 2.762 endloop endfacet
facet normal 0.8614 0 -0.508 outer loop vertex 4.14 1.32 2.661 vertex 4.14 1.365 2.661 vertex 4.163 1.32 2.7 endloop endfacet
facet normal -0.8555 0 0.5178 outer loop vertex 4.038 1.32 2.724 vertex 4.061 1.32 2.762 vertex 4.038 1.365 2.724 endloop endfacet
facet normal -0.3718 0.7067 -0.602 outer loop vertex 4.14 1.365 2.661 vertex 4.116 1.32 2.623 vertex 4.014 1.32 2.686 endloop endfacet
facet normal -0.3718 0.7067 -0.602 outer loop vertex 4.14 1.365 2.661 vertex 4.014 1.32 2.686 vertex 4.038 1.365 2.724 endloop endfacet
facet normal 0.8455 0 -0.534 outer loop vertex 4.14 1.32 2.661 vertex 4.116 1.32 2.623 vertex 4.14 1.365 2.661 endloop endfacet
facet normal -0.8455 0 0.534 outer loop vertex 4.038 1.32 2.724 vertex 4.038 1.365 2.724 vertex 4.014 1.32 2.686 endloop endfacet
facet normal -0.3718 -0.7067 -0.602 outer loop vertex 4.116 1.32 2.623 vertex 4.14 1.275 2.661 vertex 4.038 1.275 2.724 endloop endfacet
facet normal -0.3718 -0.7067 -0.602 outer loop vertex 4.116 1.32 2.623 vertex 4.038 1.275 2.724 vertex 4.014 1.32 2.686 endloop endfacet
facet normal 0.8455 0 -0.534 outer loop vertex 4.14 1.32 2.661 vertex 4.14 1.275 2.661 vertex 4.116 1.32 2.623 endloop endfacet
facet normal -0.8455 0 0.534 outer loop vertex 4.038 1.32 2.724 vertex 4.014 1.32 2.686 vertex 4.038 1.275 2.724 endloop endfacet
facet normal 0 -1 0 outer loop vertex -5.28 0 0.298 vertex -6.1 0 0.36 vertex -5.7 0 0.2 endloop endfacet
facet normal 0 1 0 outer loop vertex -5.28 0.12 0.298 vertex -5.7 0.12 0.2 vertex -6.1 0.12 0.36 endloop endfacet
facet normal 0 -1 0 outer loop vertex -5.28 0 0.298 vertex -6.23 0 0.693 vertex -6.1 0 0.36 endloop endfacet
facet normal 0 1 0 outer loop vertex -5.28 0.12 0.298 vertex -6.1 0.12 0.36 vertex -6.23 0.12 0.693 endloop endfacet
facet normal 0 -1 0 outer loop vertex -5.28 0 0.298 vertex -6.04 0 0.914 vertex -6.23 0 0.693 endloop endfacet
facet normal 0 1 0 outer loop vertex -5.28 0.12 0.298 vertex -6.23 0.12 0.693 vertex -6.04 0.12 0.914 endloop endfacet
facet normal 0 -1 0 outer loop vertex -6.04 0 0.914 vertex -5.88 0 1.048 vertex -6.02 0 1.232 endloop endfacet
facet normal 0 1 0 outer loop vertex -6.04 0.12 0.914 vertex -6.02 0.12 1.232 vertex -5.88 0.12 1.048 endloop endfacet
facet normal 0 -1 0 outer loop vertex -5.28 0 0.298 vertex -5.88 0 1.048 vertex -6.04 0 0.914 endloop endfacet
facet normal 0 1 0 outer loop vertex -5.28 0.12 0.298 vertex -6.04 0.12 0.914 vertex -5.88 0.12 1.048 endloop endfacet
facet normal 0 -1 0 outer loop vertex -5.28 0 0.298 vertex -5.7 0 0.87 vertex -5.88 0 1.048 endloop endfacet
facet normal 0 1 0 outer loop vertex -5.28 0.12 0.298 vertex -5.88 0.12 1.048 vertex -5.7 0.12 0.87 endloop endfacet
facet normal 0 -1 0 outer loop vertex -5.28 0 0.298 vertex -5.55 0 0.985 vertex -5.7 0 0.87 endloop endfacet
facet normal 0 1 0 outer loop vertex -5.28 0.12 0.298 vertex -5.7 0.12 0.87 vertex -5.55 0.12 0.985 endloop endfacet
facet normal 0 -1 0 outer loop vertex -5.28 0 0.298 vertex -5.4 0 1.11 vertex -5.55 0 0.985 endloop endfacet
facet normal 0 1 0 outer loop vertex -5.28 0.12 0.298 vertex -5.55 0.12 0.985 vertex -5.4 0.12 1.11 endloop endfacet
facet normal 0 -1 0 outer loop vertex -5.28 0 0.298 vertex -5.34 0 0.804 vertex -5.4 0 1.11 endloop endfacet
facet normal 0 1 0 outer loop vertex -5.28 0.12 0.298 vertex -5.4 0.12 1.11 vertex -5.34 0.12 0.804 endloop endfacet
facet normal 0 -1 0 outer loop vertex -5.34 0 0.804 vertex -5.28 0 0.298 vertex -5.16 0 0.586 endloop endfacet
facet normal 0 1 0 outer loop vertex -5.34 0.12 0.804 vertex -5.16 0.12 0.586 vertex -5.28 0.12 0.298 endloop endfacet
facet normal -0.3714 0 -0.9285 outer loop vertex -5.7 0 0.2 vertex -6.1 0 0.36 vertex -6.1 0.12 0.36 endloop endfacet
facet normal -0.3714 0 -0.9285 outer loop vertex -5.7 0 0.2 vertex -6.1 0.12 0.36 vertex -5.7 0.12 0.2 endloop endfacet
facet normal -0.9315 0 -0.3637 outer loop vertex -6.1 0 0.36 vertex -6.23 0 0.693 vertex -6.23 0.12 0.693 endloop endfacet
facet normal -0.9315 0 -0.3637 outer loop vertex -6.1 0 0.36 vertex -6.23 0.12 0.693 vertex -6.1 0.12 0.36 endloop endfacet
facet normal -0.7583 0 0.6519 outer loop vertex -6.23 0 0.693 vertex -6.04 0 0.914 vertex -6.04 0.12 0.914 endloop endfacet
facet normal -0.7583 0 0.6519 outer loop vertex -6.23 0 0.693 vertex -6.04 0.12 0.914 vertex -6.23 0.12 0.693 endloop endfacet
facet normal -0.998 0 0.06277 outer loop vertex -6.04 0 0.914 vertex -6.02 0 1.232 vertex -6.02 0.12 1.232 endloop endfacet
facet normal -0.998 0 0.06277 outer loop vertex -6.04 0 0.914 vertex -6.02 0.12 1.232 vertex -6.04 0.12 0.914 endloop endfacet
facet normal 0.7958 0 0.6055 outer loop vertex -6.02 0 1.232 vertex -5.88 0 1.048 vertex -5.88 0.12 1.048 endloop endfacet
facet normal 0.7958 0 0.6055 outer loop vertex -6.02 0 1.232 vertex -5.88 0.12 1.048 vertex -6.02 0.12 1.232 endloop endfacet
facet normal 0.7031 0 0.711 outer loop vertex -5.88 0 1.048 vertex -5.7 0 0.87 vertex -5.7 0.12 0.87 endloop endfacet
facet normal 0.7031 0 0.711 outer loop vertex -5.88 0 1.048 vertex -5.7 0.12 0.87 vertex -5.88 0.12 1.048 endloop endfacet
facet normal -0.6084 0 0.7936 outer loop vertex -5.7 0 0.87 vertex -5.55 0 0.985 vertex -5.55 0.12 0.985 endloop endfacet
facet normal -0.6084 0 0.7936 outer loop vertex -5.7 0 0.87 vertex -5.55 0.12 0.985 vertex -5.7 0.12 0.87 endloop endfacet
facet normal -0.6402 0 0.7682 outer loop vertex -5.55 0 0.985 vertex -5.4 0 1.11 vertex -5.4 0.12 1.11 endloop endfacet
facet normal -0.6402 0 0.7682 outer loop vertex -5.55 0 0.985 vertex -5.4 0.12 1.11 vertex -5.55 0.12 0.985 endloop endfacet
facet normal 0.9813 0 0.1924 outer loop vertex -5.4 0 1.11 vertex -5.34 0 0.804 vertex -5.34 0.12 0.804 endloop endfacet
facet normal 0.9813 0 0.1924 outer loop vertex -5.4 0 1.11 vertex -5.34 0.12 0.804 vertex -5.4 0.12 1.11 endloop endfacet
facet normal 0.7711 0 0.6367 outer loop vertex -5.34 0 0.804 vertex -5.16 0 0.586 vertex -5.16 0.12 0.586 endloop endfacet
facet normal 0.7711 0 0.6367 outer loop vertex -5.34 0 0.804 vertex -5.16 0.12 0.586 vertex -5.34 0.12 0.804 endloop endfacet
facet normal 0.9231 0 -0.3846 outer loop vertex -5.16 0 0.586 vertex -5.28 0 0.298 vertex -5.28 0.12 0.298 endloop endfacet
facet normal 0.9231 0 -0.3846 outer loop vertex -5.16 0 0.586 vertex -5.28 0.12 0.298 vertex -5.16 0.12 0.586 endloop endfacet
facet normal 0.2272 0 -0.9738 outer loop vertex -5.28 0 0.298 vertex -5.7 0 0.2 vertex -5.7 0.12 0.2 endloop endfacet
facet normal 0.2272 0 -0.9738 outer loop vertex -5.28 0 0.298 vertex -5.7 0.12 0.2 vertex -5.28 0.12 0.298 endloop endfacet
facet normal 0 0 -1 outer loop vertex -5.64 0.01 1.27 vertex -5.76 0.11 1.27 vertex -5.64 0.11 1.27 endloop endfacet
facet normal 0 0 1 outer loop vertex -5.64 0.01 2.2 vertex -5.64 0.11 2.2 vertex -5.76 0.11 2.2 endloop endfacet
facet normal 0 0 -1 outer loop vertex -5.76 0.11 1.27 vertex -5.64 0.01 1.27 vertex -5.76 0.01 1.27 endloop endfacet
facet normal 0 0 1 outer loop vertex -5.76 0.11 2.2 vertex -5.76 0.01 2.2 vertex -5.64 0.01 2.2 endloop endfacet
facet normal 0 1 0 outer loop vertex -5.64 0.11 1.27 vertex -5.76 0.11 1.27 vertex -5.76 0.11 2.2 endloop endfacet
facet normal 0 1 0 outer loop vertex -5.64 0.11 1.27 vertex -5.76 0.11 2.2 vertex -5.64 0.11 2.2 endloop endfacet
facet normal -1 0 0 outer loop vertex -5.76 0.11 1.27 vertex -5.76 0.01 1.27 vertex -5.76 0.01 2.2 endloop endfacet
facet normal -1 0 0 outer loop vertex -5.76 0.11 1.27 vertex -5.76 0.01 2.2 vertex -5.76 0.11 2.2 endloop endfacet
facet normal 0 -1 0 outer loop vertex -5.76 0.01 1.27 vertex -5.64 0.01 1.27 vertex -5.64 0.01 2.2 endloop endfacet
facet normal 0 -1 0 outer loop vertex -5.76 0.01 1.27 vertex -5.64 0.01 2.2 vertex -5.76 0.01 2.2 endloop endfacet
facet normal 1 0 0 outer loop vertex -5.64 0.01 1.27 vertex -5.64 0.11 1.27 vertex -5.64 0.11 2.2 endloop endfacet
facet normal 1 0 0 outer loop vertex -5.64 0.01 1.27 vertex -5.64 0.11 2.2 vertex -5.64 0.01 2.2 endloop endfacet
facet normal 0 0 -1 outer loop vertex -5.58 0.015 2.2 vertex -5.82 0.125 2.2 vertex -5.58 0.125 2.2 endloop endfacet
facet normal 0 0 1 outer loop vertex -5.58 0.015 2.5 vertex -5.58 0.125 2.5 vertex -5.82 0.125 2.5 endloop endfacet
facet normal 0 0 -1 outer loop vertex -5.82 0.125 2.2 vertex -5.58 0.015 2.2 vertex -5.82 0.015 2.2 endloop endfacet
facet normal 0 0 1 outer loop vertex -5.82 0.125 2.5 vertex -5.82 0.015 2.5 vertex -5.58 0.015 2.5 endloop endfacet
facet normal 0 1 0 outer loop vertex -5.58 0.125 2.2 vertex -5.82 0.125 2.2 vertex -5.82 0.125 2.5 endloop endfacet
facet normal 0 1 0 outer loop vertex -5.58 0.125 2.2 vertex -5.82 0.125 2.5 vertex -5.58 0.125 2.5 endloop endfacet
facet normal -1 0 0 outer loop vertex -5.82 0.125 2.2 vertex -5.82 0.015 2.2 vertex -5.82 0.015 2.5 endloop endfacet
facet normal -1 0 0 outer loop vertex -5.82 0.125 2.2 vertex -5.82 0.015 2.5 vertex -5.82 0.125 2.5 endloop endfacet
facet normal 0 -1 0 outer loop vertex -5.82 0.015 2.2 vertex -5.58 0.015 2.2 vertex -5.58 0.015 2.5 endloop endfacet
facet normal 0 -1 0 outer loop vertex -5.82 0.015 2.2 vertex -5.58 0.015 2.5 vertex -5.82 0.015 2.5 endloop endfacet
facet normal 1 0 0 outer loop vertex -5.58 0.015 2.2 vertex -5.58 0.125 2.2 vertex -5.58 0.125 2.5 endloop endfacet
facet normal 1 0 0 outer loop vertex -5.58 0.015 2.2 vertex -5.58 0.125 2.5 vertex -5.58 0.015 2.5 endloop endfacet
facet normal 0 0 -1 outer loop vertex -5.56 0.1 0.48 vertex -5.84 0.18 0.48 vertex -5.56 0.18 0.48 endloop endfacet
facet normal 0 0 1 outer loop vertex -5.56 0.1 0.56 vertex -5.56 0.18 0.56 vertex -5.84 0.18 0.56 endloop endfacet
facet normal 0 0 -1 outer loop vertex -5.84 0.18 0.48 vertex -5.56 0.1 0.48 vertex -5.84 0.1 0.48 endloop endfacet
facet normal 0 0 1 outer loop vertex -5.84 0.18 0.56 vertex -5.84 0.1 0.56 vertex -5.56 0.1 0.56 endloop endfacet
facet normal 0 1 0 outer loop vertex -5.56 0.18 0.48 vertex -5.84 0.18 0.48 vertex -5.84 0.18 0.56 endloop endfacet
facet normal 0 1 0 outer loop vertex -5.56 0.18 0.48 vertex -5.84 0.18 0.56 vertex -5.56 0.18 0.56 endloop endfacet
facet normal -1 0 0 outer loop vertex -5.84 0.18 0.48 vertex -5.84 0.1 0.48 vertex -5.84 0.1 0.56 endloop endfacet
facet normal -1 0 0 outer loop vertex -5.84 0.18 0.48 vertex -5.84 0.1 0.56 vertex -5.84 0.18 0.56 endloop endfacet
facet normal 0 -1 0 outer loop vertex -5.84 0.1 0.48 vertex -5.56 0.1 0.48 vertex -5.56 0.1 0.56 endloop endfacet
facet normal 0 -1 0 outer loop vertex -5.84 0.1 0.48 vertex -5.56 0.1 0.56 vertex -5.84 0.1 0.56 endloop endfacet
facet normal 1 0 0 outer loop vertex -5.56 0.1 0.48 vertex -5.56 0.18 0.48 vertex -5.56 0.18 0.56 endloop endfacet
facet normal 1 0 0 outer loop vertex -5.56 0.1 0.48 vertex -5.56 0.18 0.56 vertex -5.56 0.1 0.56 endloop endfacet
facet normal 0 0 -1 outer loop vertex -5.55 0.115 0.66 vertex -5.85 0.165 0.66 vertex -5.55 0.165 0.66 endloop endfacet
facet normal 0 0 1 outer loop vertex -5.55 0.115 0.74 vertex -5.55 0.165 0.74 vertex -5.85 0.165 0.74 endloop endfacet
facet normal 0 0 -1 outer loop vertex -5.85 0.165 0.66 vertex -5.55 0.115 0.66 vertex -5.85 0.115 0.66 endloop endfacet
facet normal 0 0 1 outer loop vertex -5.85 0.165 0.74 vertex -5.85 0.115 0.74 vertex -5.55 0.115 0.74 endloop endfacet
facet normal 0 1 0 outer loop vertex -5.55 0.165 0.66 vertex -5.85 0.165 0.66 vertex -5.85 0.165 0.74 endloop endfacet
facet normal 0 1 0 outer loop vertex -5.55 0.165 0.66 vertex -5.85 0.165 0.74 vertex -5.55 0.165 0.74 endloop endfacet
facet normal -1 0 0 outer loop vertex -5.85 0.165 0.66 vertex -5.85 0.115 0.66 vertex -5.85 0.115 0.74 endloop endfacet
facet normal -1 0 0 outer loop vertex -5.85 0.165 0.66 vertex -5.85 0.115 0.74 vertex -5.85 0.165 0.74 endloop endfacet
facet normal 0 -1 0 outer loop vertex -5.85 0.115 0.66 vertex -5.55 0.115 0.66 vertex -5.55 0.115 0.74 endloop endfacet
facet normal 0 -1 0 outer loop vertex -5.85 0.115 0.66 vertex -5.55 0.115 0.74 vertex -5.85 0.115 0.74 endloop endfacet
facet normal 1 0 0 outer loop vertex -5.55 0.115 0.66 vertex -5.55 0.165 0.66 vertex -5.55 0.165 0.74 endloop endfacet
facet normal 1 0 0 outer loop vertex -5.55 0.115 0.66 vertex -5.55 0.165 0.74 vertex -5.55 0.115 0.74 endloop endfacet
facet normal 0 0 -1 outer loop vertex -5.55 0.115 0.83 vertex -5.85 0.165 0.83 vertex -5.55 0.165 0.83 endloop endfacet
facet normal 0 0 1 outer loop vertex -5.55 0.115 0.91 vertex -5.55 0.165 0.91 vertex -5.85 0.165 0.91 endloop endfacet
facet normal 0 0 -1 outer loop vertex -5.85 0.165 0.83 vertex -5.55 0.115 0.83 vertex -5.85 0.115 0.83 endloop endfacet
facet normal 0 0 1 outer loop vertex -5.85 0.165 0.91 vertex -5.85 0.115 0.91 vertex -5.55 0.115 0.91 endloop endfacet
facet normal 0 1 0 outer loop vertex -5.55 0.165 0.83 vertex -5.85 0.165 0.83 vertex -5.85 0.165 0.91 endloop endfacet
facet normal 0 1 0 outer loop vertex -5.55 0.165 0.83 vertex -5.85 0.165 0.91 vertex -5.55 0.165 0.91 endloop endfacet
facet normal -1 0 0 outer loop vertex -5.85 0.165 0.83 vertex -5.85 0.115 0.83 vertex -5.85 0.115 0.91 endloop endfacet
facet normal -1 0 0 outer loop vertex -5.85 0.165 0.83 vertex -5.85 0.115 0.91 vertex -5.85 0.165 0.91 endloop endfacet
facet normal 0 -1 0 outer loop vertex -5.85 0.115 0.83 vertex -5.55 0.115 0.83 vertex -5.55 0.115 0.91 endloop endfacet
facet normal 0 -1 0 outer loop vertex -5.85 0.115 0.83 vertex -5.55 0.115 0.91 vertex -5.85 0.115 0.91 endloop endfacet
facet normal 1 0 0 outer loop vertex -5.55 0.115 0.83 vertex -5.55 0.165 0.83 vertex -5.55 0.165 0.91 endloop endfacet
facet normal 1 0 0 outer loop vertex -5.55 0.115 0.83 vertex -5.55 0.165 0.91 vertex -5.55 0.115 0.91 endloop endfacet
facet normal -0.4734 -0.8808 0 outer loop vertex -5.66 0.18 0.47 vertex -5.652 0.1757 0.47 vertex -5.652 0.1757 2.43 endloop endfacet
facet normal -0.4734 -0.8808 0 outer loop vertex -5.66 0.18 0.47 vertex -5.652 0.1757 2.43 vertex -5.66 0.18 2.43 endloop endfacet
facet normal 0 0 -1 outer loop vertex -5.655 0.18 0.47 vertex -5.652 0.1757 0.47 vertex -5.66 0.18 0.47 endloop endfacet
facet normal 0 0 1 outer loop vertex -5.655 0.18 2.43 vertex -5.66 0.18 2.43 vertex -5.652 0.1757 2.43 endloop endfacet
facet normal 1 0 0 outer loop vertex -5.652 0.1757 0.47 vertex -5.652 0.1843 0.47 vertex -5.652 0.1843 2.43 endloop endfacet
facet normal 1 0 0 outer loop vertex -5.652 0.1757 0.47 vertex -5.652 0.1843 2.43 vertex -5.652 0.1757 2.43 endloop endfacet
facet normal 0 0 -1 outer loop vertex -5.655 0.18 0.47 vertex -5.652 0.1843 0.47 vertex -5.652 0.1757 0.47 endloop endfacet
facet normal 0 0 1 outer loop vertex -5.655 0.18 2.43 vertex -5.652 0.1757 2.43 vertex -5.652 0.1843 2.43 endloop endfacet
facet normal -0.4734 0.8808 0 outer loop vertex -5.652 0.1843 0.47 vertex -5.66 0.18 0.47 vertex -5.66 0.18 2.43 endloop endfacet
facet normal -0.4734 0.8808 0 outer loop vertex -5.652 0.1843 0.47 vertex -5.66 0.18 2.43 vertex -5.652 0.1843 2.43 endloop endfacet
facet normal 0 0 -1 outer loop vertex -5.655 0.18 0.47 vertex -5.66 0.18 0.47 vertex -5.652 0.1843 0.47 endloop endfacet
facet normal 0 0 1 outer loop vertex -5.655 0.18 2.43 vertex -5.652 0.1843 2.43 vertex -5.66 0.18 2.43 endloop endfacet
facet normal -0.4734 -0.8808 0 outer loop vertex -5.678 0.18 0.47 vertex -5.67 0.1757 0.47 vertex -5.67 0.1757 2.43 endloop endfacet
facet normal -0.4734 -0.8808 0 outer loop vertex -5.678 0.18 0.47 vertex -5.67 0.1757 2.43 vertex -5.678 0.18 2.43 endloop endfacet
facet normal 0 0 -1 outer loop vertex -5.673 0.18 0.47 vertex -5.67 0.1757 0.47 vertex -5.678 0.18 0.47 endloop endfacet
facet normal 0 0 1 outer loop vertex -5.673 0.18 2.43 vertex -5.678 0.18 2.43 vertex -5.67 0.1757 2.43 endloop endfacet
facet normal 1 0 0 outer loop vertex -5.67 0.1757 0.47 vertex -5.67 0.1843 0.47 vertex -5.67 0.1843 2.43 endloop endfacet
facet normal 1 0 0 outer loop vertex -5.67 0.1757 0.47 vertex -5.67 0.1843 2.43 vertex -5.67 0.1757 2.43 endloop endfacet
facet normal 0 0 -1 outer loop vertex -5.673 0.18 0.47 vertex -5.67 0.1843 0.47 vertex -5.67 0.1757 0.47 endloop endfacet
facet normal 0 0 1 outer loop vertex -5.673 0.18 2.43 vertex -5.67 0.1757 2.43 vertex -5.67 0.1843 2.43 endloop endfacet
facet normal -0.4734 0.8808 0 outer loop vertex -5.67 0.1843 0.47 vertex -5.678 0.18 0.47 vertex -5.678 0.18 2.43 endloop endfacet
facet normal -0.4734 0.8808 0 outer loop vertex -5.67 0.1843 0.47 vertex -5.678 0.18 2.43 vertex -5.67 0.1843 2.43 endloop endfacet
facet normal 0 0 -1 outer loop vertex -5.673 0.18 0.47 vertex -5.678 0.18 0.47 vertex -5.67 0.1843 0.47 endloop endfacet
facet normal 0 0 1 outer loop vertex -5.673 0.18 2.43 vertex -5.67 0.1843 2.43 vertex -5.678 0.18 2.43 endloop endfacet
facet normal -0.4734 -0.8808 0 outer loop vertex -5.696 0.18 0.47 vertex -5.688 0.1757 0.47 vertex -5.688 0.1757 2.43 endloop endfacet
facet normal -0.4734 -0.8808 0 outer loop vertex -5.696 0.18 0.47 vertex -5.688 0.1757 2.43 vertex -5.696 0.18 2.43 endloop endfacet
facet normal 0 0 -1 outer loop vertex -5.691 0.18 0.47 vertex -5.688 0.1757 0.47 vertex -5.696 0.18 0.47 endloop endfacet
facet normal 0 0 1 outer loop vertex -5.691 0.18 2.43 vertex -5.696 0.18 2.43 vertex -5.688 0.1757 2.43 endloop endfacet
facet normal 1 0 0 outer loop vertex -5.688 0.1757 0.47 vertex -5.688 0.1843 0.47 vertex -5.688 0.1843 2.43 endloop endfacet
facet normal 1 0 0 outer loop vertex -5.688 0.1757 0.47 vertex -5.688 0.1843 2.43 vertex -5.688 0.1757 2.43 endloop endfacet
facet normal 0 0 -1 outer loop vertex -5.691 0.18 0.47 vertex -5.688 0.1843 0.47 vertex -5.688 0.1757 0.47 endloop endfacet
facet normal 0 0 1 outer loop vertex -5.691 0.18 2.43 vertex -5.688 0.1757 2.43 vertex -5.688 0.1843 2.43 endloop endfacet
facet normal -0.4734 0.8808 0 outer loop vertex -5.688 0.1843 0.47 vertex -5.696 0.18 0.47 vertex -5.696 0.18 2.43 endloop endfacet
facet normal -0.4734 0.8808 0 outer loop vertex -5.688 0.1843 0.47 vertex -5.696 0.18 2.43 vertex -5.688 0.1843 2.43 endloop endfacet
facet normal 0 0 -1 outer loop vertex -5.691 0.18 0.47 vertex -5.696 0.18 0.47 vertex -5.688 0.1843 0.47 endloop endfacet
facet normal 0 0 1 outer loop vertex -5.691 0.18 2.43 vertex -5.688 0.1843 2.43 vertex -5.696 0.18 2.43 endloop endfacet
facet normal -0.5234 -0.8521 0 outer loop vertex -5.714 0.18 0.47 vertex -5.707 0.1757 0.47 vertex -5.707 0.1757 2.43 endloop endfacet
facet normal -0.5234 -0.8521 0 outer loop vertex -5.714 0.18 0.47 vertex -5.707 0.1757 2.43 vertex -5.714 0.18 2.43 endloop endfacet
facet normal 0 0 -1 outer loop vertex -5.709 0.18 0.47 vertex -5.707 0.1757 0.47 vertex -5.714 0.18 0.47 endloop endfacet
facet normal 0 0 1 outer loop vertex -5.709 0.18 2.43 vertex -5.714 0.18 2.43 vertex -5.707 0.1757 2.43 endloop endfacet
facet normal 1 0 0 outer loop vertex -5.707 0.1757 0.47 vertex -5.707 0.1843 0.47 vertex -5.707 0.1843 2.43 endloop endfacet
facet normal 1 0 0 outer loop vertex -5.707 0.1757 0.47 vertex -5.707 0.1843 2.43 vertex -5.707 0.1757 2.43 endloop endfacet
facet normal 0 0 -1 outer loop vertex -5.709 0.18 0.47 vertex -5.707 0.1843 0.47 vertex -5.707 0.1757 0.47 endloop endfacet
facet normal 0 0 1 outer loop vertex -5.709 0.18 2.43 vertex -5.707 0.1757 2.43 vertex -5.707 0.1843 2.43 endloop endfacet
facet normal -0.5234 0.8521 0 outer loop vertex -5.707 0.1843 0.47 vertex -5.714 0.18 0.47 vertex -5.714 0.18 2.43 endloop endfacet
facet normal -0.5234 0.8521 0 outer loop vertex -5.707 0.1843 0.47 vertex -5.714 0.18 2.43 vertex -5.707 0.1843 2.43 endloop endfacet
facet normal 0 0 -1 outer loop vertex -5.709 0.18 0.47 vertex -5.714 0.18 0.47 vertex -5.707 0.1843 0.47 endloop endfacet
facet normal 0 0 1 outer loop vertex -5.709 0.18 2.43 vertex -5.707 0.1843 2.43 vertex -5.714 0.18 2.43 endloop endfacet
facet normal -0.4734 -0.8808 0 outer loop vertex -5.732 0.18 0.47 vertex -5.724 0.1757 0.47 vertex -5.724 0.1757 2.43 endloop endfacet
facet normal -0.4734 -0.8808 0 outer loop vertex -5.732 0.18 0.47 vertex -5.724 0.1757 2.43 vertex -5.732 0.18 2.43 endloop endfacet
facet normal 0 0 -1 outer loop vertex -5.727 0.18 0.47 vertex -5.724 0.1757 0.47 vertex -5.732 0.18 0.47 endloop endfacet
facet normal 0 0 1 outer loop vertex -5.727 0.18 2.43 vertex -5.732 0.18 2.43 vertex -5.724 0.1757 2.43 endloop endfacet
facet normal 1 0 0 outer loop vertex -5.724 0.1757 0.47 vertex -5.724 0.1843 0.47 vertex -5.724 0.1843 2.43 endloop endfacet
facet normal 1 0 0 outer loop vertex -5.724 0.1757 0.47 vertex -5.724 0.1843 2.43 vertex -5.724 0.1757 2.43 endloop endfacet
facet normal 0 0 -1 outer loop vertex -5.727 0.18 0.47 vertex -5.724 0.1843 0.47 vertex -5.724 0.1757 0.47 endloop endfacet
facet normal 0 0 1 outer loop vertex -5.727 0.18 2.43 vertex -5.724 0.1757 2.43 vertex -5.724 0.1843 2.43 endloop endfacet
facet normal -0.4734 0.8808 0 outer loop vertex -5.724 0.1843 0.47 vertex -5.732 0.18 0.47 vertex -5.732 0.18 2.43 endloop endfacet
facet normal -0.4734 0.8808 0 outer loop vertex -5.724 0.1843 0.47 vertex -5.732 0.18 2.43 vertex -5.724 0.1843 2.43 endloop endfacet
facet normal 0 0 -1 outer loop vertex -5.727 0.18 0.47 vertex -5.732 0.18 0.47 vertex -5.724 0.1843 0.47 endloop endfacet
facet normal 0 0 1 outer loop vertex -5.727 0.18 2.43 vertex -5.724 0.1843 2.43 vertex -5.732 0.18 2.43 endloop endfacet
facet normal -0.4734 -0.8808 0 outer loop vertex -5.75 0.18 0.47 vertex -5.742 0.1757 0.47 vertex -5.742 0.1757 2.43 endloop endfacet
facet normal -0.4734 -0.8808 0 outer loop vertex -5.75 0.18 0.47 vertex -5.742 0.1757 2.43 vertex -5.75 0.18 2.43 endloop endfacet
facet normal 0 0 -1 outer loop vertex -5.745 0.18 0.47 vertex -5.742 0.1757 0.47 vertex -5.75 0.18 0.47 endloop endfacet
facet normal 0 0 1 outer loop vertex -5.745 0.18 2.43 vertex -5.75 0.18 2.43 vertex -5.742 0.1757 2.43 endloop endfacet
facet normal 1 0 0 outer loop vertex -5.742 0.1757 0.47 vertex -5.742 0.1843 0.47 vertex -5.742 0.1843 2.43 endloop endfacet
facet normal 1 0 0 outer loop vertex -5.742 0.1757 0.47 vertex -5.742 0.1843 2.43 vertex -5.742 0.1757 2.43 endloop endfacet
facet normal 0 0 -1 outer loop vertex -5.745 0.18 0.47 vertex -5.742 0.1843 0.47 vertex -5.742 0.1757 0.47 endloop endfacet
facet normal 0 0 1 outer loop vertex -5.745 0.18 2.43 vertex -5.742 0.1757 2.43 vertex -5.742 0.1843 2.43 endloop endfacet
facet normal -0.4734 0.8808 0 outer loop vertex -5.742 0.1843 0.47 vertex -5.75 0.18 0.47 vertex -5.75 0.18 2.43 endloop endfacet
facet normal -0.4734 0.8808 0 outer loop vertex -5.742 0.1843 0.47 vertex -5.75 0.18 2.43 vertex -5.742 0.1843 2.43 endloop endfacet
facet normal 0 0 -1 outer loop vertex -5.745 0.18 0.47 vertex -5.75 0.18 0.47 vertex -5.742 0.1843 0.47 endloop endfacet
facet normal 0 0 1 outer loop vertex -5.745 0.18 2.43 vertex -5.742 0.1843 2.43 vertex -5.75 0.18 2.43 endloop endfacet
facet normal 0 0 -1 outer loop vertex -5.625 0.1125 1.292 vertex -5.775 0.1375 1.292 vertex -5.625 0.1375 1.292 endloop endfacet
facet normal 0 0 1 outer loop vertex -5.625 0.1125 1.307 vertex -5.625 0.1375 1.307 vertex -5.775 0.1375 1.307 endloop endfacet
facet normal 0 0 -1 outer loop vertex -5.775 0.1375 1.292 vertex -5.625 0.1125 1.292 vertex -5.775 0.1125 1.292 endloop endfacet
facet normal 0 0 1 outer loop vertex -5.775 0.1375 1.307 vertex -5.775 0.1125 1.307 vertex -5.625 0.1125 1.307 endloop endfacet
facet normal 0 1 0 outer loop vertex -5.625 0.1375 1.292 vertex -5.775 0.1375 1.292 vertex -5.775 0.1375 1.307 endloop endfacet
facet normal 0 1 0 outer loop vertex -5.625 0.1375 1.292 vertex -5.775 0.1375 1.307 vertex -5.625 0.1375 1.307 endloop endfacet
facet normal -1 0 0 outer loop vertex -5.775 0.1375 1.292 vertex -5.775 0.1125 1.292 vertex -5.775 0.1125 1.307 endloop endfacet
facet normal -1 0 0 outer loop vertex -5.775 0.1375 1.292 vertex -5.775 0.1125 1.307 vertex -5.775 0.1375 1.307 endloop endfacet
facet normal 0 -1 0 outer loop vertex -5.775 0.1125 1.292 vertex -5.625 0.1125 1.292 vertex -5.625 0.1125 1.307 endloop endfacet
facet normal 0 -1 0 outer loop vertex -5.775 0.1125 1.292 vertex -5.625 0.1125 1.307 vertex -5.775 0.1125 1.307 endloop endfacet
facet normal 1 0 0 outer loop vertex -5.625 0.1125 1.292 vertex -5.625 0.1375 1.292 vertex -5.625 0.1375 1.307 endloop endfacet
facet normal 1 0 0 outer loop vertex -5.625 0.1125 1.292 vertex -5.625 0.1375 1.307 vertex -5.625 0.1125 1.307 endloop endfacet
facet normal 0 0 -1 outer loop vertex -5.625 0.1125 1.478 vertex -5.775 0.1375 1.478 vertex -5.625 0.1375 1.478 endloop endfacet
facet normal 0 0 1 outer loop vertex -5.625 0.1125 1.493 vertex -5.625 0.1375 1.493 vertex -5.775 0.1375 1.493 endloop endfacet
facet normal 0 0 -1 outer loop vertex -5.775 0.1375 1.478 vertex -5.625 0.1125 1.478 vertex -5.775 0.1125 1.478 endloop endfacet
facet normal 0 0 1 outer loop vertex -5.775 0.1375 1.493 vertex -5.775 0.1125 1.493 vertex -5.625 0.1125 1.493 endloop endfacet
facet normal 0 1 0 outer loop vertex -5.625 0.1375 1.478 vertex -5.775 0.1375 1.478 vertex -5.775 0.1375 1.493 endloop endfacet
facet normal 0 1 0 outer loop vertex -5.625 0.1375 1.478 vertex -5.775 0.1375 1.493 vertex -5.625 0.1375 1.493 endloop endfacet
facet normal -1 0 0 outer loop vertex -5.775 0.1375 1.478 vertex -5.775 0.1125 1.478 vertex -5.775 0.1125 1.493 endloop endfacet
facet normal -1 0 0 outer loop vertex -5.775 0.1375 1.478 vertex -5.775 0.1125 1.493 vertex -5.775 0.1375 1.493 endloop endfacet
facet normal 0 -1 0 outer loop vertex -5.775 0.1125 1.478 vertex -5.625 0.1125 1.478 vertex -5.625 0.1125 1.493 endloop endfacet
facet normal 0 -1 0 outer loop vertex -5.775 0.1125 1.478 vertex -5.625 0.1125 1.493 vertex -5.775 0.1125 1.493 endloop endfacet
facet normal 1 0 0 outer loop vertex -5.625 0.1125 1.478 vertex -5.625 0.1375 1.478 vertex -5.625 0.1375 1.493 endloop endfacet
facet normal 1 0 0 outer loop vertex -5.625 0.1125 1.478 vertex -5.625 0.1375 1.493 vertex -5.625 0.1125 1.493 endloop endfacet
facet normal 0 0 -1 outer loop vertex -5.625 0.1125 1.664 vertex -5.775 0.1375 1.664 vertex -5.625 0.1375 1.664 endloop endfacet
facet normal 0 0 1 outer loop vertex -5.625 0.1125 1.679 vertex -5.625 0.1375 1.679 vertex -5.775 0.1375 1.679 endloop endfacet
facet normal 0 0 -1 outer loop vertex -5.775 0.1375 1.664 vertex -5.625 0.1125 1.664 vertex -5.775 0.1125 1.664 endloop endfacet
facet normal 0 0 1 outer loop vertex -5.775 0.1375 1.679 vertex -5.775 0.1125 1.679 vertex -5.625 0.1125 1.679 endloop endfacet
facet normal 0 1 0 outer loop vertex -5.625 0.1375 1.664 vertex -5.775 0.1375 1.664 vertex -5.775 0.1375 1.679 endloop endfacet
facet normal 0 1 0 outer loop vertex -5.625 0.1375 1.664 vertex -5.775 0.1375 1.679 vertex -5.625 0.1375 1.679 endloop endfacet
facet normal -1 0 0 outer loop vertex -5.775 0.1375 1.664 vertex -5.775 0.1125 1.664 vertex -5.775 0.1125 1.679 endloop endfacet
facet normal -1 0 0 outer loop vertex -5.775 0.1375 1.664 vertex -5.775 0.1125 1.679 vertex -5.775 0.1375 1.679 endloop endfacet
facet normal 0 -1 0 outer loop vertex -5.775 0.1125 1.664 vertex -5.625 0.1125 1.664 vertex -5.625 0.1125 1.679 endloop endfacet
facet normal 0 -1 0 outer loop vertex -5.775 0.1125 1.664 vertex -5.625 0.1125 1.679 vertex -5.775 0.1125 1.679 endloop endfacet
facet normal 1 0 0 outer loop vertex -5.625 0.1125 1.664 vertex -5.625 0.1375 1.664 vertex -5.625 0.1375 1.679 endloop endfacet
facet normal 1 0 0 outer loop vertex -5.625 0.1125 1.664 vertex -5.625 0.1375 1.679 vertex -5.625 0.1125 1.679 endloop endfacet
facet normal 0 0 -1 outer loop vertex -5.625 0.1125 1.85 vertex -5.775 0.1375 1.85 vertex -5.625 0.1375 1.85 endloop endfacet
facet normal 0 0 1 outer loop vertex -5.625 0.1125 1.865 vertex -5.625 0.1375 1.865 vertex -5.775 0.1375 1.865 endloop endfacet
facet normal 0 0 -1 outer loop vertex -5.775 0.1375 1.85 vertex -5.625 0.1125 1.85 vertex -5.775 0.1125 1.85 endloop endfacet
facet normal 0 0 1 outer loop vertex -5.775 0.1375 1.865 vertex -5.775 0.1125 1.865 vertex -5.625 0.1125 1.865 endloop endfacet
facet normal 0 1 0 outer loop vertex -5.625 0.1375 1.85 vertex -5.775 0.1375 1.85 vertex -5.775 0.1375 1.865 endloop endfacet
facet normal 0 1 0 outer loop vertex -5.625 0.1375 1.85 vertex -5.775 0.1375 1.865 vertex -5.625 0.1375 1.865 endloop endfacet
facet normal -1 0 0 outer loop vertex -5.775 0.1375 1.85 vertex -5.775 0.1125 1.85 vertex -5.775 0.1125 1.865 endloop endfacet
facet normal -1 0 0 outer loop vertex -5.775 0.1375 1.85 vertex -5.775 0.1125 1.865 vertex -5.775 0.1375 1.865 endloop endfacet
facet normal 0 -1 0 outer loop vertex -5.775 0.1125 1.85 vertex -5.625 0.1125 1.85 vertex -5.625 0.1125 1.865 endloop endfacet
facet normal 0 -1 0 outer loop vertex -5.775 0.1125 1.85 vertex -5.625 0.1125 1.865 vertex -5.775 0.1125 1.865 endloop endfacet
facet normal 1 0 0 outer loop vertex -5.625 0.1125 1.85 vertex -5.625 0.1375 1.85 vertex -5.625 0.1375 1.865 endloop endfacet
facet normal 1 0 0 outer loop vertex -5.625 0.1125 1.85 vertex -5.625 0.1375 1.865 vertex -5.625 0.1125 1.865 endloop endfacet
facet normal 0 0 -1 outer loop vertex -5.625 0.1125 2.036 vertex -5.775 0.1375 2.036 vertex -5.625 0.1375 2.036 endloop endfacet
facet normal 0 0 1 outer loop vertex -5.625 0.1125 2.051 vertex -5.625 0.1375 2.051 vertex -5.775 0.1375 2.051 endloop endfacet
facet normal 0 0 -1 outer loop vertex -5.775 0.1375 2.036 vertex -5.625 0.1125 2.036 vertex -5.775 0.1125 2.036 endloop endfacet
facet normal 0 0 1 outer loop vertex -5.775 0.1375 2.051 vertex -5.775 0.1125 2.051 vertex -5.625 0.1125 2.051 endloop endfacet
facet normal 0 1 0 outer loop vertex -5.625 0.1375 2.036 vertex -5.775 0.1375 2.036 vertex -5.775 0.1375 2.051 endloop endfacet
facet normal 0 1 0 outer loop vertex -5.625 0.1375 2.036 vertex -5.775 0.1375 2.051 vertex -5.625 0.1375 2.051 endloop endfacet
facet normal -1 0 0 outer loop vertex -5.775 0.1375 2.036 vertex -5.775 0.1125 2.036 vertex -5.775 0.1125 2.051 endloop endfacet
facet normal -1 0 0 outer loop vertex -5.775 0.1375 2.036 vertex -5.775 0.1125 2.051 vertex -5.775 0.1375 2.051 endloop endfacet
facet normal 0 -1 0 outer loop vertex -5.775 0.1125 2.036 vertex -5.625 0.1125 2.036 vertex -5.625 0.1125 2.051 endloop endfacet
facet normal 0 -1 0 outer loop vertex -5.775 0.1125 2.036 vertex -5.625 0.1125 2.051 vertex -5.775 0.1125 2.051 endloop endfacet
facet normal 1 0 0 outer loop vertex -5.625 0.1125 2.036 vertex -5.625 0.1375 2.036 vertex -5.625 0.1375 2.051 endloop endfacet
facet normal 1 0 0 outer loop vertex -5.625 0.1125 2.036 vertex -5.625 0.1375 2.051 vertex -5.625 0.1125 2.051 endloop endfacet
facet normal 0 0.7071 0.7071 outer loop vertex -5.6 0.115 2.27 vertex -5.6 0.07 2.315 vertex -5.48 0.07 2.315 endloop endfacet
facet normal 0 0.7071 0.7071 outer loop vertex -5.6 0.115 2.27 vertex -5.48 0.07 2.315 vertex -5.48 0.115 2.27 endloop endfacet
facet normal -1 0 0 outer loop vertex -5.6 0.07 2.27 vertex -5.6 0.07 2.315 vertex -5.6 0.115 2.27 endloop endfacet
facet normal 1 0 0 outer loop vertex -5.48 0.07 2.27 vertex -5.48 0.115 2.27 vertex -5.48 0.07 2.315 endloop endfacet
facet normal 0 -0.7071 0.7071 outer loop vertex -5.6 0.07 2.315 vertex -5.6 0.025 2.27 vertex -5.48 0.025 2.27 endloop endfacet
facet normal 0 -0.7071 0.7071 outer loop vertex -5.6 0.07 2.315 vertex -5.48 0.025 2.27 vertex -5.48 0.07 2.315 endloop endfacet
facet normal -1 0 0 outer loop vertex -5.6 0.07 2.27 vertex -5.6 0.025 2.27 vertex -5.6 0.07 2.315 endloop endfacet
facet normal 1 0 0 outer loop vertex -5.48 0.07 2.27 vertex -5.48 0.07 2.315 vertex -5.48 0.025 2.27 endloop endfacet
facet normal 0 -0.7071 -0.7071 outer loop vertex -5.6 0.025 2.27 vertex -5.6 0.07 2.225 vertex -5.48 0.07 2.225 endloop endfacet
facet normal 0 -0.7071 -0.7071 outer loop vertex -5.6 0.025 2.27 vertex -5.48 0.07 2.225 vertex -5.48 0.025 2.27 endloop endfacet
facet normal -1 0 0 outer loop vertex -5.6 0.07 2.27 vertex -5.6 0.07 2.225 vertex -5.6 0.025 2.27 endloop endfacet
facet normal 1 0 0 outer loop vertex -5.48 0.07 2.27 vertex -5.48 0.025 2.27 vertex -5.48 0.07 2.225 endloop endfacet
facet normal 0 0.7071 -0.7071 outer loop vertex -5.6 0.07 2.225 vertex -5.6 0.115 2.27 vertex -5.48 0.115 2.27 endloop endfacet
facet normal 0 0.7071 -0.7071 outer loop vertex -5.6 0.07 2.225 vertex -5.48 0.115 2.27 vertex -5.48 0.07 2.225 endloop endfacet
facet normal -1 0 0 outer loop vertex -5.6 0.07 2.27 vertex -5.6 0.115 2.27 vertex -5.6 0.07 2.225 endloop endfacet
facet normal 1 0 0 outer loop vertex -5.48 0.07 2.27 vertex -5.48 0.07 2.225 vertex -5.48 0.115 2.27 endloop endfacet
facet normal 0 -0.7071 0.7071 outer loop vertex -5.8 0.025 2.27 vertex -5.8 0.07 2.315 vertex -5.92 0.07 2.315 endloop endfacet
facet normal 0 -0.7071 0.7071 outer loop vertex -5.8 0.025 2.27 vertex -5.92 0.07 2.315 vertex -5.92 0.025 2.27 endloop endfacet
facet normal 1 0 0 outer loop vertex -5.8 0.07 2.27 vertex -5.8 0.07 2.315 vertex -5.8 0.025 2.27 endloop endfacet
facet normal -1 0 0 outer loop vertex -5.92 0.07 2.27 vertex -5.92 0.025 2.27 vertex -5.92 0.07 2.315 endloop endfacet
facet normal 0 0.7071 0.7071 outer loop vertex -5.8 0.07 2.315 vertex -5.8 0.115 2.27 vertex -5.92 0.115 2.27 endloop endfacet
facet normal 0 0.7071 0.7071 outer loop vertex -5.8 0.07 2.315 vertex -5.92 0.115 2.27 vertex -5.92 0.07 2.315 endloop endfacet
facet normal 1 0 0 outer loop vertex -5.8 0.07 2.27 vertex -5.8 0.115 2.27 vertex -5.8 0.07 2.315 endloop endfacet
facet normal -1 0 0 outer loop vertex -5.92 0.07 2.27 vertex -5.92 0.07 2.315 vertex -5.92 0.115 2.27 endloop endfacet
facet normal 0 0.7071 -0.7071 outer loop vertex -5.8 0.115 2.27 vertex -5.8 0.07 2.225 vertex -5.92 0.07 2.225 endloop endfacet
facet normal 0 0.7071 -0.7071 outer loop vertex -5.8 0.115 2.27 vertex -5.92 0.07 2.225 vertex -5.92 0.115 2.27 endloop endfacet
facet normal 1 0 0 outer loop vertex -5.8 0.07 2.27 vertex -5.8 0.07 2.225 vertex -5.8 0.115 2.27 endloop endfacet
facet normal -1 0 0 outer loop vertex -5.92 0.07 2.27 vertex -5.92 0.115 2.27 vertex -5.92 0.07 2.225 endloop endfacet
facet normal 0 -0.7071 -0.7071 outer loop vertex -5.8 0.07 2.225 vertex -5.8 0.025 2.27 vertex -5.92 0.025 2.27 endloop endfacet
facet normal 0 -0.7071 -0.7071 outer loop vertex -5.8 0.07 2.225 vertex -5.92 0.025 2.27 vertex -5.92 0.07 2.225 endloop endfacet
facet normal 1 0 0 outer loop vertex -5.8 0.07 2.27 vertex -5.8 0.025 2.27 vertex -5.8 0.07 2.225 endloop endfacet
facet normal -1 0 0 outer loop vertex -5.92 0.07 2.27 vertex -5.92 0.07 2.225 vertex -5.92 0.025 2.27 endloop endfacet
facet normal 0.7071 -0.7071 0 outer loop vertex -5.675 0 0.17 vertex -5.7 -0.025 0.17 vertex -5.7 -0.025 0.1 endloop endfacet
facet normal 0.7071 -0.7071 0 outer loop vertex -5.675 0 0.17 vertex -5.7 -0.025 0.1 vertex -5.675 0 0.1 endloop endfacet
facet normal 0 0 1 outer loop vertex -5.7 0 0.17 vertex -5.7 -0.025 0.17 vertex -5.675 0 0.17 endloop endfacet
facet normal 0 0 -1 outer loop vertex -5.7 0 0.1 vertex -5.675 0 0.1 vertex -5.7 -0.025 0.1 endloop endfacet
facet normal -0.7071 -0.7071 0 outer loop vertex -5.7 -0.025 0.17 vertex -5.725 0 0.17 vertex -5.725 0 0.1 endloop endfacet
facet normal -0.7071 -0.7071 0 outer loop vertex -5.7 -0.025 0.17 vertex -5.725 0 0.1 vertex -5.7 -0.025 0.1 endloop endfacet
facet normal 0 0 1 outer loop vertex -5.7 0 0.17 vertex -5.725 0 0.17 vertex -5.7 -0.025 0.17 endloop endfacet
facet normal 0 0 -1 outer loop vertex -5.7 0 0.1 vertex -5.7 -0.025 0.1 vertex -5.725 0 0.1 endloop endfacet
facet normal -0.7071 0.7071 0 outer loop vertex -5.725 0 0.17 vertex -5.7 0.025 0.17 vertex -5.7 0.025 0.1 endloop endfacet
facet normal -0.7071 0.7071 0 outer loop vertex -5.725 0 0.17 vertex -5.7 0.025 0.1 vertex -5.725 0 0.1 endloop endfacet
facet normal 0 0 1 outer loop vertex -5.7 0 0.17 vertex -5.7 0.025 0.17 vertex -5.725 0 0.17 endloop endfacet
facet normal 0 0 -1 outer loop vertex -5.7 0 0.1 vertex -5.725 0 0.1 vertex -5.7 0.025 0.1 endloop endfacet
facet normal 0.7071 0.7071 0 outer loop vertex -5.7 0.025 0.17 vertex -5.675 0 0.17 vertex -5.675 0 0.1 endloop endfacet
facet normal 0.7071 0.7071 0 outer loop vertex -5.7 0.025 0.17 vertex -5.675 0 0.1 vertex -5.7 0.025 0.1 endloop endfacet
facet normal 0 0 1 outer loop vertex -5.7 0 0.17 vertex -5.675 0 0.17 vertex -5.7 0.025 0.17 endloop endfacet
facet normal 0 0 -1 outer loop vertex -5.7 0 0.1 vertex -5.7 0.025 0.1 vertex -5.675 0 0.1 endloop endfacet
facet normal 0.4316 0.2977 0.8515 outer loop vertex -5.685 0.02034 0.14 vertex -5.704 -0.01275 0.1612 vertex -5.354 -0.2627 0.07119 endloop endfacet
facet normal 0.4318 0.298 0.8513 outer loop vertex -5.685 0.02034 0.14 vertex -5.354 -0.2627 0.07119 vertex -5.335 -0.2297 0.05 endloop endfacet
facet normal -0.7884 0.5814 0.2009 outer loop vertex -5.7 0 0.14 vertex -5.704 -0.01275 0.1612 vertex -5.685 0.02034 0.14 endloop endfacet
facet normal 0.788 -0.5822 -0.2002 outer loop vertex -5.35 -0.25 0.05 vertex -5.335 -0.2297 0.05 vertex -5.354 -0.2627 0.07119 endloop endfacet
facet normal -0.5817 -0.8134 -0.002869 outer loop vertex -5.704 -0.01275 0.1612 vertex -5.711 -0.007594 0.1188 vertex -5.361 -0.2576 0.02881 endloop endfacet
facet normal -0.5815 -0.8136 -0.00186 outer loop vertex -5.704 -0.01275 0.1612 vertex -5.361 -0.2576 0.02881 vertex -5.354 -0.2627 0.07119 endloop endfacet
facet normal -0.7885 0.5814 0.2009 outer loop vertex -5.7 0 0.14 vertex -5.711 -0.007594 0.1188 vertex -5.704 -0.01275 0.1612 endloop endfacet
facet normal 0.788 -0.5822 -0.2002 outer loop vertex -5.35 -0.25 0.05 vertex -5.354 -0.2627 0.07119 vertex -5.361 -0.2576 0.02881 endloop endfacet
facet normal 0.1453 0.5088 -0.8486 outer loop vertex -5.711 -0.007594 0.1188 vertex -5.685 0.02034 0.14 vertex -5.335 -0.2297 0.05 endloop endfacet
facet normal 0.1454 0.5089 -0.8484 outer loop vertex -5.711 -0.007594 0.1188 vertex -5.335 -0.2297 0.05 vertex -5.361 -0.2576 0.02881 endloop endfacet
facet normal -0.7884 0.5814 0.2008 outer loop vertex -5.7 0 0.14 vertex -5.685 0.02034 0.14 vertex -5.711 -0.007594 0.1188 endloop endfacet
facet normal 0.788 -0.5822 -0.2002 outer loop vertex -5.35 -0.25 0.05 vertex -5.361 -0.2576 0.02881 vertex -5.335 -0.2297 0.05 endloop endfacet
facet normal 0.1452 -0.5088 0.8485 outer loop vertex -5.685 -0.02034 0.14 vertex -5.711 0.007594 0.1612 vertex -6.061 -0.2424 0.07119 endloop endfacet
facet normal 0.1453 -0.509 0.8484 outer loop vertex -5.685 -0.02034 0.14 vertex -6.061 -0.2424 0.07119 vertex -6.035 -0.2703 0.05 endloop endfacet
facet normal 0.7884 0.5814 0.2008 outer loop vertex -5.7 0 0.14 vertex -5.711 0.007594 0.1612 vertex -5.685 -0.02034 0.14 endloop endfacet
facet normal -0.788 -0.5822 -0.2002 outer loop vertex -6.05 -0.25 0.05 vertex -6.035 -0.2703 0.05 vertex -6.061 -0.2424 0.07119 endloop endfacet
facet normal -0.5818 0.8133 0.002852 outer loop vertex -5.711 0.007594 0.1612 vertex -5.704 0.01275 0.1188 vertex -6.054 -0.2373 0.02881 endloop endfacet
facet normal -0.5815 0.8135 0.001844 outer loop vertex -5.711 0.007594 0.1612 vertex -6.054 -0.2373 0.02881 vertex -6.061 -0.2424 0.07119 endloop endfacet
facet normal 0.7885 0.5814 0.2009 outer loop vertex -5.7 0 0.14 vertex -5.704 0.01275 0.1188 vertex -5.711 0.007594 0.1612 endloop endfacet
facet normal -0.788 -0.5822 -0.2002 outer loop vertex -6.05 -0.25 0.05 vertex -6.061 -0.2424 0.07119 vertex -6.054 -0.2373 0.02881 endloop endfacet
facet normal 0.4316 -0.2977 -0.8515 outer loop vertex -5.704 0.01275 0.1188 vertex -5.685 -0.02034 0.14 vertex -6.035 -0.2703 0.05 endloop endfacet
facet normal 0.4318 -0.298 -0.8513 outer loop vertex -5.704 0.01275 0.1188 vertex -6.035 -0.2703 0.05 vertex -6.054 -0.2373 0.02881 endloop endfacet
facet normal 0.7884 0.5814 0.2009 outer loop vertex -5.7 0 0.14 vertex -5.685 -0.02034 0.14 vertex -5.704 0.01275 0.1188 endloop endfacet
facet normal -0.788 -0.5822 -0.2002 outer loop vertex -6.05 -0.25 0.05 vertex -6.054 -0.2373 0.02881 vertex -6.035 -0.2703 0.05 endloop endfacet
facet normal -0.5222 -0.7043 0.4809 outer loop vertex 0.2015 2.05 2.35 vertex 0.2356 2.065 2.409 vertex -0.0144 2.305 2.489 endloop endfacet
facet normal -0.5223 -0.7043 0.4808 outer loop vertex 0.2015 2.05 2.35 vertex -0.0144 2.305 2.489 vertex -0.04848 2.29 2.43 endloop endfacet
facet normal 0.6983 -0.6774 -0.2314 outer loop vertex 0.25 2.1 2.35 vertex 0.2356 2.065 2.409 vertex 0.2015 2.05 2.35 endloop endfacet
facet normal -0.6985 0.6772 0.2313 outer loop vertex 0 2.34 2.43 vertex -0.04848 2.29 2.43 vertex -0.0144 2.305 2.489 endloop endfacet
facet normal 0.163 -0.155 0.9744 outer loop vertex 0.2356 2.065 2.409 vertex 0.2841 2.116 2.409 vertex 0.03408 2.356 2.489 endloop endfacet
facet normal 0.163 -0.155 0.9744 outer loop vertex 0.2356 2.065 2.409 vertex 0.03408 2.356 2.489 vertex -0.0144 2.305 2.489 endloop endfacet
facet normal 0.7059 -0.6713 -0.2259 outer loop vertex 0.25 2.1 2.35 vertex 0.2841 2.116 2.409 vertex 0.2356 2.065 2.409 endloop endfacet
facet normal -0.7061 0.6712 0.2258 outer loop vertex 0 2.34 2.43 vertex -0.0144 2.305 2.489 vertex 0.03408 2.356 2.489 endloop endfacet
facet normal 0.6819 0.5493 0.483 outer loop vertex 0.2841 2.116 2.409 vertex 0.2985 2.15 2.35 vertex 0.04848 2.39 2.43 endloop endfacet
facet normal 0.6819 0.5493 0.483 outer loop vertex 0.2841 2.116 2.409 vertex 0.04848 2.39 2.43 vertex 0.03408 2.356 2.489 endloop endfacet
facet normal 0.7001 -0.6791 -0.2205 outer loop vertex 0.25 2.1 2.35 vertex 0.2985 2.15 2.35 vertex 0.2841 2.116 2.409 endloop endfacet
facet normal -0.7003 0.679 0.2204 outer loop vertex 0 2.34 2.43 vertex 0.03408 2.356 2.489 vertex 0.04848 2.39 2.43 endloop endfacet
facet normal 0.5222 0.7043 -0.4809 outer loop vertex 0.2985 2.15 2.35 vertex 0.2644 2.135 2.291 vertex 0.0144 2.375 2.371 endloop endfacet
facet normal 0.5223 0.7043 -0.4808 outer loop vertex 0.2985 2.15 2.35 vertex 0.0144 2.375 2.371 vertex 0.04848 2.39 2.43 endloop endfacet
facet normal 0.6983 -0.6774 -0.2314 outer loop vertex 0.25 2.1 2.35 vertex 0.2644 2.135 2.291 vertex 0.2985 2.15 2.35 endloop endfacet
facet normal -0.6985 0.6772 0.2313 outer loop vertex 0 2.34 2.43 vertex 0.04848 2.39 2.43 vertex 0.0144 2.375 2.371 endloop endfacet
facet normal -0.163 0.155 -0.9744 outer loop vertex 0.2644 2.135 2.291 vertex 0.2159 2.084 2.291 vertex -0.03408 2.324 2.371 endloop endfacet
facet normal -0.163 0.155 -0.9744 outer loop vertex 0.2644 2.135 2.291 vertex -0.03408 2.324 2.371 vertex 0.0144 2.375 2.371 endloop endfacet
facet normal 0.7059 -0.6713 -0.2259 outer loop vertex 0.25 2.1 2.35 vertex 0.2159 2.084 2.291 vertex 0.2644 2.135 2.291 endloop endfacet
facet normal -0.7061 0.6712 0.2258 outer loop vertex 0 2.34 2.43 vertex 0.0144 2.375 2.371 vertex -0.03408 2.324 2.371 endloop endfacet
facet normal -0.6819 -0.5493 -0.483 outer loop vertex 0.2159 2.084 2.291 vertex 0.2015 2.05 2.35 vertex -0.04848 2.29 2.43 endloop endfacet
facet normal -0.6819 -0.5493 -0.483 outer loop vertex 0.2159 2.084 2.291 vertex -0.04848 2.29 2.43 vertex -0.03408 2.324 2.371 endloop endfacet
facet normal 0.7001 -0.6791 -0.2205 outer loop vertex 0.25 2.1 2.35 vertex 0.2015 2.05 2.35 vertex 0.2159 2.084 2.291 endloop endfacet
facet normal -0.7003 0.679 0.2204 outer loop vertex 0 2.34 2.43 vertex -0.03408 2.324 2.371 vertex -0.04848 2.29 2.43 endloop endfacet
facet normal 0.7071 0.7071 0 outer loop vertex 3.825 1.7 0 vertex 3.8 1.725 0 vertex 3.8 1.725 2.15 endloop endfacet
facet normal 0.7071 0.7071 0 outer loop vertex 3.825 1.7 0 vertex 3.8 1.725 2.15 vertex 3.825 1.7 2.15 endloop endfacet
facet normal 0 0 -1 outer loop vertex 3.8 1.7 0 vertex 3.8 1.725 0 vertex 3.825 1.7 0 endloop endfacet
facet normal 0 0 1 outer loop vertex 3.8 1.7 2.15 vertex 3.825 1.7 2.15 vertex 3.8 1.725 2.15 endloop endfacet
facet normal -0.7071 0.7071 0 outer loop vertex 3.8 1.725 0 vertex 3.775 1.7 0 vertex 3.775 1.7 2.15 endloop endfacet
facet normal -0.7071 0.7071 0 outer loop vertex 3.8 1.725 0 vertex 3.775 1.7 2.15 vertex 3.8 1.725 2.15 endloop endfacet
facet normal 0 0 -1 outer loop vertex 3.8 1.7 0 vertex 3.775 1.7 0 vertex 3.8 1.725 0 endloop endfacet
facet normal 0 0 1 outer loop vertex 3.8 1.7 2.15 vertex 3.8 1.725 2.15 vertex 3.775 1.7 2.15 endloop endfacet
facet normal -0.7071 -0.7071 0 outer loop vertex 3.775 1.7 0 vertex 3.8 1.675 0 vertex 3.8 1.675 2.15 endloop endfacet
facet normal -0.7071 -0.7071 0 outer loop vertex 3.775 1.7 0 vertex 3.8 1.675 2.15 vertex 3.775 1.7 2.15 endloop endfacet
facet normal 0 0 -1 outer loop vertex 3.8 1.7 0 vertex 3.8 1.675 0 vertex 3.775 1.7 0 endloop endfacet
facet normal 0 0 1 outer loop vertex 3.8 1.7 2.15 vertex 3.775 1.7 2.15 vertex 3.8 1.675 2.15 endloop endfacet
facet normal 0.7071 -0.7071 0 outer loop vertex 3.8 1.675 0 vertex 3.825 1.7 0 vertex 3.825 1.7 2.15 endloop endfacet
facet normal 0.7071 -0.7071 0 outer loop vertex 3.8 1.675 0 vertex 3.825 1.7 2.15 vertex 3.8 1.675 2.15 endloop endfacet
facet normal 0 0 -1 outer loop vertex 3.8 1.7 0 vertex 3.825 1.7 0 vertex 3.8 1.675 0 endloop endfacet
facet normal 0 0 1 outer loop vertex 3.8 1.7 2.15 vertex 3.8 1.675 2.15 vertex 3.825 1.7 2.15 endloop endfacet
facet normal 0.6564 -0.4314 0.6189 outer loop vertex 3.813 1.679 2.15 vertex 3.81 1.706 2.172 vertex 3.41 1.456 2.422 endloop endfacet
facet normal 0.6564 -0.4314 0.6189 outer loop vertex 3.813 1.679 2.15 vertex 3.41 1.456 2.422 vertex 3.413 1.429 2.4 endloop endfacet
facet normal 0.7513 0.4651 -0.4683 outer loop vertex 3.8 1.7 2.15 vertex 3.81 1.706 2.172 vertex 3.813 1.679 2.15 endloop endfacet
facet normal -0.7513 -0.4651 0.4683 outer loop vertex 3.4 1.45 2.4 vertex 3.413 1.429 2.4 vertex 3.41 1.456 2.422 endloop endfacet
facet normal -0.09317 0.7746 0.6255 outer loop vertex 3.81 1.706 2.172 vertex 3.787 1.721 2.15 vertex 3.387 1.471 2.4 endloop endfacet
facet normal -0.09317 0.7746 0.6255 outer loop vertex 3.81 1.706 2.172 vertex 3.387 1.471 2.4 vertex 3.41 1.456 2.422 endloop endfacet
facet normal 0.7513 0.4651 -0.4683 outer loop vertex 3.8 1.7 2.15 vertex 3.787 1.721 2.15 vertex 3.81 1.706 2.172 endloop endfacet
facet normal -0.7513 -0.4651 0.4683 outer loop vertex 3.4 1.45 2.4 vertex 3.41 1.456 2.422 vertex 3.387 1.471 2.4 endloop endfacet
facet normal -0.6564 0.4314 -0.6189 outer loop vertex 3.787 1.721 2.15 vertex 3.79 1.694 2.128 vertex 3.39 1.444 2.378 endloop endfacet
facet normal -0.6564 0.4314 -0.6189 outer loop vertex 3.787 1.721 2.15 vertex 3.39 1.444 2.378 vertex 3.387 1.471 2.4 endloop endfacet
facet normal 0.7513 0.4651 -0.4683 outer loop vertex 3.8 1.7 2.15 vertex 3.79 1.694 2.128 vertex 3.787 1.721 2.15 endloop endfacet
facet normal -0.7513 -0.4651 0.4683 outer loop vertex 3.4 1.45 2.4 vertex 3.387 1.471 2.4 vertex 3.39 1.444 2.378 endloop endfacet
facet normal 0.09317 -0.7746 -0.6255 outer loop vertex 3.79 1.694 2.128 vertex 3.813 1.679 2.15 vertex 3.413 1.429 2.4 endloop endfacet
facet normal 0.09317 -0.7746 -0.6255 outer loop vertex 3.79 1.694 2.128 vertex 3.413 1.429 2.4 vertex 3.39 1.444 2.378 endloop endfacet
facet normal 0.7513 0.4651 -0.4683 outer loop vertex 3.8 1.7 2.15 vertex 3.813 1.679 2.15 vertex 3.79 1.694 2.128 endloop endfacet
facet normal -0.7513 -0.4651 0.4683 outer loop vertex 3.4 1.45 2.4 vertex 3.39 1.444 2.378 vertex 3.413 1.429 2.4 endloop endfacet
facet normal 0 -0.8716 0.4903 outer loop vertex 3.4 1.395 2.4 vertex 3.4 1.422 2.448 vertex 3.2 1.422 2.448 endloop endfacet
facet normal 0 -0.8716 0.4903 outer loop vertex 3.4 1.395 2.4 vertex 3.2 1.422 2.448 vertex 3.2 1.395 2.4 endloop endfacet
facet normal 1 0 0 outer loop vertex 3.4 1.45 2.4 vertex 3.4 1.422 2.448 vertex 3.4 1.395 2.4 endloop endfacet
facet normal -1 0 0 outer loop vertex 3.2 1.45 2.4 vertex 3.2 1.395 2.4 vertex 3.2 1.422 2.448 endloop endfacet
facet normal 0 0 1 outer loop vertex 3.4 1.422 2.448 vertex 3.4 1.478 2.448 vertex 3.2 1.478 2.448 endloop endfacet
facet normal 0 0 1 outer loop vertex 3.4 1.422 2.448 vertex 3.2 1.478 2.448 vertex 3.2 1.422 2.448 endloop endfacet
facet normal 1 0 0 outer loop vertex 3.4 1.45 2.4 vertex 3.4 1.478 2.448 vertex 3.4 1.422 2.448 endloop endfacet
facet normal -1 0 0 outer loop vertex 3.2 1.45 2.4 vertex 3.2 1.422 2.448 vertex 3.2 1.478 2.448 endloop endfacet
facet normal 0 0.8716 0.4903 outer loop vertex 3.4 1.478 2.448 vertex 3.4 1.505 2.4 vertex 3.2 1.505 2.4 endloop endfacet
facet normal 0 0.8716 0.4903 outer loop vertex 3.4 1.478 2.448 vertex 3.2 1.505 2.4 vertex 3.2 1.478 2.448 endloop endfacet
facet normal 1 0 0 outer loop vertex 3.4 1.45 2.4 vertex 3.4 1.505 2.4 vertex 3.4 1.478 2.448 endloop endfacet
facet normal -1 0 0 outer loop vertex 3.2 1.45 2.4 vertex 3.2 1.478 2.448 vertex 3.2 1.505 2.4 endloop endfacet
facet normal 0 0.8716 -0.4903 outer loop vertex 3.4 1.505 2.4 vertex 3.4 1.478 2.352 vertex 3.2 1.478 2.352 endloop endfacet
facet normal 0 0.8716 -0.4903 outer loop vertex 3.4 1.505 2.4 vertex 3.2 1.478 2.352 vertex 3.2 1.505 2.4 endloop endfacet
facet normal 1 0 0 outer loop vertex 3.4 1.45 2.4 vertex 3.4 1.478 2.352 vertex 3.4 1.505 2.4 endloop endfacet
facet normal -1 0 0 outer loop vertex 3.2 1.45 2.4 vertex 3.2 1.505 2.4 vertex 3.2 1.478 2.352 endloop endfacet
facet normal 0 0 -1 outer loop vertex 3.4 1.478 2.352 vertex 3.4 1.422 2.352 vertex 3.2 1.422 2.352 endloop endfacet
facet normal 0 0 -1 outer loop vertex 3.4 1.478 2.352 vertex 3.2 1.422 2.352 vertex 3.2 1.478 2.352 endloop endfacet
facet normal 1 0 0 outer loop vertex 3.4 1.45 2.4 vertex 3.4 1.422 2.352 vertex 3.4 1.478 2.352 endloop endfacet
facet normal -1 0 0 outer loop vertex 3.2 1.45 2.4 vertex 3.2 1.478 2.352 vertex 3.2 1.422 2.352 endloop endfacet
facet normal 0 -0.8716 -0.4903 outer loop vertex 3.4 1.422 2.352 vertex 3.4 1.395 2.4 vertex 3.2 1.395 2.4 endloop endfacet
facet normal 0 -0.8716 -0.4903 outer loop vertex 3.4 1.422 2.352 vertex 3.2 1.395 2.4 vertex 3.2 1.422 2.352 endloop endfacet
facet normal 1 0 0 outer loop vertex 3.4 1.45 2.4 vertex 3.4 1.395 2.4 vertex 3.4 1.422 2.352 endloop endfacet
facet normal -1 0 0 outer loop vertex 3.2 1.45 2.4 vertex 3.2 1.422 2.352 vertex 3.2 1.395 2.4 endloop endfacet
facet normal 0.2159 0.4988 0.8394 outer loop vertex 3.8 1.72 0.12 vertex 3.804 1.69 0.1368 vertex 4.154 1.69 0.04677 endloop endfacet
facet normal 0.2159 0.4982 0.8397 outer loop vertex 3.8 1.72 0.12 vertex 4.154 1.69 0.04677 vertex 4.15 1.72 0.03 endloop endfacet
facet normal -0.9728 0 0.2316 outer loop vertex 3.8 1.7 0.12 vertex 3.804 1.69 0.1368 vertex 3.8 1.72 0.12 endloop endfacet
facet normal 0.9727 0 -0.232 outer loop vertex 4.15 1.7 0.03 vertex 4.15 1.72 0.03 vertex 4.154 1.69 0.04677 endloop endfacet
facet normal 0 -1 0 outer loop vertex 3.804 1.69 0.1368 vertex 3.796 1.69 0.1032 vertex 4.146 1.69 0.01323 endloop endfacet
facet normal 0 -1 0 outer loop vertex 3.804 1.69 0.1368 vertex 4.146 1.69 0.01323 vertex 4.154 1.69 0.04677 endloop endfacet
facet normal -0.9728 0 0.2316 outer loop vertex 3.8 1.7 0.12 vertex 3.796 1.69 0.1032 vertex 3.804 1.69 0.1368 endloop endfacet
facet normal 0.9727 0 -0.232 outer loop vertex 4.15 1.7 0.03 vertex 4.154 1.69 0.04677 vertex 4.146 1.69 0.01323 endloop endfacet
facet normal -0.2158 0.4988 -0.8394 outer loop vertex 3.796 1.69 0.1032 vertex 3.8 1.72 0.12 vertex 4.15 1.72 0.03 endloop endfacet
facet normal -0.2159 0.4982 -0.8398 outer loop vertex 3.796 1.69 0.1032 vertex 4.15 1.72 0.03 vertex 4.146 1.69 0.01323 endloop endfacet
facet normal -0.9728 0 0.2316 outer loop vertex 3.8 1.7 0.12 vertex 3.8 1.72 0.12 vertex 3.796 1.69 0.1032 endloop endfacet
facet normal 0.9727 0 -0.232 outer loop vertex 4.15 1.7 0.03 vertex 4.146 1.69 0.01323 vertex 4.15 1.72 0.03 endloop endfacet
facet normal -0.5391 -0.06177 0.84 outer loop vertex 3.783 1.69 0.12 vertex 3.807 1.709 0.1368 vertex 3.632 2.012 0.04677 endloop endfacet
facet normal -0.5386 -0.06144 0.8403 outer loop vertex 3.783 1.69 0.12 vertex 3.632 2.012 0.04677 vertex 3.608 1.993 0.03 endloop endfacet
facet normal 0.4918 -0.8361 0.243 outer loop vertex 3.8 1.7 0.12 vertex 3.807 1.709 0.1368 vertex 3.783 1.69 0.12 endloop endfacet
facet normal -0.4918 0.836 -0.2434 outer loop vertex 3.625 2.003 0.03 vertex 3.608 1.993 0.03 vertex 3.632 2.012 0.04677 endloop endfacet
facet normal 0.8678 0.4967 -0.01497 outer loop vertex 3.807 1.709 0.1368 vertex 3.811 1.701 0.1032 vertex 3.636 2.004 0.01323 endloop endfacet
facet normal 0.8678 0.4967 -0.01499 outer loop vertex 3.807 1.709 0.1368 vertex 3.636 2.004 0.01323 vertex 3.632 2.012 0.04677 endloop endfacet
facet normal 0.4693 -0.8448 0.257 outer loop vertex 3.8 1.7 0.12 vertex 3.811 1.701 0.1032 vertex 3.807 1.709 0.1368 endloop endfacet
facet normal -0.4693 0.8447 -0.2574 outer loop vertex 3.625 2.003 0.03 vertex 3.632 2.012 0.04677 vertex 3.636 2.004 0.01323 endloop endfacet
facet normal -0.3294 -0.4386 -0.8361 outer loop vertex 3.811 1.701 0.1032 vertex 3.783 1.69 0.12 vertex 3.608 1.993 0.03 endloop endfacet
facet normal -0.3288 -0.4383 -0.8365 outer loop vertex 3.811 1.701 0.1032 vertex 3.608 1.993 0.03 vertex 3.636 2.004 0.01323 endloop endfacet
facet normal 0.4882 -0.8299 0.2702 outer loop vertex 3.8 1.7 0.12 vertex 3.783 1.69 0.12 vertex 3.811 1.701 0.1032 endloop endfacet
facet normal -0.4881 0.8298 -0.2707 outer loop vertex 3.625 2.003 0.03 vertex 3.636 2.004 0.01323 vertex 3.608 1.993 0.03 endloop endfacet
facet normal 0.3293 -0.4387 0.8361 outer loop vertex 3.817 1.69 0.12 vertex 3.789 1.701 0.1368 vertex 3.614 1.398 0.04677 endloop endfacet
facet normal 0.3288 -0.4384 0.8365 outer loop vertex 3.817 1.69 0.12 vertex 3.614 1.398 0.04677 vertex 3.642 1.387 0.03 endloop endfacet
facet normal 0.4882 0.8299 0.2702 outer loop vertex 3.8 1.7 0.12 vertex 3.789 1.701 0.1368 vertex 3.817 1.69 0.12 endloop endfacet
facet normal -0.4881 -0.8298 -0.2707 outer loop vertex 3.625 1.397 0.03 vertex 3.642 1.387 0.03 vertex 3.614 1.398 0.04677 endloop endfacet
facet normal -0.8678 0.4967 0.01497 outer loop vertex 3.789 1.701 0.1368 vertex 3.793 1.709 0.1032 vertex 3.618 1.406 0.01323 endloop endfacet
facet normal -0.8678 0.4967 0.01499 outer loop vertex 3.789 1.701 0.1368 vertex 3.618 1.406 0.01323 vertex 3.614 1.398 0.04677 endloop endfacet
facet normal 0.4693 0.8448 0.257 outer loop vertex 3.8 1.7 0.12 vertex 3.793 1.709 0.1032 vertex 3.789 1.701 0.1368 endloop endfacet
facet normal -0.4693 -0.8447 -0.2574 outer loop vertex 3.625 1.397 0.03 vertex 3.614 1.398 0.04677 vertex 3.618 1.406 0.01323 endloop endfacet
facet normal 0.5391 -0.06183 -0.84 outer loop vertex 3.793 1.709 0.1032 vertex 3.817 1.69 0.12 vertex 3.642 1.387 0.03 endloop endfacet
facet normal 0.5385 -0.0615 -0.8404 outer loop vertex 3.793 1.709 0.1032 vertex 3.642 1.387 0.03 vertex 3.618 1.406 0.01323 endloop endfacet
facet normal 0.4918 0.8361 0.243 outer loop vertex 3.8 1.7 0.12 vertex 3.817 1.69 0.12 vertex 3.793 1.709 0.1032 endloop endfacet
facet normal -0.4918 -0.836 -0.2434 outer loop vertex 3.625 1.397 0.03 vertex 3.618 1.406 0.01323 vertex 3.642 1.387 0.03 endloop endfacet
facet normal -0.9509 0 0.3093 outer loop vertex -0.7 -0.7 0.85 vertex -0.5663 -0.7 1.261 vertex -0.5663 0.08 1.261 endloop endfacet
facet normal -0.9509 0 0.3093 outer loop vertex -0.7 -0.7 0.85 vertex -0.5663 0.08 1.261 vertex -0.7 0.08 0.85 endloop endfacet
facet normal 0 -1 0 outer loop vertex 0 -0.7 0.85 vertex -0.5663 -0.7 1.261 vertex -0.7 -0.7 0.85 endloop endfacet
facet normal 0 1 0 outer loop vertex 0 0.08 0.85 vertex -0.7 0.08 0.85 vertex -0.5663 0.08 1.261 endloop endfacet
facet normal -0.5889 0 0.8082 outer loop vertex -0.5663 -0.7 1.261 vertex -0.2163 -0.7 1.516 vertex -0.2163 0.08 1.516 endloop endfacet
facet normal -0.5889 0 0.8082 outer loop vertex -0.5663 -0.7 1.261 vertex -0.2163 0.08 1.516 vertex -0.5663 0.08 1.261 endloop endfacet
facet normal 0 -1 0 outer loop vertex 0 -0.7 0.85 vertex -0.2163 -0.7 1.516 vertex -0.5663 -0.7 1.261 endloop endfacet
facet normal 0 1 0 outer loop vertex 0 0.08 0.85 vertex -0.5663 0.08 1.261 vertex -0.2163 0.08 1.516 endloop endfacet
facet normal 0 0 1 outer loop vertex -0.2163 -0.7 1.516 vertex 0.2163 -0.7 1.516 vertex 0.2163 0.08 1.516 endloop endfacet
facet normal 0 0 1 outer loop vertex -0.2163 -0.7 1.516 vertex 0.2163 0.08 1.516 vertex -0.2163 0.08 1.516 endloop endfacet
facet normal 0 -1 0 outer loop vertex 0 -0.7 0.85 vertex 0.2163 -0.7 1.516 vertex -0.2163 -0.7 1.516 endloop endfacet
facet normal 0 1 0 outer loop vertex 0 0.08 0.85 vertex -0.2163 0.08 1.516 vertex 0.2163 0.08 1.516 endloop endfacet
facet normal 0.5889 0 0.8082 outer loop vertex 0.2163 -0.7 1.516 vertex 0.5663 -0.7 1.261 vertex 0.5663 0.08 1.261 endloop endfacet
facet normal 0.5889 0 0.8082 outer loop vertex 0.2163 -0.7 1.516 vertex 0.5663 0.08 1.261 vertex 0.2163 0.08 1.516 endloop endfacet
facet normal 0 -1 0 outer loop vertex 0 -0.7 0.85 vertex 0.5663 -0.7 1.261 vertex 0.2163 -0.7 1.516 endloop endfacet
facet normal 0 1 0 outer loop vertex 0 0.08 0.85 vertex 0.2163 0.08 1.516 vertex 0.5663 0.08 1.261 endloop endfacet
facet normal 0.9509 0 0.3093 outer loop vertex 0.5663 -0.7 1.261 vertex 0.7 -0.7 0.85 vertex 0.7 0.08 0.85 endloop endfacet
facet normal 0.9509 0 0.3093 outer loop vertex 0.5663 -0.7 1.261 vertex 0.7 0.08 0.85 vertex 0.5663 0.08 1.261 endloop endfacet
facet normal 0 -1 0 outer loop vertex 0 -0.7 0.85 vertex 0.7 -0.7 0.85 vertex 0.5663 -0.7 1.261 endloop endfacet
facet normal 0 1 0 outer loop vertex 0 0.08 0.85 vertex 0.5663 0.08 1.261 vertex 0.7 0.08 0.85 endloop endfacet
facet normal 0.951 0 -0.3091 outer loop vertex 0.7 -0.7 0.85 vertex 0.5663 -0.7 0.4386 vertex 0.5663 0.08 0.4386 endloop endfacet
facet normal 0.951 0 -0.3091 outer loop vertex 0.7 -0.7 0.85 vertex 0.5663 0.08 0.4386 vertex 0.7 0.08 0.85 endloop endfacet
facet normal 0 -1 0 outer loop vertex 0 -0.7 0.85 vertex 0.5663 -0.7 0.4386 vertex 0.7 -0.7 0.85 endloop endfacet
facet normal 0 1 0 outer loop vertex 0 0.08 0.85 vertex 0.7 0.08 0.85 vertex 0.5663 0.08 0.4386 endloop endfacet
facet normal 0.5878 0 -0.809 outer loop vertex 0.5663 -0.7 0.4386 vertex 0.2163 -0.7 0.1843 vertex 0.2163 0.08 0.1843 endloop endfacet
facet normal 0.5878 0 -0.809 outer loop vertex 0.5663 -0.7 0.4386 vertex 0.2163 0.08 0.1843 vertex 0.5663 0.08 0.4386 endloop endfacet
facet normal 0 -1 0 outer loop vertex 0 -0.7 0.85 vertex 0.2163 -0.7 0.1843 vertex 0.5663 -0.7 0.4386 endloop endfacet
facet normal 0 1 0 outer loop vertex 0 0.08 0.85 vertex 0.5663 0.08 0.4386 vertex 0.2163 0.08 0.1843 endloop endfacet
facet normal 0 0 -1 outer loop vertex 0.2163 -0.7 0.1843 vertex -0.2163 -0.7 0.1843 vertex -0.2163 0.08 0.1843 endloop endfacet
facet normal 0 0 -1 outer loop vertex 0.2163 -0.7 0.1843 vertex -0.2163 0.08 0.1843 vertex 0.2163 0.08 0.1843 endloop endfacet
facet normal 0 -1 0 outer loop vertex 0 -0.7 0.85 vertex -0.2163 -0.7 0.1843 vertex 0.2163 -0.7 0.1843 endloop endfacet
facet normal 0 1 0 outer loop vertex 0 0.08 0.85 vertex 0.2163 0.08 0.1843 vertex -0.2163 0.08 0.1843 endloop endfacet
facet normal -0.5878 0 -0.809 outer loop vertex -0.2163 -0.7 0.1843 vertex -0.5663 -0.7 0.4386 vertex -0.5663 0.08 0.4386 endloop endfacet
facet normal -0.5878 0 -0.809 outer loop vertex -0.2163 -0.7 0.1843 vertex -0.5663 0.08 0.4386 vertex -0.2163 0.08 0.1843 endloop endfacet
facet normal 0 -1 0 outer loop vertex 0 -0.7 0.85 vertex -0.5663 -0.7 0.4386 vertex -0.2163 -0.7 0.1843 endloop endfacet
facet normal 0 1 0 outer loop vertex 0 0.08 0.85 vertex -0.2163 0.08 0.1843 vertex -0.5663 0.08 0.4386 endloop endfacet
facet normal -0.951 0 -0.3091 outer loop vertex -0.5663 -0.7 0.4386 vertex -0.7 -0.7 0.85 vertex -0.7 0.08 0.85 endloop endfacet
facet normal -0.951 0 -0.3091 outer loop vertex -0.5663 -0.7 0.4386 vertex -0.7 0.08 0.85 vertex -0.5663 0.08 0.4386 endloop endfacet
facet normal 0 -1 0 outer loop vertex 0 -0.7 0.85 vertex -0.7 -0.7 0.85 vertex -0.5663 -0.7 0.4386 endloop endfacet
facet normal 0 1 0 outer loop vertex 0 0.08 0.85 vertex -0.5663 0.08 0.4386 vertex -0.7 0.08 0.85 endloop endfacet
facet normal -0.951 0 0.3091 outer loop vertex -0.72 0.08 0.85 vertex -0.5825 0.08 1.273 vertex -0.5825 0.11 1.273 endloop endfacet
facet normal -0.951 0 0.3091 outer loop vertex -0.72 0.08 0.85 vertex -0.5825 0.11 1.273 vertex -0.72 0.11 0.85 endloop endfacet
facet normal 0 -1 0 outer loop vertex 0 0.08 0.85 vertex -0.5825 0.08 1.273 vertex -0.72 0.08 0.85 endloop endfacet
facet normal 0 1 0 outer loop vertex 0 0.11 0.85 vertex -0.72 0.11 0.85 vertex -0.5825 0.11 1.273 endloop endfacet
facet normal -0.5884 0 0.8085 outer loop vertex -0.5825 0.08 1.273 vertex -0.2225 0.08 1.535 vertex -0.2225 0.11 1.535 endloop endfacet
facet normal -0.5884 0 0.8085 outer loop vertex -0.5825 0.08 1.273 vertex -0.2225 0.11 1.535 vertex -0.5825 0.11 1.273 endloop endfacet
facet normal 0 -1 0 outer loop vertex 0 0.08 0.85 vertex -0.2225 0.08 1.535 vertex -0.5825 0.08 1.273 endloop endfacet
facet normal 0 1 0 outer loop vertex 0 0.11 0.85 vertex -0.5825 0.11 1.273 vertex -0.2225 0.11 1.535 endloop endfacet
facet normal 0 0 1 outer loop vertex -0.2225 0.08 1.535 vertex 0.2225 0.08 1.535 vertex 0.2225 0.11 1.535 endloop endfacet
facet normal 0 0 1 outer loop vertex -0.2225 0.08 1.535 vertex 0.2225 0.11 1.535 vertex -0.2225 0.11 1.535 endloop endfacet
facet normal 0 -1 0 outer loop vertex 0 0.08 0.85 vertex 0.2225 0.08 1.535 vertex -0.2225 0.08 1.535 endloop endfacet
facet normal 0 1 0 outer loop vertex 0 0.11 0.85 vertex -0.2225 0.11 1.535 vertex 0.2225 0.11 1.535 endloop endfacet
facet normal 0.5884 0 0.8085 outer loop vertex 0.2225 0.08 1.535 vertex 0.5825 0.08 1.273 vertex 0.5825 0.11 1.273 endloop endfacet
facet normal 0.5884 0 0.8085 outer loop vertex 0.2225 0.08 1.535 vertex 0.5825 0.11 1.273 vertex 0.2225 0.11 1.535 endloop endfacet
facet normal 0 -1 0 outer loop vertex 0 0.08 0.85 vertex 0.5825 0.08 1.273 vertex 0.2225 0.08 1.535 endloop endfacet
facet normal 0 1 0 outer loop vertex 0 0.11 0.85 vertex 0.2225 0.11 1.535 vertex 0.5825 0.11 1.273 endloop endfacet
facet normal 0.951 0 0.3091 outer loop vertex 0.5825 0.08 1.273 vertex 0.72 0.08 0.85 vertex 0.72 0.11 0.85 endloop endfacet
facet normal 0.951 0 0.3091 outer loop vertex 0.5825 0.08 1.273 vertex 0.72 0.11 0.85 vertex 0.5825 0.11 1.273 endloop endfacet
facet normal 0 -1 0 outer loop vertex 0 0.08 0.85 vertex 0.72 0.08 0.85 vertex 0.5825 0.08 1.273 endloop endfacet
facet normal 0 1 0 outer loop vertex 0 0.11 0.85 vertex 0.5825 0.11 1.273 vertex 0.72 0.11 0.85 endloop endfacet
facet normal 0.9511 0 -0.309 outer loop vertex 0.72 0.08 0.85 vertex 0.5825 0.08 0.4268 vertex 0.5825 0.11 0.4268 endloop endfacet
facet normal 0.9511 0 -0.309 outer loop vertex 0.72 0.08 0.85 vertex 0.5825 0.11 0.4268 vertex 0.72 0.11 0.85 endloop endfacet
facet normal 0 -1 0 outer loop vertex 0 0.08 0.85 vertex 0.5825 0.08 0.4268 vertex 0.72 0.08 0.85 endloop endfacet
facet normal 0 1 0 outer loop vertex 0 0.11 0.85 vertex 0.72 0.11 0.85 vertex 0.5825 0.11 0.4268 endloop endfacet
facet normal 0.5879 0 -0.809 outer loop vertex 0.5825 0.08 0.4268 vertex 0.2225 0.08 0.1652 vertex 0.2225 0.11 0.1652 endloop endfacet
facet normal 0.5879 0 -0.809 outer loop vertex 0.5825 0.08 0.4268 vertex 0.2225 0.11 0.1652 vertex 0.5825 0.11 0.4268 endloop endfacet
facet normal 0 -1 0 outer loop vertex 0 0.08 0.85 vertex 0.2225 0.08 0.1652 vertex 0.5825 0.08 0.4268 endloop endfacet
facet normal 0 1 0 outer loop vertex 0 0.11 0.85 vertex 0.5825 0.11 0.4268 vertex 0.2225 0.11 0.1652 endloop endfacet
facet normal 0 0 -1 outer loop vertex 0.2225 0.08 0.1652 vertex -0.2225 0.08 0.1652 vertex -0.2225 0.11 0.1652 endloop endfacet
facet normal 0 0 -1 outer loop vertex 0.2225 0.08 0.1652 vertex -0.2225 0.11 0.1652 vertex 0.2225 0.11 0.1652 endloop endfacet
facet normal 0 -1 0 outer loop vertex 0 0.08 0.85 vertex -0.2225 0.08 0.1652 vertex 0.2225 0.08 0.1652 endloop endfacet
facet normal 0 1 0 outer loop vertex 0 0.11 0.85 vertex 0.2225 0.11 0.1652 vertex -0.2225 0.11 0.1652 endloop endfacet
facet normal -0.5879 0 -0.809 outer loop vertex -0.2225 0.08 0.1652 vertex -0.5825 0.08 0.4268 vertex -0.5825 0.11 0.4268 endloop endfacet
facet normal -0.5879 0 -0.809 outer loop vertex -0.2225 0.08 0.1652 vertex -0.5825 0.11 0.4268 vertex -0.2225 0.11 0.1652 endloop endfacet
facet normal 0 -1 0 outer loop vertex 0 0.08 0.85 vertex -0.5825 0.08 0.4268 vertex -0.2225 0.08 0.1652 endloop endfacet
facet normal 0 1 0 outer loop vertex 0 0.11 0.85 vertex -0.2225 0.11 0.1652 vertex -0.5825 0.11 0.4268 endloop endfacet
facet normal -0.9511 0 -0.309 outer loop vertex -0.5825 0.08 0.4268 vertex -0.72 0.08 0.85 vertex -0.72 0.11 0.85 endloop endfacet
facet normal -0.9511 0 -0.309 outer loop vertex -0.5825 0.08 0.4268 vertex -0.72 0.11 0.85 vertex -0.5825 0.11 0.4268 endloop endfacet
facet normal 0 -1 0 outer loop vertex 0 0.08 0.85 vertex -0.72 0.08 0.85 vertex -0.5825 0.08 0.4268 endloop endfacet
facet normal 0 1 0 outer loop vertex 0 0.11 0.85 vertex -0.5825 0.11 0.4268 vertex -0.72 0.11 0.85 endloop endfacet
facet normal 0 0 -1 outer loop vertex 0.11 0.65 0.07 vertex 0.25 0.27 0.07 vertex 0.11 0.27 0.07 endloop endfacet
facet normal 0 0 1 outer loop vertex 0.11 0.65 0.17 vertex 0.11 0.27 0.17 vertex 0.25 0.27 0.17 endloop endfacet
facet normal 0 0 -1 outer loop vertex 0.25 0.27 0.07 vertex 0.11 0.65 0.07 vertex 0.25 0.65 0.07 endloop endfacet
facet normal 0 0 1 outer loop vertex 0.25 0.27 0.17 vertex 0.25 0.65 0.17 vertex 0.11 0.65 0.17 endloop endfacet
facet normal 0 -1 0 outer loop vertex 0.11 0.27 0.07 vertex 0.25 0.27 0.07 vertex 0.25 0.27 0.17 endloop endfacet
facet normal 0 -1 0 outer loop vertex 0.11 0.27 0.07 vertex 0.25 0.27 0.17 vertex 0.11 0.27 0.17 endloop endfacet
facet normal 1 0 0 outer loop vertex 0.25 0.27 0.07 vertex 0.25 0.65 0.07 vertex 0.25 0.65 0.17 endloop endfacet
facet normal 1 0 0 outer loop vertex 0.25 0.27 0.07 vertex 0.25 0.65 0.17 vertex 0.25 0.27 0.17 endloop endfacet
facet normal 0 1 0 outer loop vertex 0.25 0.65 0.07 vertex 0.11 0.65 0.07 vertex 0.11 0.65 0.17 endloop endfacet
facet normal 0 1 0 outer loop vertex 0.25 0.65 0.07 vertex 0.11 0.65 0.17 vertex 0.25 0.65 0.17 endloop endfacet
facet normal -1 0 0 outer loop vertex 0.11 0.65 0.07 vertex 0.11 0.27 0.07 vertex 0.11 0.27 0.17 endloop endfacet
facet normal -1 0 0 outer loop vertex 0.11 0.65 0.07 vertex 0.11 0.27 0.17 vertex 0.11 0.65 0.17 endloop endfacet
facet normal 0.9239 0.3827 0 outer loop vertex -0.21 -0.58 1.5 vertex -0.3008 -0.3608 1.5 vertex -0.3008 -0.3608 1.9 endloop endfacet
facet normal 0.9239 0.3827 0 outer loop vertex -0.21 -0.58 1.5 vertex -0.3008 -0.3608 1.9 vertex -0.21 -0.58 1.9 endloop endfacet
facet normal 0 0 -1 outer loop vertex -0.52 -0.58 1.5 vertex -0.3008 -0.3608 1.5 vertex -0.21 -0.58 1.5 endloop endfacet
facet normal 0 0 1 outer loop vertex -0.52 -0.58 1.9 vertex -0.21 -0.58 1.9 vertex -0.3008 -0.3608 1.9 endloop endfacet
facet normal 0.3827 0.9239 0 outer loop vertex -0.3008 -0.3608 1.5 vertex -0.52 -0.27 1.5 vertex -0.52 -0.27 1.9 endloop endfacet
facet normal 0.3827 0.9239 0 outer loop vertex -0.3008 -0.3608 1.5 vertex -0.52 -0.27 1.9 vertex -0.3008 -0.3608 1.9 endloop endfacet
facet normal 0 0 -1 outer loop vertex -0.52 -0.58 1.5 vertex -0.52 -0.27 1.5 vertex -0.3008 -0.3608 1.5 endloop endfacet
facet normal 0 0 1 outer loop vertex -0.52 -0.58 1.9 vertex -0.3008 -0.3608 1.9 vertex -0.52 -0.27 1.9 endloop endfacet
facet normal -0.3827 0.9239 0 outer loop vertex -0.52 -0.27 1.5 vertex -0.7392 -0.3608 1.5 vertex -0.7392 -0.3608 1.9 endloop endfacet
facet normal -0.3827 0.9239 0 outer loop vertex -0.52 -0.27 1.5 vertex -0.7392 -0.3608 1.9 vertex -0.52 -0.27 1.9 endloop endfacet
facet normal 0 0 -1 outer loop vertex -0.52 -0.58 1.5 vertex -0.7392 -0.3608 1.5 vertex -0.52 -0.27 1.5 endloop endfacet
facet normal 0 0 1 outer loop vertex -0.52 -0.58 1.9 vertex -0.52 -0.27 1.9 vertex -0.7392 -0.3608 1.9 endloop endfacet
facet normal -0.9239 0.3827 0 outer loop vertex -0.7392 -0.3608 1.5 vertex -0.83 -0.58 1.5 vertex -0.83 -0.58 1.9 endloop endfacet
facet normal -0.9239 0.3827 0 outer loop vertex -0.7392 -0.3608 1.5 vertex -0.83 -0.58 1.9 vertex -0.7392 -0.3608 1.9 endloop endfacet
facet normal 0 0 -1 outer loop vertex -0.52 -0.58 1.5 vertex -0.83 -0.58 1.5 vertex -0.7392 -0.3608 1.5 endloop endfacet
facet normal 0 0 1 outer loop vertex -0.52 -0.58 1.9 vertex -0.7392 -0.3608 1.9 vertex -0.83 -0.58 1.9 endloop endfacet
facet normal -0.9239 -0.3827 0 outer loop vertex -0.83 -0.58 1.5 vertex -0.7392 -0.7992 1.5 vertex -0.7392 -0.7992 1.9 endloop endfacet
facet normal -0.9239 -0.3827 0 outer loop vertex -0.83 -0.58 1.5 vertex -0.7392 -0.7992 1.9 vertex -0.83 -0.58 1.9 endloop endfacet
facet normal 0 0 -1 outer loop vertex -0.52 -0.58 1.5 vertex -0.7392 -0.7992 1.5 vertex -0.83 -0.58 1.5 endloop endfacet
facet normal 0 0 1 outer loop vertex -0.52 -0.58 1.9 vertex -0.83 -0.58 1.9 vertex -0.7392 -0.7992 1.9 endloop endfacet
facet normal -0.3827 -0.9239 0 outer loop vertex -0.7392 -0.7992 1.5 vertex -0.52 -0.89 1.5 vertex -0.52 -0.89 1.9 endloop endfacet
facet normal -0.3827 -0.9239 0 outer loop vertex -0.7392 -0.7992 1.5 vertex -0.52 -0.89 1.9 vertex -0.7392 -0.7992 1.9 endloop endfacet
facet normal 0 0 -1 outer loop vertex -0.52 -0.58 1.5 vertex -0.52 -0.89 1.5 vertex -0.7392 -0.7992 1.5 endloop endfacet
facet normal 0 0 1 outer loop vertex -0.52 -0.58 1.9 vertex -0.7392 -0.7992 1.9 vertex -0.52 -0.89 1.9 endloop endfacet
facet normal 0.3827 -0.9239 0 outer loop vertex -0.52 -0.89 1.5 vertex -0.3008 -0.7992 1.5 vertex -0.3008 -0.7992 1.9 endloop endfacet
facet normal 0.3827 -0.9239 0 outer loop vertex -0.52 -0.89 1.5 vertex -0.3008 -0.7992 1.9 vertex -0.52 -0.89 1.9 endloop endfacet
facet normal 0 0 -1 outer loop vertex -0.52 -0.58 1.5 vertex -0.3008 -0.7992 1.5 vertex -0.52 -0.89 1.5 endloop endfacet
facet normal 0 0 1 outer loop vertex -0.52 -0.58 1.9 vertex -0.52 -0.89 1.9 vertex -0.3008 -0.7992 1.9 endloop endfacet
facet normal 0.9239 -0.3827 0 outer loop vertex -0.3008 -0.7992 1.5 vertex -0.21 -0.58 1.5 vertex -0.21 -0.58 1.9 endloop endfacet
facet normal 0.9239 -0.3827 0 outer loop vertex -0.3008 -0.7992 1.5 vertex -0.21 -0.58 1.9 vertex -0.3008 -0.7992 1.9 endloop endfacet
facet normal 0 0 -1 outer loop vertex -0.52 -0.58 1.5 vertex -0.21 -0.58 1.5 vertex -0.3008 -0.7992 1.5 endloop endfacet
facet normal 0 0 1 outer loop vertex -0.52 -0.58 1.9 vertex -0.3008 -0.7992 1.9 vertex -0.21 -0.58 1.9 endloop endfacet
facet normal 0.9239 0.3826 0 outer loop vertex -0.185 -0.58 1.9 vertex -0.2831 -0.3431 1.9 vertex -0.2831 -0.3431 1.94 endloop endfacet
facet normal 0.9239 0.3826 0 outer loop vertex -0.185 -0.58 1.9 vertex -0.2831 -0.3431 1.94 vertex -0.185 -0.58 1.94 endloop endfacet
facet normal 0 0 -1 outer loop vertex -0.52 -0.58 1.9 vertex -0.2831 -0.3431 1.9 vertex -0.185 -0.58 1.9 endloop endfacet
facet normal 0 0 1 outer loop vertex -0.52 -0.58 1.94 vertex -0.185 -0.58 1.94 vertex -0.2831 -0.3431 1.94 endloop endfacet
facet normal 0.3826 0.9239 0 outer loop vertex -0.2831 -0.3431 1.9 vertex -0.52 -0.245 1.9 vertex -0.52 -0.245 1.94 endloop endfacet
facet normal 0.3826 0.9239 0 outer loop vertex -0.2831 -0.3431 1.9 vertex -0.52 -0.245 1.94 vertex -0.2831 -0.3431 1.94 endloop endfacet
facet normal 0 0 -1 outer loop vertex -0.52 -0.58 1.9 vertex -0.52 -0.245 1.9 vertex -0.2831 -0.3431 1.9 endloop endfacet
facet normal 0 0 1 outer loop vertex -0.52 -0.58 1.94 vertex -0.2831 -0.3431 1.94 vertex -0.52 -0.245 1.94 endloop endfacet
facet normal -0.3826 0.9239 0 outer loop vertex -0.52 -0.245 1.9 vertex -0.7569 -0.3431 1.9 vertex -0.7569 -0.3431 1.94 endloop endfacet
facet normal -0.3826 0.9239 0 outer loop vertex -0.52 -0.245 1.9 vertex -0.7569 -0.3431 1.94 vertex -0.52 -0.245 1.94 endloop endfacet
facet normal 0 0 -1 outer loop vertex -0.52 -0.58 1.9 vertex -0.7569 -0.3431 1.9 vertex -0.52 -0.245 1.9 endloop endfacet
facet normal 0 0 1 outer loop vertex -0.52 -0.58 1.94 vertex -0.52 -0.245 1.94 vertex -0.7569 -0.3431 1.94 endloop endfacet
facet normal -0.9239 0.3826 0 outer loop vertex -0.7569 -0.3431 1.9 vertex -0.855 -0.58 1.9 vertex -0.855 -0.58 1.94 endloop endfacet
facet normal -0.9239 0.3826 0 outer loop vertex -0.7569 -0.3431 1.9 vertex -0.855 -0.58 1.94 vertex -0.7569 -0.3431 1.94 endloop endfacet
facet normal 0 0 -1 outer loop vertex -0.52 -0.58 1.9 vertex -0.855 -0.58 1.9 vertex -0.7569 -0.3431 1.9 endloop endfacet
facet normal 0 0 1 outer loop vertex -0.52 -0.58 1.94 vertex -0.7569 -0.3431 1.94 vertex -0.855 -0.58 1.94 endloop endfacet
facet normal -0.9239 -0.3826 0 outer loop vertex -0.855 -0.58 1.9 vertex -0.7569 -0.8169 1.9 vertex -0.7569 -0.8169 1.94 endloop endfacet
facet normal -0.9239 -0.3826 0 outer loop vertex -0.855 -0.58 1.9 vertex -0.7569 -0.8169 1.94 vertex -0.855 -0.58 1.94 endloop endfacet
facet normal 0 0 -1 outer loop vertex -0.52 -0.58 1.9 vertex -0.7569 -0.8169 1.9 vertex -0.855 -0.58 1.9 endloop endfacet
facet normal 0 0 1 outer loop vertex -0.52 -0.58 1.94 vertex -0.855 -0.58 1.94 vertex -0.7569 -0.8169 1.94 endloop endfacet
facet normal -0.3826 -0.9239 0 outer loop vertex -0.7569 -0.8169 1.9 vertex -0.52 -0.915 1.9 vertex -0.52 -0.915 1.94 endloop endfacet
facet normal -0.3826 -0.9239 0 outer loop vertex -0.7569 -0.8169 1.9 vertex -0.52 -0.915 1.94 vertex -0.7569 -0.8169 1.94 endloop endfacet
facet normal 0 0 -1 outer loop vertex -0.52 -0.58 1.9 vertex -0.52 -0.915 1.9 vertex -0.7569 -0.8169 1.9 endloop endfacet
facet normal 0 0 1 outer loop vertex -0.52 -0.58 1.94 vertex -0.7569 -0.8169 1.94 vertex -0.52 -0.915 1.94 endloop endfacet
facet normal 0.3826 -0.9239 0 outer loop vertex -0.52 -0.915 1.9 vertex -0.2831 -0.8169 1.9 vertex -0.2831 -0.8169 1.94 endloop endfacet
facet normal 0.3826 -0.9239 0 outer loop vertex -0.52 -0.915 1.9 vertex -0.2831 -0.8169 1.94 vertex -0.52 -0.915 1.94 endloop endfacet
facet normal 0 0 -1 outer loop vertex -0.52 -0.58 1.9 vertex -0.2831 -0.8169 1.9 vertex -0.52 -0.915 1.9 endloop endfacet
facet normal 0 0 1 outer loop vertex -0.52 -0.58 1.94 vertex -0.52 -0.915 1.94 vertex -0.2831 -0.8169 1.94 endloop endfacet
facet normal 0.9239 -0.3826 0 outer loop vertex -0.2831 -0.8169 1.9 vertex -0.185 -0.58 1.9 vertex -0.185 -0.58 1.94 endloop endfacet
facet normal 0.9239 -0.3826 0 outer loop vertex -0.2831 -0.8169 1.9 vertex -0.185 -0.58 1.94 vertex -0.2831 -0.8169 1.94 endloop endfacet
facet normal 0 0 -1 outer loop vertex -0.52 -0.58 1.9 vertex -0.185 -0.58 1.9 vertex -0.2831 -0.8169 1.9 endloop endfacet
facet normal 0 0 1 outer loop vertex -0.52 -0.58 1.94 vertex -0.2831 -0.8169 1.94 vertex -0.185 -0.58 1.94 endloop endfacet
facet normal 0.7071 0.7071 0 outer loop vertex -0.49 -0.58 0.2 vertex -0.52 -0.55 0.2 vertex -0.52 -0.55 1.5 endloop endfacet
facet normal 0.7071 0.7071 0 outer loop vertex -0.49 -0.58 0.2 vertex -0.52 -0.55 1.5 vertex -0.49 -0.58 1.5 endloop endfacet
facet normal 0 0 -1 outer loop vertex -0.52 -0.58 0.2 vertex -0.52 -0.55 0.2 vertex -0.49 -0.58 0.2 endloop endfacet
facet normal 0 0 1 outer loop vertex -0.52 -0.58 1.5 vertex -0.49 -0.58 1.5 vertex -0.52 -0.55 1.5 endloop endfacet
facet normal -0.7071 0.7071 0 outer loop vertex -0.52 -0.55 0.2 vertex -0.55 -0.58 0.2 vertex -0.55 -0.58 1.5 endloop endfacet
facet normal -0.7071 0.7071 0 outer loop vertex -0.52 -0.55 0.2 vertex -0.55 -0.58 1.5 vertex -0.52 -0.55 1.5 endloop endfacet
facet normal 0 0 -1 outer loop vertex -0.52 -0.58 0.2 vertex -0.55 -0.58 0.2 vertex -0.52 -0.55 0.2 endloop endfacet
facet normal 0 0 1 outer loop vertex -0.52 -0.58 1.5 vertex -0.52 -0.55 1.5 vertex -0.55 -0.58 1.5 endloop endfacet
facet normal -0.7071 -0.7071 0 outer loop vertex -0.55 -0.58 0.2 vertex -0.52 -0.61 0.2 vertex -0.52 -0.61 1.5 endloop endfacet
facet normal -0.7071 -0.7071 0 outer loop vertex -0.55 -0.58 0.2 vertex -0.52 -0.61 1.5 vertex -0.55 -0.58 1.5 endloop endfacet
facet normal 0 0 -1 outer loop vertex -0.52 -0.58 0.2 vertex -0.52 -0.61 0.2 vertex -0.55 -0.58 0.2 endloop endfacet
facet normal 0 0 1 outer loop vertex -0.52 -0.58 1.5 vertex -0.55 -0.58 1.5 vertex -0.52 -0.61 1.5 endloop endfacet
facet normal 0.7071 -0.7071 0 outer loop vertex -0.52 -0.61 0.2 vertex -0.49 -0.58 0.2 vertex -0.49 -0.58 1.5 endloop endfacet
facet normal 0.7071 -0.7071 0 outer loop vertex -0.52 -0.61 0.2 vertex -0.49 -0.58 1.5 vertex -0.52 -0.61 1.5 endloop endfacet
facet normal 0 0 -1 outer loop vertex -0.52 -0.58 0.2 vertex -0.49 -0.58 0.2 vertex -0.52 -0.61 0.2 endloop endfacet
facet normal 0 0 1 outer loop vertex -0.52 -0.58 1.5 vertex -0.52 -0.61 1.5 vertex -0.49 -0.58 1.5 endloop endfacet
facet normal 0.9239 0.3827 0 outer loop vertex 0.83 -0.58 1.5 vertex 0.7392 -0.3608 1.5 vertex 0.7392 -0.3608 1.9 endloop endfacet
facet normal 0.9239 0.3827 0 outer loop vertex 0.83 -0.58 1.5 vertex 0.7392 -0.3608 1.9 vertex 0.83 -0.58 1.9 endloop endfacet
facet normal 0 0 -1 outer loop vertex 0.52 -0.58 1.5 vertex 0.7392 -0.3608 1.5 vertex 0.83 -0.58 1.5 endloop endfacet
facet normal 0 0 1 outer loop vertex 0.52 -0.58 1.9 vertex 0.83 -0.58 1.9 vertex 0.7392 -0.3608 1.9 endloop endfacet
facet normal 0.3827 0.9239 0 outer loop vertex 0.7392 -0.3608 1.5 vertex 0.52 -0.27 1.5 vertex 0.52 -0.27 1.9 endloop endfacet
facet normal 0.3827 0.9239 0 outer loop vertex 0.7392 -0.3608 1.5 vertex 0.52 -0.27 1.9 vertex 0.7392 -0.3608 1.9 endloop endfacet
facet normal 0 0 -1 outer loop vertex 0.52 -0.58 1.5 vertex 0.52 -0.27 1.5 vertex 0.7392 -0.3608 1.5 endloop endfacet
facet normal 0 0 1 outer loop vertex 0.52 -0.58 1.9 vertex 0.7392 -0.3608 1.9 vertex 0.52 -0.27 1.9 endloop endfacet
facet normal -0.3827 0.9239 0 outer loop vertex 0.52 -0.27 1.5 vertex 0.3008 -0.3608 1.5 vertex 0.3008 -0.3608 1.9 endloop endfacet
facet normal -0.3827 0.9239 0 outer loop vertex 0.52 -0.27 1.5 vertex 0.3008 -0.3608 1.9 vertex 0.52 -0.27 1.9 endloop endfacet
facet normal 0 0 -1 outer loop vertex 0.52 -0.58 1.5 vertex 0.3008 -0.3608 1.5 vertex 0.52 -0.27 1.5 endloop endfacet
facet normal 0 0 1 outer loop vertex 0.52 -0.58 1.9 vertex 0.52 -0.27 1.9 vertex 0.3008 -0.3608 1.9 endloop endfacet
facet normal -0.9239 0.3827 0 outer loop vertex 0.3008 -0.3608 1.5 vertex 0.21 -0.58 1.5 vertex 0.21 -0.58 1.9 endloop endfacet
facet normal -0.9239 0.3827 0 outer loop vertex 0.3008 -0.3608 1.5 vertex 0.21 -0.58 1.9 vertex 0.3008 -0.3608 1.9 endloop endfacet
facet normal 0 0 -1 outer loop vertex 0.52 -0.58 1.5 vertex 0.21 -0.58 1.5 vertex 0.3008 -0.3608 1.5 endloop endfacet
facet normal 0 0 1 outer loop vertex 0.52 -0.58 1.9 vertex 0.3008 -0.3608 1.9 vertex 0.21 -0.58 1.9 endloop endfacet
facet normal -0.9239 -0.3827 0 outer loop vertex 0.21 -0.58 1.5 vertex 0.3008 -0.7992 1.5 vertex 0.3008 -0.7992 1.9 endloop endfacet
facet normal -0.9239 -0.3827 0 outer loop vertex 0.21 -0.58 1.5 vertex 0.3008 -0.7992 1.9 vertex 0.21 -0.58 1.9 endloop endfacet
facet normal 0 0 -1 outer loop vertex 0.52 -0.58 1.5 vertex 0.3008 -0.7992 1.5 vertex 0.21 -0.58 1.5 endloop endfacet
facet normal 0 0 1 outer loop vertex 0.52 -0.58 1.9 vertex 0.21 -0.58 1.9 vertex 0.3008 -0.7992 1.9 endloop endfacet
facet normal -0.3827 -0.9239 0 outer loop vertex 0.3008 -0.7992 1.5 vertex 0.52 -0.89 1.5 vertex 0.52 -0.89 1.9 endloop endfacet
facet normal -0.3827 -0.9239 0 outer loop vertex 0.3008 -0.7992 1.5 vertex 0.52 -0.89 1.9 vertex 0.3008 -0.7992 1.9 endloop endfacet
facet normal 0 0 -1 outer loop vertex 0.52 -0.58 1.5 vertex 0.52 -0.89 1.5 vertex 0.3008 -0.7992 1.5 endloop endfacet
facet normal 0 0 1 outer loop vertex 0.52 -0.58 1.9 vertex 0.3008 -0.7992 1.9 vertex 0.52 -0.89 1.9 endloop endfacet
facet normal 0.3827 -0.9239 0 outer loop vertex 0.52 -0.89 1.5 vertex 0.7392 -0.7992 1.5 vertex 0.7392 -0.7992 1.9 endloop endfacet
facet normal 0.3827 -0.9239 0 outer loop vertex 0.52 -0.89 1.5 vertex 0.7392 -0.7992 1.9 vertex 0.52 -0.89 1.9 endloop endfacet
facet normal 0 0 -1 outer loop vertex 0.52 -0.58 1.5 vertex 0.7392 -0.7992 1.5 vertex 0.52 -0.89 1.5 endloop endfacet
facet normal 0 0 1 outer loop vertex 0.52 -0.58 1.9 vertex 0.52 -0.89 1.9 vertex 0.7392 -0.7992 1.9 endloop endfacet
facet normal 0.9239 -0.3827 0 outer loop vertex 0.7392 -0.7992 1.5 vertex 0.83 -0.58 1.5 vertex 0.83 -0.58 1.9 endloop endfacet
facet normal 0.9239 -0.3827 0 outer loop vertex 0.7392 -0.7992 1.5 vertex 0.83 -0.58 1.9 vertex 0.7392 -0.7992 1.9 endloop endfacet
facet normal 0 0 -1 outer loop vertex 0.52 -0.58 1.5 vertex 0.83 -0.58 1.5 vertex 0.7392 -0.7992 1.5 endloop endfacet
facet normal 0 0 1 outer loop vertex 0.52 -0.58 1.9 vertex 0.7392 -0.7992 1.9 vertex 0.83 -0.58 1.9 endloop endfacet
facet normal 0.9239 0.3826 0 outer loop vertex 0.855 -0.58 1.9 vertex 0.7569 -0.3431 1.9 vertex 0.7569 -0.3431 1.94 endloop endfacet
facet normal 0.9239 0.3826 0 outer loop vertex 0.855 -0.58 1.9 vertex 0.7569 -0.3431 1.94 vertex 0.855 -0.58 1.94 endloop endfacet
facet normal 0 0 -1 outer loop vertex 0.52 -0.58 1.9 vertex 0.7569 -0.3431 1.9 vertex 0.855 -0.58 1.9 endloop endfacet
facet normal 0 0 1 outer loop vertex 0.52 -0.58 1.94 vertex 0.855 -0.58 1.94 vertex 0.7569 -0.3431 1.94 endloop endfacet
facet normal 0.3826 0.9239 0 outer loop vertex 0.7569 -0.3431 1.9 vertex 0.52 -0.245 1.9 vertex 0.52 -0.245 1.94 endloop endfacet
facet normal 0.3826 0.9239 0 outer loop vertex 0.7569 -0.3431 1.9 vertex 0.52 -0.245 1.94 vertex 0.7569 -0.3431 1.94 endloop endfacet
facet normal 0 0 -1 outer loop vertex 0.52 -0.58 1.9 vertex 0.52 -0.245 1.9 vertex 0.7569 -0.3431 1.9 endloop endfacet
facet normal 0 0 1 outer loop vertex 0.52 -0.58 1.94 vertex 0.7569 -0.3431 1.94 vertex 0.52 -0.245 1.94 endloop endfacet
facet normal -0.3826 0.9239 0 outer loop vertex 0.52 -0.245 1.9 vertex 0.2831 -0.3431 1.9 vertex 0.2831 -0.3431 1.94 endloop endfacet
facet normal -0.3826 0.9239 0 outer loop vertex 0.52 -0.245 1.9 vertex 0.2831 -0.3431 1.94 vertex 0.52 -0.245 1.94 endloop endfacet
facet normal 0 0 -1 outer loop vertex 0.52 -0.58 1.9 vertex 0.2831 -0.3431 1.9 vertex 0.52 -0.245 1.9 endloop endfacet
facet normal 0 0 1 outer loop vertex 0.52 -0.58 1.94 vertex 0.52 -0.245 1.94 vertex 0.2831 -0.3431 1.94 endloop endfacet
facet normal -0.9239 0.3826 0 outer loop vertex 0.2831 -0.3431 1.9 vertex 0.185 -0.58 1.9 vertex 0.185 -0.58 1.94 endloop endfacet
facet normal -0.9239 0.3826 0 outer loop vertex 0.2831 -0.3431 1.9 vertex 0.185 -0.58 1.94 vertex 0.2831 -0.3431 1.94 endloop endfacet
facet normal 0 0 -1 outer loop vertex 0.52 -0.58 1.9 vertex 0.185 -0.58 1.9 vertex 0.2831 -0.3431 1.9 endloop endfacet
facet normal 0 0 1 outer loop vertex 0.52 -0.58 1.94 vertex 0.2831 -0.3431 1.94 vertex 0.185 -0.58 1.94 endloop endfacet
facet normal -0.9239 -0.3826 0 outer loop vertex 0.185 -0.58 1.9 vertex 0.2831 -0.8169 1.9 vertex 0.2831 -0.8169 1.94 endloop endfacet
facet normal -0.9239 -0.3826 0 outer loop vertex 0.185 -0.58 1.9 vertex 0.2831 -0.8169 1.94 vertex 0.185 -0.58 1.94 endloop endfacet
facet normal 0 0 -1 outer loop vertex 0.52 -0.58 1.9 vertex 0.2831 -0.8169 1.9 vertex 0.185 -0.58 1.9 endloop endfacet
facet normal 0 0 1 outer loop vertex 0.52 -0.58 1.94 vertex 0.185 -0.58 1.94 vertex 0.2831 -0.8169 1.94 endloop endfacet
facet normal -0.3826 -0.9239 0 outer loop vertex 0.2831 -0.8169 1.9 vertex 0.52 -0.915 1.9 vertex 0.52 -0.915 1.94 endloop endfacet
facet normal -0.3826 -0.9239 0 outer loop vertex 0.2831 -0.8169 1.9 vertex 0.52 -0.915 1.94 vertex 0.2831 -0.8169 1.94 endloop endfacet
facet normal 0 0 -1 outer loop vertex 0.52 -0.58 1.9 vertex 0.52 -0.915 1.9 vertex 0.2831 -0.8169 1.9 endloop endfacet
facet normal 0 0 1 outer loop vertex 0.52 -0.58 1.94 vertex 0.2831 -0.8169 1.94 vertex 0.52 -0.915 1.94 endloop endfacet
facet normal 0.3826 -0.9239 0 outer loop vertex 0.52 -0.915 1.9 vertex 0.7569 -0.8169 1.9 vertex 0.7569 -0.8169 1.94 endloop endfacet
facet normal 0.3826 -0.9239 0 outer loop vertex 0.52 -0.915 1.9 vertex 0.7569 -0.8169 1.94 vertex 0.52 -0.915 1.94 endloop endfacet
facet normal 0 0 -1 outer loop vertex 0.52 -0.58 1.9 vertex 0.7569 -0.8169 1.9 vertex 0.52 -0.915 1.9 endloop endfacet
facet normal 0 0 1 outer loop vertex 0.52 -0.58 1.94 vertex 0.52 -0.915 1.94 vertex 0.7569 -0.8169 1.94 endloop endfacet
facet normal 0.9239 -0.3826 0 outer loop vertex 0.7569 -0.8169 1.9 vertex 0.855 -0.58 1.9 vertex 0.855 -0.58 1.94 endloop endfacet
facet normal 0.9239 -0.3826 0 outer loop vertex 0.7569 -0.8169 1.9 vertex 0.855 -0.58 1.94 vertex 0.7569 -0.8169 1.94 endloop endfacet
facet normal 0 0 -1 outer loop vertex 0.52 -0.58 1.9 vertex 0.855 -0.58 1.9 vertex 0.7569 -0.8169 1.9 endloop endfacet
facet normal 0 0 1 outer loop vertex 0.52 -0.58 1.94 vertex 0.7569 -0.8169 1.94 vertex 0.855 -0.58 1.94 endloop endfacet
facet normal 0.7071 0.7071 0 outer loop vertex 0.55 -0.58 0.2 vertex 0.52 -0.55 0.2 vertex 0.52 -0.55 1.5 endloop endfacet
facet normal 0.7071 0.7071 0 outer loop vertex 0.55 -0.58 0.2 vertex 0.52 -0.55 1.5 vertex 0.55 -0.58 1.5 endloop endfacet
facet normal 0 0 -1 outer loop vertex 0.52 -0.58 0.2 vertex 0.52 -0.55 0.2 vertex 0.55 -0.58 0.2 endloop endfacet
facet normal 0 0 1 outer loop vertex 0.52 -0.58 1.5 vertex 0.55 -0.58 1.5 vertex 0.52 -0.55 1.5 endloop endfacet
facet normal -0.7071 0.7071 0 outer loop vertex 0.52 -0.55 0.2 vertex 0.49 -0.58 0.2 vertex 0.49 -0.58 1.5 endloop endfacet
facet normal -0.7071 0.7071 0 outer loop vertex 0.52 -0.55 0.2 vertex 0.49 -0.58 1.5 vertex 0.52 -0.55 1.5 endloop endfacet
facet normal 0 0 -1 outer loop vertex 0.52 -0.58 0.2 vertex 0.49 -0.58 0.2 vertex 0.52 -0.55 0.2 endloop endfacet
facet normal 0 0 1 outer loop vertex 0.52 -0.58 1.5 vertex 0.52 -0.55 1.5 vertex 0.49 -0.58 1.5 endloop endfacet
facet normal -0.7071 -0.7071 0 outer loop vertex 0.49 -0.58 0.2 vertex 0.52 -0.61 0.2 vertex 0.52 -0.61 1.5 endloop endfacet
facet normal -0.7071 -0.7071 0 outer loop vertex 0.49 -0.58 0.2 vertex 0.52 -0.61 1.5 vertex 0.49 -0.58 1.5 endloop endfacet
facet normal 0 0 -1 outer loop vertex 0.52 -0.58 0.2 vertex 0.52 -0.61 0.2 vertex 0.49 -0.58 0.2 endloop endfacet
facet normal 0 0 1 outer loop vertex 0.52 -0.58 1.5 vertex 0.49 -0.58 1.5 vertex 0.52 -0.61 1.5 endloop endfacet
facet normal 0.7071 -0.7071 0 outer loop vertex 0.52 -0.61 0.2 vertex 0.55 -0.58 0.2 vertex 0.55 -0.58 1.5 endloop endfacet
facet normal 0.7071 -0.7071 0 outer loop vertex 0.52 -0.61 0.2 vertex 0.55 -0.58 1.5 vertex 0.52 -0.61 1.5 endloop endfacet
facet normal 0 0 -1 outer loop vertex 0.52 -0.58 0.2 vertex 0.55 -0.58 0.2 vertex 0.52 -0.61 0.2 endloop endfacet
facet normal 0 0 1 outer loop vertex 0.52 -0.58 1.5 vertex 0.52 -0.61 1.5 vertex 0.55 -0.58 1.5 endloop endfacet
facet normal 0.924 0.3825 0 outer loop vertex -0.49 -1.12 1.05 vertex -0.5954 -0.8654 1.05 vertex -0.5954 -0.8654 1.27 endloop endfacet
facet normal 0.924 0.3825 0 outer loop vertex -0.49 -1.12 1.05 vertex -0.5954 -0.8654 1.27 vertex -0.49 -1.12 1.27 endloop endfacet
facet normal 0 0 -1 outer loop vertex -0.85 -1.12 1.05 vertex -0.5954 -0.8654 1.05 vertex -0.49 -1.12 1.05 endloop endfacet
facet normal 0 0 1 outer loop vertex -0.85 -1.12 1.27 vertex -0.49 -1.12 1.27 vertex -0.5954 -0.8654 1.27 endloop endfacet
facet normal 0.3825 0.924 0 outer loop vertex -0.5954 -0.8654 1.05 vertex -0.85 -0.76 1.05 vertex -0.85 -0.76 1.27 endloop endfacet
facet normal 0.3825 0.924 0 outer loop vertex -0.5954 -0.8654 1.05 vertex -0.85 -0.76 1.27 vertex -0.5954 -0.8654 1.27 endloop endfacet
facet normal 0 0 -1 outer loop vertex -0.85 -1.12 1.05 vertex -0.85 -0.76 1.05 vertex -0.5954 -0.8654 1.05 endloop endfacet
facet normal 0 0 1 outer loop vertex -0.85 -1.12 1.27 vertex -0.5954 -0.8654 1.27 vertex -0.85 -0.76 1.27 endloop endfacet
facet normal -0.382 0.9242 0 outer loop vertex -0.85 -0.76 1.05 vertex -1.105 -0.8654 1.05 vertex -1.105 -0.8654 1.27 endloop endfacet
facet normal -0.382 0.9242 0 outer loop vertex -0.85 -0.76 1.05 vertex -1.105 -0.8654 1.27 vertex -0.85 -0.76 1.27 endloop endfacet
facet normal 0 0 -1 outer loop vertex -0.85 -1.12 1.05 vertex -1.105 -0.8654 1.05 vertex -0.85 -0.76 1.05 endloop endfacet
facet normal 0 0 1 outer loop vertex -0.85 -1.12 1.27 vertex -0.85 -0.76 1.27 vertex -1.105 -0.8654 1.27 endloop endfacet
facet normal -0.9245 0.3813 0 outer loop vertex -1.105 -0.8654 1.05 vertex -1.21 -1.12 1.05 vertex -1.21 -1.12 1.27 endloop endfacet
facet normal -0.9245 0.3813 0 outer loop vertex -1.105 -0.8654 1.05 vertex -1.21 -1.12 1.27 vertex -1.105 -0.8654 1.27 endloop endfacet
facet normal 0 0 -1 outer loop vertex -0.85 -1.12 1.05 vertex -1.21 -1.12 1.05 vertex -1.105 -0.8654 1.05 endloop endfacet
facet normal 0 0 1 outer loop vertex -0.85 -1.12 1.27 vertex -1.105 -0.8654 1.27 vertex -1.21 -1.12 1.27 endloop endfacet
facet normal -0.9247 -0.3807 0 outer loop vertex -1.21 -1.12 1.05 vertex -1.105 -1.375 1.05 vertex -1.105 -1.375 1.27 endloop endfacet
facet normal -0.9247 -0.3807 0 outer loop vertex -1.21 -1.12 1.05 vertex -1.105 -1.375 1.27 vertex -1.21 -1.12 1.27 endloop endfacet
facet normal 0 0 -1 outer loop vertex -0.85 -1.12 1.05 vertex -1.105 -1.375 1.05 vertex -1.21 -1.12 1.05 endloop endfacet
facet normal 0 0 1 outer loop vertex -0.85 -1.12 1.27 vertex -1.21 -1.12 1.27 vertex -1.105 -1.375 1.27 endloop endfacet
facet normal -0.3807 -0.9247 0 outer loop vertex -1.105 -1.375 1.05 vertex -0.85 -1.48 1.05 vertex -0.85 -1.48 1.27 endloop endfacet
facet normal -0.3807 -0.9247 0 outer loop vertex -1.105 -1.375 1.05 vertex -0.85 -1.48 1.27 vertex -1.105 -1.375 1.27 endloop endfacet
facet normal 0 0 -1 outer loop vertex -0.85 -1.12 1.05 vertex -0.85 -1.48 1.05 vertex -1.105 -1.375 1.05 endloop endfacet
facet normal 0 0 1 outer loop vertex -0.85 -1.12 1.27 vertex -1.105 -1.375 1.27 vertex -0.85 -1.48 1.27 endloop endfacet
facet normal 0.3813 -0.9245 0 outer loop vertex -0.85 -1.48 1.05 vertex -0.5954 -1.375 1.05 vertex -0.5954 -1.375 1.27 endloop endfacet
facet normal 0.3813 -0.9245 0 outer loop vertex -0.85 -1.48 1.05 vertex -0.5954 -1.375 1.27 vertex -0.85 -1.48 1.27 endloop endfacet
facet normal 0 0 -1 outer loop vertex -0.85 -1.12 1.05 vertex -0.5954 -1.375 1.05 vertex -0.85 -1.48 1.05 endloop endfacet
facet normal 0 0 1 outer loop vertex -0.85 -1.12 1.27 vertex -0.85 -1.48 1.27 vertex -0.5954 -1.375 1.27 endloop endfacet
facet normal 0.9242 -0.382 0 outer loop vertex -0.5954 -1.375 1.05 vertex -0.49 -1.12 1.05 vertex -0.49 -1.12 1.27 endloop endfacet
facet normal 0.9242 -0.382 0 outer loop vertex -0.5954 -1.375 1.05 vertex -0.49 -1.12 1.27 vertex -0.5954 -1.375 1.27 endloop endfacet
facet normal 0 0 -1 outer loop vertex -0.85 -1.12 1.05 vertex -0.49 -1.12 1.05 vertex -0.5954 -1.375 1.05 endloop endfacet
facet normal 0 0 1 outer loop vertex -0.85 -1.12 1.27 vertex -0.5954 -1.375 1.27 vertex -0.49 -1.12 1.27 endloop endfacet
facet normal 0.9238 0.3828 0 outer loop vertex -0.465 -1.12 1.27 vertex -0.5778 -0.8478 1.27 vertex -0.5778 -0.8478 1.31 endloop endfacet
facet normal 0.9238 0.3828 0 outer loop vertex -0.465 -1.12 1.27 vertex -0.5778 -0.8478 1.31 vertex -0.465 -1.12 1.31 endloop endfacet
facet normal 0 0 -1 outer loop vertex -0.85 -1.12 1.27 vertex -0.5778 -0.8478 1.27 vertex -0.465 -1.12 1.27 endloop endfacet
facet normal 0 0 1 outer loop vertex -0.85 -1.12 1.31 vertex -0.465 -1.12 1.31 vertex -0.5778 -0.8478 1.31 endloop endfacet
facet normal 0.3828 0.9238 0 outer loop vertex -0.5778 -0.8478 1.27 vertex -0.85 -0.735 1.27 vertex -0.85 -0.735 1.31 endloop endfacet
facet normal 0.3828 0.9238 0 outer loop vertex -0.5778 -0.8478 1.27 vertex -0.85 -0.735 1.31 vertex -0.5778 -0.8478 1.31 endloop endfacet
facet normal 0 0 -1 outer loop vertex -0.85 -1.12 1.27 vertex -0.85 -0.735 1.27 vertex -0.5778 -0.8478 1.27 endloop endfacet
facet normal 0 0 1 outer loop vertex -0.85 -1.12 1.31 vertex -0.5778 -0.8478 1.31 vertex -0.85 -0.735 1.31 endloop endfacet
facet normal -0.3831 0.9237 0 outer loop vertex -0.85 -0.735 1.27 vertex -1.122 -0.8478 1.27 vertex -1.122 -0.8478 1.31 endloop endfacet
facet normal -0.3831 0.9237 0 outer loop vertex -0.85 -0.735 1.27 vertex -1.122 -0.8478 1.31 vertex -0.85 -0.735 1.31 endloop endfacet
facet normal 0 0 -1 outer loop vertex -0.85 -1.12 1.27 vertex -1.122 -0.8478 1.27 vertex -0.85 -0.735 1.27 endloop endfacet
facet normal 0 0 1 outer loop vertex -0.85 -1.12 1.31 vertex -0.85 -0.735 1.31 vertex -1.122 -0.8478 1.31 endloop endfacet
facet normal -0.9236 0.3834 0 outer loop vertex -1.122 -0.8478 1.27 vertex -1.235 -1.12 1.27 vertex -1.235 -1.12 1.31 endloop endfacet
facet normal -0.9236 0.3834 0 outer loop vertex -1.122 -0.8478 1.27 vertex -1.235 -1.12 1.31 vertex -1.122 -0.8478 1.31 endloop endfacet
facet normal 0 0 -1 outer loop vertex -0.85 -1.12 1.27 vertex -1.235 -1.12 1.27 vertex -1.122 -0.8478 1.27 endloop endfacet
facet normal 0 0 1 outer loop vertex -0.85 -1.12 1.31 vertex -1.122 -0.8478 1.31 vertex -1.235 -1.12 1.31 endloop endfacet
facet normal -0.9235 -0.3837 0 outer loop vertex -1.235 -1.12 1.27 vertex -1.122 -1.392 1.27 vertex -1.122 -1.392 1.31 endloop endfacet
facet normal -0.9235 -0.3837 0 outer loop vertex -1.235 -1.12 1.27 vertex -1.122 -1.392 1.31 vertex -1.235 -1.12 1.31 endloop endfacet
facet normal 0 0 -1 outer loop vertex -0.85 -1.12 1.27 vertex -1.122 -1.392 1.27 vertex -1.235 -1.12 1.27 endloop endfacet
facet normal 0 0 1 outer loop vertex -0.85 -1.12 1.31 vertex -1.235 -1.12 1.31 vertex -1.122 -1.392 1.31 endloop endfacet
facet normal -0.3837 -0.9235 0 outer loop vertex -1.122 -1.392 1.27 vertex -0.85 -1.505 1.27 vertex -0.85 -1.505 1.31 endloop endfacet
facet normal -0.3837 -0.9235 0 outer loop vertex -1.122 -1.392 1.27 vertex -0.85 -1.505 1.31 vertex -1.122 -1.392 1.31 endloop endfacet
facet normal 0 0 -1 outer loop vertex -0.85 -1.12 1.27 vertex -0.85 -1.505 1.27 vertex -1.122 -1.392 1.27 endloop endfacet
facet normal 0 0 1 outer loop vertex -0.85 -1.12 1.31 vertex -1.122 -1.392 1.31 vertex -0.85 -1.505 1.31 endloop endfacet
facet normal 0.3834 -0.9236 0 outer loop vertex -0.85 -1.505 1.27 vertex -0.5778 -1.392 1.27 vertex -0.5778 -1.392 1.31 endloop endfacet
facet normal 0.3834 -0.9236 0 outer loop vertex -0.85 -1.505 1.27 vertex -0.5778 -1.392 1.31 vertex -0.85 -1.505 1.31 endloop endfacet
facet normal 0 0 -1 outer loop vertex -0.85 -1.12 1.27 vertex -0.5778 -1.392 1.27 vertex -0.85 -1.505 1.27 endloop endfacet
facet normal 0 0 1 outer loop vertex -0.85 -1.12 1.31 vertex -0.85 -1.505 1.31 vertex -0.5778 -1.392 1.31 endloop endfacet
facet normal 0.9237 -0.3831 0 outer loop vertex -0.5778 -1.392 1.27 vertex -0.465 -1.12 1.27 vertex -0.465 -1.12 1.31 endloop endfacet
facet normal 0.9237 -0.3831 0 outer loop vertex -0.5778 -1.392 1.27 vertex -0.465 -1.12 1.31 vertex -0.5778 -1.392 1.31 endloop endfacet
facet normal 0 0 -1 outer loop vertex -0.85 -1.12 1.27 vertex -0.465 -1.12 1.27 vertex -0.5778 -1.392 1.27 endloop endfacet
facet normal 0 0 1 outer loop vertex -0.85 -1.12 1.31 vertex -0.5778 -1.392 1.31 vertex -0.465 -1.12 1.31 endloop endfacet
facet normal 0.7071 0.7071 0 outer loop vertex -0.82 -1.12 0.2 vertex -0.85 -1.09 0.2 vertex -0.85 -1.09 1.05 endloop endfacet
facet normal 0.7071 0.7071 0 outer loop vertex -0.82 -1.12 0.2 vertex -0.85 -1.09 1.05 vertex -0.82 -1.12 1.05 endloop endfacet
facet normal 0 0 -1 outer loop vertex -0.85 -1.12 0.2 vertex -0.85 -1.09 0.2 vertex -0.82 -1.12 0.2 endloop endfacet
facet normal 0 0 1 outer loop vertex -0.85 -1.12 1.05 vertex -0.82 -1.12 1.05 vertex -0.85 -1.09 1.05 endloop endfacet
facet normal -0.7071 0.7071 0 outer loop vertex -0.85 -1.09 0.2 vertex -0.88 -1.12 0.2 vertex -0.88 -1.12 1.05 endloop endfacet
facet normal -0.7071 0.7071 0 outer loop vertex -0.85 -1.09 0.2 vertex -0.88 -1.12 1.05 vertex -0.85 -1.09 1.05 endloop endfacet
facet normal 0 0 -1 outer loop vertex -0.85 -1.12 0.2 vertex -0.88 -1.12 0.2 vertex -0.85 -1.09 0.2 endloop endfacet
facet normal 0 0 1 outer loop vertex -0.85 -1.12 1.05 vertex -0.85 -1.09 1.05 vertex -0.88 -1.12 1.05 endloop endfacet
facet normal -0.7071 -0.7071 0 outer loop vertex -0.88 -1.12 0.2 vertex -0.85 -1.15 0.2 vertex -0.85 -1.15 1.05 endloop endfacet
facet normal -0.7071 -0.7071 0 outer loop vertex -0.88 -1.12 0.2 vertex -0.85 -1.15 1.05 vertex -0.88 -1.12 1.05 endloop endfacet
facet normal 0 0 -1 outer loop vertex -0.85 -1.12 0.2 vertex -0.85 -1.15 0.2 vertex -0.88 -1.12 0.2 endloop endfacet
facet normal 0 0 1 outer loop vertex -0.85 -1.12 1.05 vertex -0.88 -1.12 1.05 vertex -0.85 -1.15 1.05 endloop endfacet
facet normal 0.7071 -0.7071 0 outer loop vertex -0.85 -1.15 0.2 vertex -0.82 -1.12 0.2 vertex -0.82 -1.12 1.05 endloop endfacet
facet normal 0.7071 -0.7071 0 outer loop vertex -0.85 -1.15 0.2 vertex -0.82 -1.12 1.05 vertex -0.85 -1.15 1.05 endloop endfacet
facet normal 0 0 -1 outer loop vertex -0.85 -1.12 0.2 vertex -0.82 -1.12 0.2 vertex -0.85 -1.15 0.2 endloop endfacet
facet normal 0 0 1 outer loop vertex -0.85 -1.12 1.05 vertex -0.85 -1.15 1.05 vertex -0.82 -1.12 1.05 endloop endfacet
facet normal 0.9238 0.3829 0 outer loop vertex 1.43 -1.6 0.84 vertex 1.304 -1.296 0.84 vertex 1.304 -1.296 1.42 endloop endfacet
facet normal 0.9238 0.3829 0 outer loop vertex 1.43 -1.6 0.84 vertex 1.304 -1.296 1.42 vertex 1.43 -1.6 1.42 endloop endfacet
facet normal 0 0 -1 outer loop vertex 1 -1.6 0.84 vertex 1.304 -1.296 0.84 vertex 1.43 -1.6 0.84 endloop endfacet
facet normal 0 0 1 outer loop vertex 1 -1.6 1.42 vertex 1.43 -1.6 1.42 vertex 1.304 -1.296 1.42 endloop endfacet
facet normal 0.3829 0.9238 0 outer loop vertex 1.304 -1.296 0.84 vertex 1 -1.17 0.84 vertex 1 -1.17 1.42 endloop endfacet
facet normal 0.3829 0.9238 0 outer loop vertex 1.304 -1.296 0.84 vertex 1 -1.17 1.42 vertex 1.304 -1.296 1.42 endloop endfacet
facet normal 0 0 -1 outer loop vertex 1 -1.6 0.84 vertex 1 -1.17 0.84 vertex 1.304 -1.296 0.84 endloop endfacet
facet normal 0 0 1 outer loop vertex 1 -1.6 1.42 vertex 1.304 -1.296 1.42 vertex 1 -1.17 1.42 endloop endfacet
facet normal -0.3828 0.9238 0 outer loop vertex 1 -1.17 0.84 vertex 0.6959 -1.296 0.84 vertex 0.6959 -1.296 1.42 endloop endfacet
facet normal -0.3828 0.9238 0 outer loop vertex 1 -1.17 0.84 vertex 0.6959 -1.296 1.42 vertex 1 -1.17 1.42 endloop endfacet
facet normal 0 0 -1 outer loop vertex 1 -1.6 0.84 vertex 0.6959 -1.296 0.84 vertex 1 -1.17 0.84 endloop endfacet
facet normal 0 0 1 outer loop vertex 1 -1.6 1.42 vertex 1 -1.17 1.42 vertex 0.6959 -1.296 1.42 endloop endfacet
facet normal -0.9239 0.3826 0 outer loop vertex 0.6959 -1.296 0.84 vertex 0.57 -1.6 0.84 vertex 0.57 -1.6 1.42 endloop endfacet
facet normal -0.9239 0.3826 0 outer loop vertex 0.6959 -1.296 0.84 vertex 0.57 -1.6 1.42 vertex 0.6959 -1.296 1.42 endloop endfacet
facet normal 0 0 -1 outer loop vertex 1 -1.6 0.84 vertex 0.57 -1.6 0.84 vertex 0.6959 -1.296 0.84 endloop endfacet
facet normal 0 0 1 outer loop vertex 1 -1.6 1.42 vertex 0.6959 -1.296 1.42 vertex 0.57 -1.6 1.42 endloop endfacet
facet normal -0.9239 -0.3826 0 outer loop vertex 0.57 -1.6 0.84 vertex 0.6959 -1.904 0.84 vertex 0.6959 -1.904 1.42 endloop endfacet
facet normal -0.9239 -0.3826 0 outer loop vertex 0.57 -1.6 0.84 vertex 0.6959 -1.904 1.42 vertex 0.57 -1.6 1.42 endloop endfacet
facet normal 0 0 -1 outer loop vertex 1 -1.6 0.84 vertex 0.6959 -1.904 0.84 vertex 0.57 -1.6 0.84 endloop endfacet
facet normal 0 0 1 outer loop vertex 1 -1.6 1.42 vertex 0.57 -1.6 1.42 vertex 0.6959 -1.904 1.42 endloop endfacet
facet normal -0.3828 -0.9238 0 outer loop vertex 0.6959 -1.904 0.84 vertex 1 -2.03 0.84 vertex 1 -2.03 1.42 endloop endfacet
facet normal -0.3828 -0.9238 0 outer loop vertex 0.6959 -1.904 0.84 vertex 1 -2.03 1.42 vertex 0.6959 -1.904 1.42 endloop endfacet
facet normal 0 0 -1 outer loop vertex 1 -1.6 0.84 vertex 1 -2.03 0.84 vertex 0.6959 -1.904 0.84 endloop endfacet
facet normal 0 0 1 outer loop vertex 1 -1.6 1.42 vertex 0.6959 -1.904 1.42 vertex 1 -2.03 1.42 endloop endfacet
facet normal 0.3829 -0.9238 0 outer loop vertex 1 -2.03 0.84 vertex 1.304 -1.904 0.84 vertex 1.304 -1.904 1.42 endloop endfacet
facet normal 0.3829 -0.9238 0 outer loop vertex 1 -2.03 0.84 vertex 1.304 -1.904 1.42 vertex 1 -2.03 1.42 endloop endfacet
facet normal 0 0 -1 outer loop vertex 1 -1.6 0.84 vertex 1.304 -1.904 0.84 vertex 1 -2.03 0.84 endloop endfacet
facet normal 0 0 1 outer loop vertex 1 -1.6 1.42 vertex 1 -2.03 1.42 vertex 1.304 -1.904 1.42 endloop endfacet
facet normal 0.9238 -0.3829 0 outer loop vertex 1.304 -1.904 0.84 vertex 1.43 -1.6 0.84 vertex 1.43 -1.6 1.42 endloop endfacet
facet normal 0.9238 -0.3829 0 outer loop vertex 1.304 -1.904 0.84 vertex 1.43 -1.6 1.42 vertex 1.304 -1.904 1.42 endloop endfacet
facet normal 0 0 -1 outer loop vertex 1 -1.6 0.84 vertex 1.43 -1.6 0.84 vertex 1.304 -1.904 0.84 endloop endfacet
facet normal 0 0 1 outer loop vertex 1 -1.6 1.42 vertex 1.304 -1.904 1.42 vertex 1.43 -1.6 1.42 endloop endfacet
facet normal 0.9243 0.3818 0 outer loop vertex 1.455 -1.6 1.42 vertex 1.322 -1.278 1.42 vertex 1.322 -1.278 1.46 endloop endfacet
facet normal 0.9243 0.3818 0 outer loop vertex 1.455 -1.6 1.42 vertex 1.322 -1.278 1.46 vertex 1.455 -1.6 1.46 endloop endfacet
facet normal 0 0 -1 outer loop vertex 1 -1.6 1.42 vertex 1.322 -1.278 1.42 vertex 1.455 -1.6 1.42 endloop endfacet
facet normal 0 0 1 outer loop vertex 1 -1.6 1.46 vertex 1.455 -1.6 1.46 vertex 1.322 -1.278 1.46 endloop endfacet
facet normal 0.3818 0.9243 0 outer loop vertex 1.322 -1.278 1.42 vertex 1 -1.145 1.42 vertex 1 -1.145 1.46 endloop endfacet
facet normal 0.3818 0.9243 0 outer loop vertex 1.322 -1.278 1.42 vertex 1 -1.145 1.46 vertex 1.322 -1.278 1.46 endloop endfacet
facet normal 0 0 -1 outer loop vertex 1 -1.6 1.42 vertex 1 -1.145 1.42 vertex 1.322 -1.278 1.42 endloop endfacet
facet normal 0 0 1 outer loop vertex 1 -1.6 1.46 vertex 1.322 -1.278 1.46 vertex 1 -1.145 1.46 endloop endfacet
facet normal -0.3821 0.9241 0 outer loop vertex 1 -1.145 1.42 vertex 0.6783 -1.278 1.42 vertex 0.6783 -1.278 1.46 endloop endfacet
facet normal -0.3821 0.9241 0 outer loop vertex 1 -1.145 1.42 vertex 0.6783 -1.278 1.46 vertex 1 -1.145 1.46 endloop endfacet
facet normal 0 0 -1 outer loop vertex 1 -1.6 1.42 vertex 0.6783 -1.278 1.42 vertex 1 -1.145 1.42 endloop endfacet
facet normal 0 0 1 outer loop vertex 1 -1.6 1.46 vertex 1 -1.145 1.46 vertex 0.6783 -1.278 1.46 endloop endfacet
facet normal -0.924 0.3825 0 outer loop vertex 0.6783 -1.278 1.42 vertex 0.545 -1.6 1.42 vertex 0.545 -1.6 1.46 endloop endfacet
facet normal -0.924 0.3825 0 outer loop vertex 0.6783 -1.278 1.42 vertex 0.545 -1.6 1.46 vertex 0.6783 -1.278 1.46 endloop endfacet
facet normal 0 0 -1 outer loop vertex 1 -1.6 1.42 vertex 0.545 -1.6 1.42 vertex 0.6783 -1.278 1.42 endloop endfacet
facet normal 0 0 1 outer loop vertex 1 -1.6 1.46 vertex 0.6783 -1.278 1.46 vertex 0.545 -1.6 1.46 endloop endfacet
facet normal -0.924 -0.3825 0 outer loop vertex 0.545 -1.6 1.42 vertex 0.6783 -1.922 1.42 vertex 0.6783 -1.922 1.46 endloop endfacet
facet normal -0.924 -0.3825 0 outer loop vertex 0.545 -1.6 1.42 vertex 0.6783 -1.922 1.46 vertex 0.545 -1.6 1.46 endloop endfacet
facet normal 0 0 -1 outer loop vertex 1 -1.6 1.42 vertex 0.6783 -1.922 1.42 vertex 0.545 -1.6 1.42 endloop endfacet
facet normal 0 0 1 outer loop vertex 1 -1.6 1.46 vertex 0.545 -1.6 1.46 vertex 0.6783 -1.922 1.46 endloop endfacet
facet normal -0.3821 -0.9241 0 outer loop vertex 0.6783 -1.922 1.42 vertex 1 -2.055 1.42 vertex 1 -2.055 1.46 endloop endfacet
facet normal -0.3821 -0.9241 0 outer loop vertex 0.6783 -1.922 1.42 vertex 1 -2.055 1.46 vertex 0.6783 -1.922 1.46 endloop endfacet
facet normal 0 0 -1 outer loop vertex 1 -1.6 1.42 vertex 1 -2.055 1.42 vertex 0.6783 -1.922 1.42 endloop endfacet
facet normal 0 0 1 outer loop vertex 1 -1.6 1.46 vertex 0.6783 -1.922 1.46 vertex 1 -2.055 1.46 endloop endfacet
facet normal 0.3818 -0.9243 0 outer loop vertex 1 -2.055 1.42 vertex 1.322 -1.922 1.42 vertex 1.322 -1.922 1.46 endloop endfacet
facet normal 0.3818 -0.9243 0 outer loop vertex 1 -2.055 1.42 vertex 1.322 -1.922 1.46 vertex 1 -2.055 1.46 endloop endfacet
facet normal 0 0 -1 outer loop vertex 1 -1.6 1.42 vertex 1.322 -1.922 1.42 vertex 1 -2.055 1.42 endloop endfacet
facet normal 0 0 1 outer loop vertex 1 -1.6 1.46 vertex 1 -2.055 1.46 vertex 1.322 -1.922 1.46 endloop endfacet
facet normal 0.9243 -0.3818 0 outer loop vertex 1.322 -1.922 1.42 vertex 1.455 -1.6 1.42 vertex 1.455 -1.6 1.46 endloop endfacet
facet normal 0.9243 -0.3818 0 outer loop vertex 1.322 -1.922 1.42 vertex 1.455 -1.6 1.46 vertex 1.322 -1.922 1.46 endloop endfacet
facet normal 0 0 -1 outer loop vertex 1 -1.6 1.42 vertex 1.455 -1.6 1.42 vertex 1.322 -1.922 1.42 endloop endfacet
facet normal 0 0 1 outer loop vertex 1 -1.6 1.46 vertex 1.322 -1.922 1.46 vertex 1.455 -1.6 1.46 endloop endfacet
facet normal 0.7071 0.7071 0 outer loop vertex 1.03 -1.6 0.2 vertex 1 -1.57 0.2 vertex 1 -1.57 0.84 endloop endfacet
facet normal 0.7071 0.7071 0 outer loop vertex 1.03 -1.6 0.2 vertex 1 -1.57 0.84 vertex 1.03 -1.6 0.84 endloop endfacet
facet normal 0 0 -1 outer loop vertex 1 -1.6 0.2 vertex 1 -1.57 0.2 vertex 1.03 -1.6 0.2 endloop endfacet
facet normal 0 0 1 outer loop vertex 1 -1.6 0.84 vertex 1.03 -1.6 0.84 vertex 1 -1.57 0.84 endloop endfacet
facet normal -0.7071 0.7071 0 outer loop vertex 1 -1.57 0.2 vertex 0.97 -1.6 0.2 vertex 0.97 -1.6 0.84 endloop endfacet
facet normal -0.7071 0.7071 0 outer loop vertex 1 -1.57 0.2 vertex 0.97 -1.6 0.84 vertex 1 -1.57 0.84 endloop endfacet
facet normal 0 0 -1 outer loop vertex 1 -1.6 0.2 vertex 0.97 -1.6 0.2 vertex 1 -1.57 0.2 endloop endfacet
facet normal 0 0 1 outer loop vertex 1 -1.6 0.84 vertex 1 -1.57 0.84 vertex 0.97 -1.6 0.84 endloop endfacet
facet normal -0.7071 -0.7071 0 outer loop vertex 0.97 -1.6 0.2 vertex 1 -1.63 0.2 vertex 1 -1.63 0.84 endloop endfacet
facet normal -0.7071 -0.7071 0 outer loop vertex 0.97 -1.6 0.2 vertex 1 -1.63 0.84 vertex 0.97 -1.6 0.84 endloop endfacet
facet normal 0 0 -1 outer loop vertex 1 -1.6 0.2 vertex 1 -1.63 0.2 vertex 0.97 -1.6 0.2 endloop endfacet
facet normal 0 0 1 outer loop vertex 1 -1.6 0.84 vertex 0.97 -1.6 0.84 vertex 1 -1.63 0.84 endloop endfacet
facet normal 0.7071 -0.7071 0 outer loop vertex 1 -1.63 0.2 vertex 1.03 -1.6 0.2 vertex 1.03 -1.6 0.84 endloop endfacet
facet normal 0.7071 -0.7071 0 outer loop vertex 1 -1.63 0.2 vertex 1.03 -1.6 0.84 vertex 1 -1.63 0.84 endloop endfacet
facet normal 0 0 -1 outer loop vertex 1 -1.6 0.2 vertex 1.03 -1.6 0.2 vertex 1 -1.63 0.2 endloop endfacet
facet normal 0 0 1 outer loop vertex 1 -1.6 0.84 vertex 1 -1.63 0.84 vertex 1.03 -1.6 0.84 endloop endfacet
facet normal 0.7071 0.7071 0 outer loop vertex 0.04 -2.14 0.2 vertex 0 -2.1 0.2 vertex 0 -2.1 0.72 endloop endfacet
facet normal 0.7071 0.7071 0 outer loop vertex 0.04 -2.14 0.2 vertex 0 -2.1 0.72 vertex 0.04 -2.14 0.72 endloop endfacet
facet normal 0 0 -1 outer loop vertex 0 -2.14 0.2 vertex 0 -2.1 0.2 vertex 0.04 -2.14 0.2 endloop endfacet
facet normal 0 0 1 outer loop vertex 0 -2.14 0.72 vertex 0.04 -2.14 0.72 vertex 0 -2.1 0.72 endloop endfacet
facet normal -0.7071 0.7071 0 outer loop vertex 0 -2.1 0.2 vertex -0.04 -2.14 0.2 vertex -0.04 -2.14 0.72 endloop endfacet
facet normal -0.7071 0.7071 0 outer loop vertex 0 -2.1 0.2 vertex -0.04 -2.14 0.72 vertex 0 -2.1 0.72 endloop endfacet
facet normal 0 0 -1 outer loop vertex 0 -2.14 0.2 vertex -0.04 -2.14 0.2 vertex 0 -2.1 0.2 endloop endfacet
facet normal 0 0 1 outer loop vertex 0 -2.14 0.72 vertex 0 -2.1 0.72 vertex -0.04 -2.14 0.72 endloop endfacet
facet normal -0.7071 -0.7071 0 outer loop vertex -0.04 -2.14 0.2 vertex 0 -2.18 0.2 vertex 0 -2.18 0.72 endloop endfacet
facet normal -0.7071 -0.7071 0 outer loop vertex -0.04 -2.14 0.2 vertex 0 -2.18 0.72 vertex -0.04 -2.14 0.72 endloop endfacet
facet normal 0 0 -1 outer loop vertex 0 -2.14 0.2 vertex 0 -2.18 0.2 vertex -0.04 -2.14 0.2 endloop endfacet
facet normal 0 0 1 outer loop vertex 0 -2.14 0.72 vertex -0.04 -2.14 0.72 vertex 0 -2.18 0.72 endloop endfacet
facet normal 0.7071 -0.7071 0 outer loop vertex 0 -2.18 0.2 vertex 0.04 -2.14 0.2 vertex 0.04 -2.14 0.72 endloop endfacet
facet normal 0.7071 -0.7071 0 outer loop vertex 0 -2.18 0.2 vertex 0.04 -2.14 0.72 vertex 0 -2.18 0.72 endloop endfacet
facet normal 0 0 -1 outer loop vertex 0 -2.14 0.2 vertex 0.04 -2.14 0.2 vertex 0 -2.18 0.2 endloop endfacet
facet normal 0 0 1 outer loop vertex 0 -2.14 0.72 vertex 0 -2.18 0.72 vertex 0.04 -2.14 0.72 endloop endfacet
facet normal 0.9239 0.3826 0 outer loop vertex 0.27 -2.14 0.72 vertex 0.1909 -1.949 0.72 vertex 0.1909 -1.949 0.84 endloop endfacet
facet normal 0.9239 0.3826 0 outer loop vertex 0.27 -2.14 0.72 vertex 0.1909 -1.949 0.84 vertex 0.27 -2.14 0.84 endloop endfacet
facet normal 0 0 -1 outer loop vertex 0 -2.14 0.72 vertex 0.1909 -1.949 0.72 vertex 0.27 -2.14 0.72 endloop endfacet
facet normal 0 0 1 outer loop vertex 0 -2.14 0.84 vertex 0.27 -2.14 0.84 vertex 0.1909 -1.949 0.84 endloop endfacet
facet normal 0.3824 0.924 0 outer loop vertex 0.1909 -1.949 0.72 vertex 0 -1.87 0.72 vertex 0 -1.87 0.84 endloop endfacet
facet normal 0.3824 0.924 0 outer loop vertex 0.1909 -1.949 0.72 vertex 0 -1.87 0.84 vertex 0.1909 -1.949 0.84 endloop endfacet
facet normal 0 0 -1 outer loop vertex 0 -2.14 0.72 vertex 0 -1.87 0.72 vertex 0.1909 -1.949 0.72 endloop endfacet
facet normal 0 0 1 outer loop vertex 0 -2.14 0.84 vertex 0.1909 -1.949 0.84 vertex 0 -1.87 0.84 endloop endfacet
facet normal -0.3824 0.924 0 outer loop vertex 0 -1.87 0.72 vertex -0.1909 -1.949 0.72 vertex -0.1909 -1.949 0.84 endloop endfacet
facet normal -0.3824 0.924 0 outer loop vertex 0 -1.87 0.72 vertex -0.1909 -1.949 0.84 vertex 0 -1.87 0.84 endloop endfacet
facet normal 0 0 -1 outer loop vertex 0 -2.14 0.72 vertex -0.1909 -1.949 0.72 vertex 0 -1.87 0.72 endloop endfacet
facet normal 0 0 1 outer loop vertex 0 -2.14 0.84 vertex 0 -1.87 0.84 vertex -0.1909 -1.949 0.84 endloop endfacet
facet normal -0.9239 0.3826 0 outer loop vertex -0.1909 -1.949 0.72 vertex -0.27 -2.14 0.72 vertex -0.27 -2.14 0.84 endloop endfacet
facet normal -0.9239 0.3826 0 outer loop vertex -0.1909 -1.949 0.72 vertex -0.27 -2.14 0.84 vertex -0.1909 -1.949 0.84 endloop endfacet
facet normal 0 0 -1 outer loop vertex 0 -2.14 0.72 vertex -0.27 -2.14 0.72 vertex -0.1909 -1.949 0.72 endloop endfacet
facet normal 0 0 1 outer loop vertex 0 -2.14 0.84 vertex -0.1909 -1.949 0.84 vertex -0.27 -2.14 0.84 endloop endfacet
facet normal -0.9239 -0.3826 0 outer loop vertex -0.27 -2.14 0.72 vertex -0.1909 -2.331 0.72 vertex -0.1909 -2.331 0.84 endloop endfacet
facet normal -0.9239 -0.3826 0 outer loop vertex -0.27 -2.14 0.72 vertex -0.1909 -2.331 0.84 vertex -0.27 -2.14 0.84 endloop endfacet
facet normal 0 0 -1 outer loop vertex 0 -2.14 0.72 vertex -0.1909 -2.331 0.72 vertex -0.27 -2.14 0.72 endloop endfacet
facet normal 0 0 1 outer loop vertex 0 -2.14 0.84 vertex -0.27 -2.14 0.84 vertex -0.1909 -2.331 0.84 endloop endfacet
facet normal -0.3824 -0.924 0 outer loop vertex -0.1909 -2.331 0.72 vertex 0 -2.41 0.72 vertex 0 -2.41 0.84 endloop endfacet
facet normal -0.3824 -0.924 0 outer loop vertex -0.1909 -2.331 0.72 vertex 0 -2.41 0.84 vertex -0.1909 -2.331 0.84 endloop endfacet
facet normal 0 0 -1 outer loop vertex 0 -2.14 0.72 vertex 0 -2.41 0.72 vertex -0.1909 -2.331 0.72 endloop endfacet
facet normal 0 0 1 outer loop vertex 0 -2.14 0.84 vertex -0.1909 -2.331 0.84 vertex 0 -2.41 0.84 endloop endfacet
facet normal 0.3824 -0.924 0 outer loop vertex 0 -2.41 0.72 vertex 0.1909 -2.331 0.72 vertex 0.1909 -2.331 0.84 endloop endfacet
facet normal 0.3824 -0.924 0 outer loop vertex 0 -2.41 0.72 vertex 0.1909 -2.331 0.84 vertex 0 -2.41 0.84 endloop endfacet
facet normal 0 0 -1 outer loop vertex 0 -2.14 0.72 vertex 0.1909 -2.331 0.72 vertex 0 -2.41 0.72 endloop endfacet
facet normal 0 0 1 outer loop vertex 0 -2.14 0.84 vertex 0 -2.41 0.84 vertex 0.1909 -2.331 0.84 endloop endfacet
facet normal 0.9239 -0.3826 0 outer loop vertex 0.1909 -2.331 0.72 vertex 0.27 -2.14 0.72 vertex 0.27 -2.14 0.84 endloop endfacet
facet normal 0.9239 -0.3826 0 outer loop vertex 0.1909 -2.331 0.72 vertex 0.27 -2.14 0.84 vertex 0.1909 -2.331 0.84 endloop endfacet
facet normal 0 0 -1 outer loop vertex 0 -2.14 0.72 vertex 0.27 -2.14 0.72 vertex 0.1909 -2.331 0.72 endloop endfacet
facet normal 0 0 1 outer loop vertex 0 -2.14 0.84 vertex 0.1909 -2.331 0.84 vertex 0.27 -2.14 0.84 endloop endfacet
facet normal 0.7071 0.7071 0 outer loop vertex -1.426 -0.85 0.18 vertex -1.45 -0.826 0.18 vertex -1.45 -0.826 1.75 endloop endfacet
facet normal 0.7071 0.7071 0 outer loop vertex -1.426 -0.85 0.18 vertex -1.45 -0.826 1.75 vertex -1.426 -0.85 1.75 endloop endfacet
facet normal 0 0 -1 outer loop vertex -1.45 -0.85 0.18 vertex -1.45 -0.826 0.18 vertex -1.426 -0.85 0.18 endloop endfacet
facet normal 0 0 1 outer loop vertex -1.45 -0.85 1.75 vertex -1.426 -0.85 1.75 vertex -1.45 -0.826 1.75 endloop endfacet
facet normal -0.7071 0.7071 0 outer loop vertex -1.45 -0.826 0.18 vertex -1.474 -0.85 0.18 vertex -1.474 -0.85 1.75 endloop endfacet
facet normal -0.7071 0.7071 0 outer loop vertex -1.45 -0.826 0.18 vertex -1.474 -0.85 1.75 vertex -1.45 -0.826 1.75 endloop endfacet
facet normal 0 0 -1 outer loop vertex -1.45 -0.85 0.18 vertex -1.474 -0.85 0.18 vertex -1.45 -0.826 0.18 endloop endfacet
facet normal 0 0 1 outer loop vertex -1.45 -0.85 1.75 vertex -1.45 -0.826 1.75 vertex -1.474 -0.85 1.75 endloop endfacet
facet normal -0.7071 -0.7071 0 outer loop vertex -1.474 -0.85 0.18 vertex -1.45 -0.874 0.18 vertex -1.45 -0.874 1.75 endloop endfacet
facet normal -0.7071 -0.7071 0 outer loop vertex -1.474 -0.85 0.18 vertex -1.45 -0.874 1.75 vertex -1.474 -0.85 1.75 endloop endfacet
facet normal 0 0 -1 outer loop vertex -1.45 -0.85 0.18 vertex -1.45 -0.874 0.18 vertex -1.474 -0.85 0.18 endloop endfacet
facet normal 0 0 1 outer loop vertex -1.45 -0.85 1.75 vertex -1.474 -0.85 1.75 vertex -1.45 -0.874 1.75 endloop endfacet
facet normal 0.7071 -0.7071 0 outer loop vertex -1.45 -0.874 0.18 vertex -1.426 -0.85 0.18 vertex -1.426 -0.85 1.75 endloop endfacet
facet normal 0.7071 -0.7071 0 outer loop vertex -1.45 -0.874 0.18 vertex -1.426 -0.85 1.75 vertex -1.45 -0.874 1.75 endloop endfacet
facet normal 0 0 -1 outer loop vertex -1.45 -0.85 0.18 vertex -1.426 -0.85 0.18 vertex -1.45 -0.874 0.18 endloop endfacet
facet normal 0 0 1 outer loop vertex -1.45 -0.85 1.75 vertex -1.45 -0.874 1.75 vertex -1.426 -0.85 1.75 endloop endfacet
facet normal 0.1994 0.06495 0.9778 outer loop vertex -1.1 -0.85 1.65 vertex -1.167 -0.6443 1.65 vertex -1.385 -0.803 1.705 endloop endfacet
facet normal 0.1992 0.06357 0.9779 outer loop vertex -1.1 -0.85 1.65 vertex -1.385 -0.803 1.705 vertex -1.37 -0.85 1.705 endloop endfacet
facet normal 0 0 -1 outer loop vertex -1.45 -0.85 1.65 vertex -1.167 -0.6443 1.65 vertex -1.1 -0.85 1.65 endloop endfacet
facet normal 0 0 1 outer loop vertex -1.45 -0.85 1.705 vertex -1.37 -0.85 1.705 vertex -1.385 -0.803 1.705 endloop endfacet
facet normal 0.1233 0.1696 0.9778 outer loop vertex -1.167 -0.6443 1.65 vertex -1.342 -0.5171 1.65 vertex -1.425 -0.7739 1.705 endloop endfacet
facet normal 0.1233 0.1695 0.9778 outer loop vertex -1.167 -0.6443 1.65 vertex -1.425 -0.7739 1.705 vertex -1.385 -0.803 1.705 endloop endfacet
facet normal 0 0 -1 outer loop vertex -1.45 -0.85 1.65 vertex -1.342 -0.5171 1.65 vertex -1.167 -0.6443 1.65 endloop endfacet
facet normal 0 0 1 outer loop vertex -1.45 -0.85 1.705 vertex -1.385 -0.803 1.705 vertex -1.425 -0.7739 1.705 endloop endfacet
facet normal 0 0.2094 0.9778 outer loop vertex -1.342 -0.5171 1.65 vertex -1.558 -0.5171 1.65 vertex -1.475 -0.7739 1.705 endloop endfacet
facet normal 0 0.2094 0.9778 outer loop vertex -1.342 -0.5171 1.65 vertex -1.475 -0.7739 1.705 vertex -1.425 -0.7739 1.705 endloop endfacet
facet normal 0 0 -1 outer loop vertex -1.45 -0.85 1.65 vertex -1.558 -0.5171 1.65 vertex -1.342 -0.5171 1.65 endloop endfacet
facet normal 0 0 1 outer loop vertex -1.45 -0.85 1.705 vertex -1.425 -0.7739 1.705 vertex -1.475 -0.7739 1.705 endloop endfacet
facet normal -0.1232 0.1696 0.9778 outer loop vertex -1.558 -0.5171 1.65 vertex -1.733 -0.6443 1.65 vertex -1.515 -0.803 1.705 endloop endfacet
facet normal -0.1233 0.1695 0.9778 outer loop vertex -1.558 -0.5171 1.65 vertex -1.515 -0.803 1.705 vertex -1.475 -0.7739 1.705 endloop endfacet
facet normal 0 0 -1 outer loop vertex -1.45 -0.85 1.65 vertex -1.733 -0.6443 1.65 vertex -1.558 -0.5171 1.65 endloop endfacet
facet normal 0 0 1 outer loop vertex -1.45 -0.85 1.705 vertex -1.475 -0.7739 1.705 vertex -1.515 -0.803 1.705 endloop endfacet
facet normal -0.1992 0.06488 0.9778 outer loop vertex -1.733 -0.6443 1.65 vertex -1.8 -0.85 1.65 vertex -1.53 -0.85 1.705 endloop endfacet
facet normal -0.2002 0.06388 0.9777 outer loop vertex -1.733 -0.6443 1.65 vertex -1.53 -0.85 1.705 vertex -1.515 -0.803 1.705 endloop endfacet
facet normal 0 0 -1 outer loop vertex -1.45 -0.85 1.65 vertex -1.8 -0.85 1.65 vertex -1.733 -0.6443 1.65 endloop endfacet
facet normal 0 0 1 outer loop vertex -1.45 -0.85 1.705 vertex -1.515 -0.803 1.705 vertex -1.53 -0.85 1.705 endloop endfacet
facet normal -0.1994 -0.06485 0.9778 outer loop vertex -1.8 -0.85 1.65 vertex -1.733 -1.056 1.65 vertex -1.515 -0.897 1.705 endloop endfacet
facet normal -0.1992 -0.06357 0.9779 outer loop vertex -1.8 -0.85 1.65 vertex -1.515 -0.897 1.705 vertex -1.53 -0.85 1.705 endloop endfacet
facet normal 0 0 -1 outer loop vertex -1.45 -0.85 1.65 vertex -1.733 -1.056 1.65 vertex -1.8 -0.85 1.65 endloop endfacet
facet normal 0 0 1 outer loop vertex -1.45 -0.85 1.705 vertex -1.53 -0.85 1.705 vertex -1.515 -0.897 1.705 endloop endfacet
facet normal -0.1231 -0.1696 0.9778 outer loop vertex -1.733 -1.056 1.65 vertex -1.558 -1.183 1.65 vertex -1.475 -0.9261 1.705 endloop endfacet
facet normal -0.1232 -0.1693 0.9778 outer loop vertex -1.733 -1.056 1.65 vertex -1.475 -0.9261 1.705 vertex -1.515 -0.897 1.705 endloop endfacet
facet normal 0 0 -1 outer loop vertex -1.45 -0.85 1.65 vertex -1.558 -1.183 1.65 vertex -1.733 -1.056 1.65 endloop endfacet
facet normal 0 0 1 outer loop vertex -1.45 -0.85 1.705 vertex -1.515 -0.897 1.705 vertex -1.475 -0.9261 1.705 endloop endfacet
facet normal 0 -0.2093 0.9778 outer loop vertex -1.558 -1.183 1.65 vertex -1.342 -1.183 1.65 vertex -1.425 -0.9261 1.705 endloop endfacet
facet normal 0 -0.2093 0.9778 outer loop vertex -1.558 -1.183 1.65 vertex -1.425 -0.9261 1.705 vertex -1.475 -0.9261 1.705 endloop endfacet
facet normal 0 0 -1 outer loop vertex -1.45 -0.85 1.65 vertex -1.342 -1.183 1.65 vertex -1.558 -1.183 1.65 endloop endfacet
facet normal 0 0 1 outer loop vertex -1.45 -0.85 1.705 vertex -1.475 -0.9261 1.705 vertex -1.425 -0.9261 1.705 endloop endfacet
facet normal 0.123 -0.1695 0.9778 outer loop vertex -1.342 -1.183 1.65 vertex -1.167 -1.056 1.65 vertex -1.385 -0.897 1.705 endloop endfacet
facet normal 0.1233 -0.1695 0.9778 outer loop vertex -1.342 -1.183 1.65 vertex -1.385 -0.897 1.705 vertex -1.425 -0.9261 1.705 endloop endfacet
facet normal 0 0 -1 outer loop vertex -1.45 -0.85 1.65 vertex -1.167 -1.056 1.65 vertex -1.342 -1.183 1.65 endloop endfacet
facet normal 0 0 1 outer loop vertex -1.45 -0.85 1.705 vertex -1.425 -0.9261 1.705 vertex -1.385 -0.897 1.705 endloop endfacet
facet normal 0.1992 -0.06478 0.9778 outer loop vertex -1.167 -1.056 1.65 vertex -1.1 -0.85 1.65 vertex -1.37 -0.85 1.705 endloop endfacet
facet normal 0.2001 -0.06386 0.9777 outer loop vertex -1.167 -1.056 1.65 vertex -1.37 -0.85 1.705 vertex -1.385 -0.897 1.705 endloop endfacet
facet normal 0 0 -1 outer loop vertex -1.45 -0.85 1.65 vertex -1.1 -0.85 1.65 vertex -1.167 -1.056 1.65 endloop endfacet
facet normal 0 0 1 outer loop vertex -1.45 -0.85 1.705 vertex -1.385 -0.897 1.705 vertex -1.37 -0.85 1.705 endloop endfacet
facet normal 0.3217 0.4996 0.8043 outer loop vertex -1.45 -0.828 0.28 vertex -1.443 -0.861 0.2977 vertex -1.093 -0.861 0.1577 endloop endfacet
facet normal 0.3217 0.4996 0.8043 outer loop vertex -1.45 -0.828 0.28 vertex -1.093 -0.861 0.1577 vertex -1.1 -0.828 0.14 endloop endfacet
facet normal -0.9299 0 0.3678 outer loop vertex -1.45 -0.85 0.28 vertex -1.443 -0.861 0.2977 vertex -1.45 -0.828 0.28 endloop endfacet
facet normal 0.9299 0 -0.3678 outer loop vertex -1.1 -0.85 0.14 vertex -1.1 -0.828 0.14 vertex -1.093 -0.861 0.1577 endloop endfacet
facet normal 0 -1 0 outer loop vertex -1.443 -0.861 0.2977 vertex -1.457 -0.861 0.2623 vertex -1.107 -0.861 0.1223 endloop endfacet
facet normal 0 -1 0 outer loop vertex -1.443 -0.861 0.2977 vertex -1.107 -0.861 0.1223 vertex -1.093 -0.861 0.1577 endloop endfacet
facet normal -0.9299 0 0.3678 outer loop vertex -1.45 -0.85 0.28 vertex -1.457 -0.861 0.2623 vertex -1.443 -0.861 0.2977 endloop endfacet
facet normal 0.9299 0 -0.3678 outer loop vertex -1.1 -0.85 0.14 vertex -1.093 -0.861 0.1577 vertex -1.107 -0.861 0.1223 endloop endfacet
facet normal -0.3217 0.4996 -0.8043 outer loop vertex -1.457 -0.861 0.2623 vertex -1.45 -0.828 0.28 vertex -1.1 -0.828 0.14 endloop endfacet
facet normal -0.3217 0.4996 -0.8043 outer loop vertex -1.457 -0.861 0.2623 vertex -1.1 -0.828 0.14 vertex -1.107 -0.861 0.1223 endloop endfacet
facet normal -0.9299 0 0.3678 outer loop vertex -1.45 -0.85 0.28 vertex -1.45 -0.828 0.28 vertex -1.457 -0.861 0.2623 endloop endfacet
facet normal 0.9299 0 -0.3678 outer loop vertex -1.1 -0.85 0.14 vertex -1.107 -0.861 0.1223 vertex -1.1 -0.828 0.14 endloop endfacet
facet normal -0.5944 0.02805 0.8037 outer loop vertex -1.469 -0.861 0.28 vertex -1.444 -0.8384 0.2977 vertex -1.619 -0.5353 0.1577 endloop endfacet
facet normal -0.5944 0.02805 0.8037 outer loop vertex -1.469 -0.861 0.28 vertex -1.619 -0.5353 0.1577 vertex -1.644 -0.5579 0.14 endloop endfacet
facet normal 0.4656 -0.8043 0.3693 outer loop vertex -1.45 -0.85 0.28 vertex -1.444 -0.8384 0.2977 vertex -1.469 -0.861 0.28 endloop endfacet
facet normal -0.4656 0.8043 -0.3693 outer loop vertex -1.625 -0.5469 0.14 vertex -1.644 -0.5579 0.14 vertex -1.619 -0.5353 0.1577 endloop endfacet
facet normal 0.8662 0.4997 -0.0009263 outer loop vertex -1.444 -0.8384 0.2977 vertex -1.437 -0.8506 0.2623 vertex -1.612 -0.5475 0.1223 endloop endfacet
facet normal 0.8662 0.4997 -0.0009263 outer loop vertex -1.444 -0.8384 0.2977 vertex -1.612 -0.5475 0.1223 vertex -1.619 -0.5353 0.1577 endloop endfacet
facet normal 0.4656 -0.8043 0.3693 outer loop vertex -1.45 -0.85 0.28 vertex -1.437 -0.8506 0.2623 vertex -1.444 -0.8384 0.2977 endloop endfacet
facet normal -0.4656 0.8043 -0.3693 outer loop vertex -1.625 -0.5469 0.14 vertex -1.619 -0.5353 0.1577 vertex -1.612 -0.5475 0.1223 endloop endfacet
facet normal -0.2727 -0.5287 -0.8038 outer loop vertex -1.437 -0.8506 0.2623 vertex -1.469 -0.861 0.28 vertex -1.644 -0.5579 0.14 endloop endfacet
facet normal -0.2727 -0.5287 -0.8038 outer loop vertex -1.437 -0.8506 0.2623 vertex -1.644 -0.5579 0.14 vertex -1.612 -0.5475 0.1223 endloop endfacet
facet normal 0.4656 -0.8043 0.3693 outer loop vertex -1.45 -0.85 0.28 vertex -1.469 -0.861 0.28 vertex -1.437 -0.8506 0.2623 endloop endfacet
facet normal -0.4656 0.8043 -0.3693 outer loop vertex -1.625 -0.5469 0.14 vertex -1.612 -0.5475 0.1223 vertex -1.644 -0.5579 0.14 endloop endfacet
facet normal 0.2729 -0.5284 0.8039 outer loop vertex -1.431 -0.861 0.28 vertex -1.463 -0.8506 0.2977 vertex -1.638 -1.154 0.1577 endloop endfacet
facet normal 0.2774 -0.5304 0.8011 outer loop vertex -1.431 -0.861 0.28 vertex -1.638 -1.154 0.1577 vertex -1.606 -1.164 0.14 endloop endfacet
facet normal 0.4656 0.8043 0.3693 outer loop vertex -1.45 -0.85 0.28 vertex -1.463 -0.8506 0.2977 vertex -1.431 -0.861 0.28 endloop endfacet
facet normal -0.4625 -0.7988 -0.3848 outer loop vertex -1.625 -1.153 0.14 vertex -1.606 -1.164 0.14 vertex -1.638 -1.154 0.1577 endloop endfacet
facet normal -0.8659 0.5002 0.001171 outer loop vertex -1.463 -0.8506 0.2977 vertex -1.456 -0.8384 0.2623 vertex -1.631 -1.141 0.1223 endloop endfacet
facet normal -0.8683 0.496 0.01045 outer loop vertex -1.463 -0.8506 0.2977 vertex -1.631 -1.141 0.1223 vertex -1.638 -1.154 0.1577 endloop endfacet
facet normal 0.4656 0.8043 0.3693 outer loop vertex -1.45 -0.85 0.28 vertex -1.456 -0.8384 0.2623 vertex -1.463 -0.8506 0.2977 endloop endfacet
facet normal -0.4625 -0.7988 -0.3848 outer loop vertex -1.625 -1.153 0.14 vertex -1.638 -1.154 0.1577 vertex -1.631 -1.141 0.1223 endloop endfacet
facet normal 0.5944 0.02806 -0.8037 outer loop vertex -1.456 -0.8384 0.2623 vertex -1.431 -0.861 0.28 vertex -1.606 -1.164 0.14 endloop endfacet
facet normal 0.5946 0.02791 -0.8035 outer loop vertex -1.456 -0.8384 0.2623 vertex -1.606 -1.164 0.14 vertex -1.631 -1.141 0.1223 endloop endfacet
facet normal 0.4656 0.8043 0.3693 outer loop vertex -1.45 -0.85 0.28 vertex -1.431 -0.861 0.28 vertex -1.456 -0.8384 0.2623 endloop endfacet
facet normal -0.4625 -0.7988 -0.3848 outer loop vertex -1.625 -1.153 0.14 vertex -1.631 -1.141 0.1223 vertex -1.606 -1.164 0.14 endloop endfacet
facet normal 0.7071 0.7071 0 outer loop vertex -1.426 -2 0.18 vertex -1.45 -1.976 0.18 vertex -1.45 -1.976 2.35 endloop endfacet
facet normal 0.7071 0.7071 0 outer loop vertex -1.426 -2 0.18 vertex -1.45 -1.976 2.35 vertex -1.426 -2 2.35 endloop endfacet
facet normal 0 0 -1 outer loop vertex -1.45 -2 0.18 vertex -1.45 -1.976 0.18 vertex -1.426 -2 0.18 endloop endfacet
facet normal 0 0 1 outer loop vertex -1.45 -2 2.35 vertex -1.426 -2 2.35 vertex -1.45 -1.976 2.35 endloop endfacet
facet normal -0.7071 0.7071 0 outer loop vertex -1.45 -1.976 0.18 vertex -1.474 -2 0.18 vertex -1.474 -2 2.35 endloop endfacet
facet normal -0.7071 0.7071 0 outer loop vertex -1.45 -1.976 0.18 vertex -1.474 -2 2.35 vertex -1.45 -1.976 2.35 endloop endfacet
facet normal 0 0 -1 outer loop vertex -1.45 -2 0.18 vertex -1.474 -2 0.18 vertex -1.45 -1.976 0.18 endloop endfacet
facet normal 0 0 1 outer loop vertex -1.45 -2 2.35 vertex -1.45 -1.976 2.35 vertex -1.474 -2 2.35 endloop endfacet
facet normal -0.7071 -0.7071 0 outer loop vertex -1.474 -2 0.18 vertex -1.45 -2.024 0.18 vertex -1.45 -2.024 2.35 endloop endfacet
facet normal -0.7071 -0.7071 0 outer loop vertex -1.474 -2 0.18 vertex -1.45 -2.024 2.35 vertex -1.474 -2 2.35 endloop endfacet
facet normal 0 0 -1 outer loop vertex -1.45 -2 0.18 vertex -1.45 -2.024 0.18 vertex -1.474 -2 0.18 endloop endfacet
facet normal 0 0 1 outer loop vertex -1.45 -2 2.35 vertex -1.474 -2 2.35 vertex -1.45 -2.024 2.35 endloop endfacet
facet normal 0.7071 -0.7071 0 outer loop vertex -1.45 -2.024 0.18 vertex -1.426 -2 0.18 vertex -1.426 -2 2.35 endloop endfacet
facet normal 0.7071 -0.7071 0 outer loop vertex -1.45 -2.024 0.18 vertex -1.426 -2 2.35 vertex -1.45 -2.024 2.35 endloop endfacet
facet normal 0 0 -1 outer loop vertex -1.45 -2 0.18 vertex -1.426 -2 0.18 vertex -1.45 -2.024 0.18 endloop endfacet
facet normal 0 0 1 outer loop vertex -1.45 -2 2.35 vertex -1.45 -2.024 2.35 vertex -1.426 -2 2.35 endloop endfacet
facet normal 0.1298 0.04194 0.9907 outer loop vertex -0.95 -2 2.25 vertex -1.045 -1.706 2.25 vertex -1.385 -1.953 2.305 endloop endfacet
facet normal 0.1297 0.0414 0.9907 outer loop vertex -0.95 -2 2.25 vertex -1.385 -1.953 2.305 vertex -1.37 -2 2.305 endloop endfacet
facet normal 0 0 -1 outer loop vertex -1.45 -2 2.25 vertex -1.045 -1.706 2.25 vertex -0.95 -2 2.25 endloop endfacet
facet normal 0 0 1 outer loop vertex -1.45 -2 2.305 vertex -1.37 -2 2.305 vertex -1.385 -1.953 2.305 endloop endfacet
facet normal 0.08019 0.1102 0.9907 outer loop vertex -1.045 -1.706 2.25 vertex -1.295 -1.524 2.25 vertex -1.425 -1.924 2.305 endloop endfacet
facet normal 0.08005 0.1104 0.9907 outer loop vertex -1.045 -1.706 2.25 vertex -1.425 -1.924 2.305 vertex -1.385 -1.953 2.305 endloop endfacet
facet normal 0 0 -1 outer loop vertex -1.45 -2 2.25 vertex -1.295 -1.524 2.25 vertex -1.045 -1.706 2.25 endloop endfacet
facet normal 0 0 1 outer loop vertex -1.45 -2 2.305 vertex -1.385 -1.953 2.305 vertex -1.425 -1.924 2.305 endloop endfacet
facet normal 0 0.1362 0.9907 outer loop vertex -1.295 -1.524 2.25 vertex -1.605 -1.524 2.25 vertex -1.475 -1.924 2.305 endloop endfacet
facet normal 0 0.1362 0.9907 outer loop vertex -1.295 -1.524 2.25 vertex -1.475 -1.924 2.305 vertex -1.425 -1.924 2.305 endloop endfacet
facet normal 0 0 -1 outer loop vertex -1.45 -2 2.25 vertex -1.605 -1.524 2.25 vertex -1.295 -1.524 2.25 endloop endfacet
facet normal 0 0 1 outer loop vertex -1.45 -2 2.305 vertex -1.425 -1.924 2.305 vertex -1.475 -1.924 2.305 endloop endfacet
facet normal -0.08021 0.1102 0.9907 outer loop vertex -1.605 -1.524 2.25 vertex -1.855 -1.706 2.25 vertex -1.515 -1.953 2.305 endloop endfacet
facet normal -0.07993 0.1102 0.9907 outer loop vertex -1.605 -1.524 2.25 vertex -1.515 -1.953 2.305 vertex -1.475 -1.924 2.305 endloop endfacet
facet normal 0 0 -1 outer loop vertex -1.45 -2 2.25 vertex -1.855 -1.706 2.25 vertex -1.605 -1.524 2.25 endloop endfacet
facet normal 0 0 1 outer loop vertex -1.45 -2 2.305 vertex -1.475 -1.924 2.305 vertex -1.515 -1.953 2.305 endloop endfacet
facet normal -0.1297 0.04192 0.9907 outer loop vertex -1.855 -1.706 2.25 vertex -1.95 -2 2.25 vertex -1.53 -2 2.305 endloop endfacet
facet normal -0.1301 0.04152 0.9906 outer loop vertex -1.855 -1.706 2.25 vertex -1.53 -2 2.305 vertex -1.515 -1.953 2.305 endloop endfacet
facet normal 0 0 -1 outer loop vertex -1.45 -2 2.25 vertex -1.95 -2 2.25 vertex -1.855 -1.706 2.25 endloop endfacet
facet normal 0 0 1 outer loop vertex -1.45 -2 2.305 vertex -1.515 -1.953 2.305 vertex -1.53 -2 2.305 endloop endfacet
facet normal -0.1298 -0.04194 0.9907 outer loop vertex -1.95 -2 2.25 vertex -1.855 -2.294 2.25 vertex -1.515 -2.047 2.305 endloop endfacet
facet normal -0.1297 -0.0414 0.9907 outer loop vertex -1.95 -2 2.25 vertex -1.515 -2.047 2.305 vertex -1.53 -2 2.305 endloop endfacet
facet normal 0 0 -1 outer loop vertex -1.45 -2 2.25 vertex -1.855 -2.294 2.25 vertex -1.95 -2 2.25 endloop endfacet
facet normal 0 0 1 outer loop vertex -1.45 -2 2.305 vertex -1.53 -2 2.305 vertex -1.515 -2.047 2.305 endloop endfacet
facet normal -0.08019 -0.1102 0.9907 outer loop vertex -1.855 -2.294 2.25 vertex -1.605 -2.476 2.25 vertex -1.475 -2.076 2.305 endloop endfacet
facet normal -0.08005 -0.1104 0.9907 outer loop vertex -1.855 -2.294 2.25 vertex -1.475 -2.076 2.305 vertex -1.515 -2.047 2.305 endloop endfacet
facet normal 0 0 -1 outer loop vertex -1.45 -2 2.25 vertex -1.605 -2.476 2.25 vertex -1.855 -2.294 2.25 endloop endfacet
facet normal 0 0 1 outer loop vertex -1.45 -2 2.305 vertex -1.515 -2.047 2.305 vertex -1.475 -2.076 2.305 endloop endfacet
facet normal 0 -0.1362 0.9907 outer loop vertex -1.605 -2.476 2.25 vertex -1.295 -2.476 2.25 vertex -1.425 -2.076 2.305 endloop endfacet
facet normal 0 -0.1362 0.9907 outer loop vertex -1.605 -2.476 2.25 vertex -1.425 -2.076 2.305 vertex -1.475 -2.076 2.305 endloop endfacet
facet normal 0 0 -1 outer loop vertex -1.45 -2 2.25 vertex -1.295 -2.476 2.25 vertex -1.605 -2.476 2.25 endloop endfacet
facet normal 0 0 1 outer loop vertex -1.45 -2 2.305 vertex -1.475 -2.076 2.305 vertex -1.425 -2.076 2.305 endloop endfacet
facet normal 0.08021 -0.1102 0.9907 outer loop vertex -1.295 -2.476 2.25 vertex -1.045 -2.294 2.25 vertex -1.385 -2.047 2.305 endloop endfacet
facet normal 0.07993 -0.1102 0.9907 outer loop vertex -1.295 -2.476 2.25 vertex -1.385 -2.047 2.305 vertex -1.425 -2.076 2.305 endloop endfacet
facet normal 0 0 -1 outer loop vertex -1.45 -2 2.25 vertex -1.045 -2.294 2.25 vertex -1.295 -2.476 2.25 endloop endfacet
facet normal 0 0 1 outer loop vertex -1.45 -2 2.305 vertex -1.425 -2.076 2.305 vertex -1.385 -2.047 2.305 endloop endfacet
facet normal 0.1297 -0.04192 0.9907 outer loop vertex -1.045 -2.294 2.25 vertex -0.95 -2 2.25 vertex -1.37 -2 2.305 endloop endfacet
facet normal 0.1301 -0.04152 0.9906 outer loop vertex -1.045 -2.294 2.25 vertex -1.37 -2 2.305 vertex -1.385 -2.047 2.305 endloop endfacet
facet normal 0 0 -1 outer loop vertex -1.45 -2 2.25 vertex -0.95 -2 2.25 vertex -1.045 -2.294 2.25 endloop endfacet
facet normal 0 0 1 outer loop vertex -1.45 -2 2.305 vertex -1.385 -2.047 2.305 vertex -1.37 -2 2.305 endloop endfacet
facet normal 0.3217 0.4996 0.8043 outer loop vertex -1.45 -1.978 0.28 vertex -1.443 -2.011 0.2977 vertex -1.093 -2.011 0.1577 endloop endfacet
facet normal 0.3217 0.4996 0.8043 outer loop vertex -1.45 -1.978 0.28 vertex -1.093 -2.011 0.1577 vertex -1.1 -1.978 0.14 endloop endfacet
facet normal -0.9299 0 0.3678 outer loop vertex -1.45 -2 0.28 vertex -1.443 -2.011 0.2977 vertex -1.45 -1.978 0.28 endloop endfacet
facet normal 0.9299 0 -0.3678 outer loop vertex -1.1 -2 0.14 vertex -1.1 -1.978 0.14 vertex -1.093 -2.011 0.1577 endloop endfacet
facet normal 0 -1 0 outer loop vertex -1.443 -2.011 0.2977 vertex -1.457 -2.011 0.2623 vertex -1.107 -2.011 0.1223 endloop endfacet
facet normal 0 -1 0 outer loop vertex -1.443 -2.011 0.2977 vertex -1.107 -2.011 0.1223 vertex -1.093 -2.011 0.1577 endloop endfacet
facet normal -0.9299 0 0.3678 outer loop vertex -1.45 -2 0.28 vertex -1.457 -2.011 0.2623 vertex -1.443 -2.011 0.2977 endloop endfacet
facet normal 0.9299 0 -0.3678 outer loop vertex -1.1 -2 0.14 vertex -1.093 -2.011 0.1577 vertex -1.107 -2.011 0.1223 endloop endfacet
facet normal -0.3217 0.4996 -0.8043 outer loop vertex -1.457 -2.011 0.2623 vertex -1.45 -1.978 0.28 vertex -1.1 -1.978 0.14 endloop endfacet
facet normal -0.3217 0.4996 -0.8043 outer loop vertex -1.457 -2.011 0.2623 vertex -1.1 -1.978 0.14 vertex -1.107 -2.011 0.1223 endloop endfacet
facet normal -0.9299 0 0.3678 outer loop vertex -1.45 -2 0.28 vertex -1.45 -1.978 0.28 vertex -1.457 -2.011 0.2623 endloop endfacet
facet normal 0.9299 0 -0.3678 outer loop vertex -1.1 -2 0.14 vertex -1.107 -2.011 0.1223 vertex -1.1 -1.978 0.14 endloop endfacet
facet normal -0.5946 0.02788 0.8036 outer loop vertex -1.469 -2.011 0.28 vertex -1.444 -1.988 0.2977 vertex -1.619 -1.685 0.1577 endloop endfacet
facet normal -0.5946 0.02788 0.8036 outer loop vertex -1.469 -2.011 0.28 vertex -1.619 -1.685 0.1577 vertex -1.644 -1.708 0.14 endloop endfacet
facet normal 0.4625 -0.7988 0.3848 outer loop vertex -1.45 -2 0.28 vertex -1.444 -1.988 0.2977 vertex -1.469 -2.011 0.28 endloop endfacet
facet normal -0.4625 0.7988 -0.3848 outer loop vertex -1.625 -1.697 0.14 vertex -1.644 -1.708 0.14 vertex -1.619 -1.685 0.1577 endloop endfacet
facet normal 0.868 0.4964 -0.01065 outer loop vertex -1.444 -1.988 0.2977 vertex -1.437 -2.001 0.2623 vertex -1.612 -1.698 0.1223 endloop endfacet
facet normal 0.868 0.4964 -0.01065 outer loop vertex -1.444 -1.988 0.2977 vertex -1.612 -1.698 0.1223 vertex -1.619 -1.685 0.1577 endloop endfacet
facet normal 0.4625 -0.7988 0.3848 outer loop vertex -1.45 -2 0.28 vertex -1.437 -2.001 0.2623 vertex -1.444 -1.988 0.2977 endloop endfacet
facet normal -0.4625 0.7988 -0.3848 outer loop vertex -1.625 -1.697 0.14 vertex -1.619 -1.685 0.1577 vertex -1.612 -1.698 0.1223 endloop endfacet
facet normal -0.2774 -0.5304 -0.8011 outer loop vertex -1.437 -2.001 0.2623 vertex -1.469 -2.011 0.28 vertex -1.644 -1.708 0.14 endloop endfacet
facet normal -0.2774 -0.5304 -0.8011 outer loop vertex -1.437 -2.001 0.2623 vertex -1.644 -1.708 0.14 vertex -1.612 -1.698 0.1223 endloop endfacet
facet normal 0.4625 -0.7988 0.3848 outer loop vertex -1.45 -2 0.28 vertex -1.469 -2.011 0.28 vertex -1.437 -2.001 0.2623 endloop endfacet
facet normal -0.4625 0.7988 -0.3848 outer loop vertex -1.625 -1.697 0.14 vertex -1.612 -1.698 0.1223 vertex -1.644 -1.708 0.14 endloop endfacet
facet normal 0.2774 -0.5304 0.8011 outer loop vertex -1.431 -2.011 0.28 vertex -1.463 -2.001 0.2977 vertex -1.638 -2.304 0.1577 endloop endfacet
facet normal 0.2774 -0.5304 0.8011 outer loop vertex -1.431 -2.011 0.28 vertex -1.638 -2.304 0.1577 vertex -1.606 -2.314 0.14 endloop endfacet
facet normal 0.4625 0.7988 0.3848 outer loop vertex -1.45 -2 0.28 vertex -1.463 -2.001 0.2977 vertex -1.431 -2.011 0.28 endloop endfacet
facet normal -0.4625 -0.7988 -0.3848 outer loop vertex -1.625 -2.303 0.14 vertex -1.606 -2.314 0.14 vertex -1.638 -2.304 0.1577 endloop endfacet
facet normal -0.868 0.4964 0.01065 outer loop vertex -1.463 -2.001 0.2977 vertex -1.456 -1.988 0.2623 vertex -1.631 -2.291 0.1223 endloop endfacet
facet normal -0.868 0.4964 0.01065 outer loop vertex -1.463 -2.001 0.2977 vertex -1.631 -2.291 0.1223 vertex -1.638 -2.304 0.1577 endloop endfacet
facet normal 0.4625 0.7988 0.3848 outer loop vertex -1.45 -2 0.28 vertex -1.456 -1.988 0.2623 vertex -1.463 -2.001 0.2977 endloop endfacet
facet normal -0.4625 -0.7988 -0.3848 outer loop vertex -1.625 -2.303 0.14 vertex -1.638 -2.304 0.1577 vertex -1.631 -2.291 0.1223 endloop endfacet
facet normal 0.5946 0.02788 -0.8036 outer loop vertex -1.456 -1.988 0.2623 vertex -1.431 -2.011 0.28 vertex -1.606 -2.314 0.14 endloop endfacet
facet normal 0.5946 0.02788 -0.8036 outer loop vertex -1.456 -1.988 0.2623 vertex -1.606 -2.314 0.14 vertex -1.631 -2.291 0.1223 endloop endfacet
facet normal 0.4625 0.7988 0.3848 outer loop vertex -1.45 -2 0.28 vertex -1.431 -2.011 0.28 vertex -1.456 -1.988 0.2623 endloop endfacet
facet normal -0.4625 -0.7988 -0.3848 outer loop vertex -1.625 -2.303 0.14 vertex -1.631 -2.291 0.1223 vertex -1.606 -2.314 0.14 endloop endfacet
facet normal 0.7071 0.7071 0 outer loop vertex 1.424 -0.7 0.18 vertex 1.4 -0.676 0.18 vertex 1.4 -0.676 2.35 endloop endfacet
facet normal 0.7071 0.7071 0 outer loop vertex 1.424 -0.7 0.18 vertex 1.4 -0.676 2.35 vertex 1.424 -0.7 2.35 endloop endfacet
facet normal 0 0 -1 outer loop vertex 1.4 -0.7 0.18 vertex 1.4 -0.676 0.18 vertex 1.424 -0.7 0.18 endloop endfacet
facet normal 0 0 1 outer loop vertex 1.4 -0.7 2.35 vertex 1.424 -0.7 2.35 vertex 1.4 -0.676 2.35 endloop endfacet
facet normal -0.7071 0.7071 0 outer loop vertex 1.4 -0.676 0.18 vertex 1.376 -0.7 0.18 vertex 1.376 -0.7 2.35 endloop endfacet
facet normal -0.7071 0.7071 0 outer loop vertex 1.4 -0.676 0.18 vertex 1.376 -0.7 2.35 vertex 1.4 -0.676 2.35 endloop endfacet
facet normal 0 0 -1 outer loop vertex 1.4 -0.7 0.18 vertex 1.376 -0.7 0.18 vertex 1.4 -0.676 0.18 endloop endfacet
facet normal 0 0 1 outer loop vertex 1.4 -0.7 2.35 vertex 1.4 -0.676 2.35 vertex 1.376 -0.7 2.35 endloop endfacet
facet normal -0.7071 -0.7071 0 outer loop vertex 1.376 -0.7 0.18 vertex 1.4 -0.724 0.18 vertex 1.4 -0.724 2.35 endloop endfacet
facet normal -0.7071 -0.7071 0 outer loop vertex 1.376 -0.7 0.18 vertex 1.4 -0.724 2.35 vertex 1.376 -0.7 2.35 endloop endfacet
facet normal 0 0 -1 outer loop vertex 1.4 -0.7 0.18 vertex 1.4 -0.724 0.18 vertex 1.376 -0.7 0.18 endloop endfacet
facet normal 0 0 1 outer loop vertex 1.4 -0.7 2.35 vertex 1.376 -0.7 2.35 vertex 1.4 -0.724 2.35 endloop endfacet
facet normal 0.7071 -0.7071 0 outer loop vertex 1.4 -0.724 0.18 vertex 1.424 -0.7 0.18 vertex 1.424 -0.7 2.35 endloop endfacet
facet normal 0.7071 -0.7071 0 outer loop vertex 1.4 -0.724 0.18 vertex 1.424 -0.7 2.35 vertex 1.4 -0.724 2.35 endloop endfacet
facet normal 0 0 -1 outer loop vertex 1.4 -0.7 0.18 vertex 1.424 -0.7 0.18 vertex 1.4 -0.724 0.18 endloop endfacet
facet normal 0 0 1 outer loop vertex 1.4 -0.7 2.35 vertex 1.4 -0.724 2.35 vertex 1.424 -0.7 2.35 endloop endfacet
facet normal 0.1268 0.04103 0.9911 outer loop vertex 1.91 -0.7 2.25 vertex 1.813 -0.4002 2.25 vertex 1.465 -0.653 2.305 endloop endfacet
facet normal 0.1268 0.04046 0.9911 outer loop vertex 1.91 -0.7 2.25 vertex 1.465 -0.653 2.305 vertex 1.48 -0.7 2.305 endloop endfacet
facet normal 0 0 -1 outer loop vertex 1.4 -0.7 2.25 vertex 1.813 -0.4002 2.25 vertex 1.91 -0.7 2.25 endloop endfacet
facet normal 0 0 1 outer loop vertex 1.4 -0.7 2.305 vertex 1.48 -0.7 2.305 vertex 1.465 -0.653 2.305 endloop endfacet
facet normal 0.07832 0.1078 0.9911 outer loop vertex 1.813 -0.4002 2.25 vertex 1.558 -0.215 2.25 vertex 1.425 -0.6239 2.305 endloop endfacet
facet normal 0.07838 0.1077 0.9911 outer loop vertex 1.813 -0.4002 2.25 vertex 1.425 -0.6239 2.305 vertex 1.465 -0.653 2.305 endloop endfacet
facet normal 0 0 -1 outer loop vertex 1.4 -0.7 2.25 vertex 1.558 -0.215 2.25 vertex 1.813 -0.4002 2.25 endloop endfacet
facet normal 0 0 1 outer loop vertex 1.4 -0.7 2.305 vertex 1.465 -0.653 2.305 vertex 1.425 -0.6239 2.305 endloop endfacet
facet normal 0 0.1333 0.9911 outer loop vertex 1.558 -0.215 2.25 vertex 1.242 -0.215 2.25 vertex 1.375 -0.6239 2.305 endloop endfacet
facet normal 0 0.1333 0.9911 outer loop vertex 1.558 -0.215 2.25 vertex 1.375 -0.6239 2.305 vertex 1.425 -0.6239 2.305 endloop endfacet
facet normal 0 0 -1 outer loop vertex 1.4 -0.7 2.25 vertex 1.242 -0.215 2.25 vertex 1.558 -0.215 2.25 endloop endfacet
facet normal 0 0 1 outer loop vertex 1.4 -0.7 2.305 vertex 1.425 -0.6239 2.305 vertex 1.375 -0.6239 2.305 endloop endfacet
facet normal -0.07842 0.1078 0.9911 outer loop vertex 1.242 -0.215 2.25 vertex 0.9874 -0.4002 2.25 vertex 1.335 -0.653 2.305 endloop endfacet
facet normal -0.07842 0.1078 0.9911 outer loop vertex 1.242 -0.215 2.25 vertex 1.335 -0.653 2.305 vertex 1.375 -0.6239 2.305 endloop endfacet
facet normal 0 0 -1 outer loop vertex 1.4 -0.7 2.25 vertex 0.9874 -0.4002 2.25 vertex 1.242 -0.215 2.25 endloop endfacet
facet normal 0 0 1 outer loop vertex 1.4 -0.7 2.305 vertex 1.375 -0.6239 2.305 vertex 1.335 -0.653 2.305 endloop endfacet
facet normal -0.1268 0.04118 0.9911 outer loop vertex 0.9874 -0.4002 2.25 vertex 0.89 -0.7 2.25 vertex 1.32 -0.7 2.305 endloop endfacet
facet normal -0.1273 0.04062 0.991 outer loop vertex 0.9874 -0.4002 2.25 vertex 1.32 -0.7 2.305 vertex 1.335 -0.653 2.305 endloop endfacet
facet normal 0 0 -1 outer loop vertex 1.4 -0.7 2.25 vertex 0.89 -0.7 2.25 vertex 0.9874 -0.4002 2.25 endloop endfacet
facet normal 0 0 1 outer loop vertex 1.4 -0.7 2.305 vertex 1.335 -0.653 2.305 vertex 1.32 -0.7 2.305 endloop endfacet
facet normal -0.1268 -0.04121 0.9911 outer loop vertex 0.89 -0.7 2.25 vertex 0.9874 -0.9998 2.25 vertex 1.335 -0.747 2.305 endloop endfacet
facet normal -0.1268 -0.04046 0.9911 outer loop vertex 0.89 -0.7 2.25 vertex 1.335 -0.747 2.305 vertex 1.32 -0.7 2.305 endloop endfacet
facet normal 0 0 -1 outer loop vertex 1.4 -0.7 2.25 vertex 0.9874 -0.9998 2.25 vertex 0.89 -0.7 2.25 endloop endfacet
facet normal 0 0 1 outer loop vertex 1.4 -0.7 2.305 vertex 1.32 -0.7 2.305 vertex 1.335 -0.747 2.305 endloop endfacet
facet normal -0.07842 -0.1078 0.9911 outer loop vertex 0.9874 -0.9998 2.25 vertex 1.242 -1.185 2.25 vertex 1.375 -0.7761 2.305 endloop endfacet
facet normal -0.07842 -0.1078 0.9911 outer loop vertex 0.9874 -0.9998 2.25 vertex 1.375 -0.7761 2.305 vertex 1.335 -0.747 2.305 endloop endfacet
facet normal 0 0 -1 outer loop vertex 1.4 -0.7 2.25 vertex 1.242 -1.185 2.25 vertex 0.9874 -0.9998 2.25 endloop endfacet
facet normal 0 0 1 outer loop vertex 1.4 -0.7 2.305 vertex 1.335 -0.747 2.305 vertex 1.375 -0.7761 2.305 endloop endfacet
facet normal 0 -0.1333 0.9911 outer loop vertex 1.242 -1.185 2.25 vertex 1.558 -1.185 2.25 vertex 1.425 -0.7761 2.305 endloop endfacet
facet normal 0 -0.1333 0.9911 outer loop vertex 1.242 -1.185 2.25 vertex 1.425 -0.7761 2.305 vertex 1.375 -0.7761 2.305 endloop endfacet
facet normal 0 0 -1 outer loop vertex 1.4 -0.7 2.25 vertex 1.558 -1.185 2.25 vertex 1.242 -1.185 2.25 endloop endfacet
facet normal 0 0 1 outer loop vertex 1.4 -0.7 2.305 vertex 1.375 -0.7761 2.305 vertex 1.425 -0.7761 2.305 endloop endfacet
facet normal 0.07831 -0.1078 0.9911 outer loop vertex 1.558 -1.185 2.25 vertex 1.813 -0.9998 2.25 vertex 1.465 -0.747 2.305 endloop endfacet
facet normal 0.07842 -0.1078 0.9911 outer loop vertex 1.558 -1.185 2.25 vertex 1.465 -0.747 2.305 vertex 1.425 -0.7761 2.305 endloop endfacet
facet normal 0 0 -1 outer loop vertex 1.4 -0.7 2.25 vertex 1.813 -0.9998 2.25 vertex 1.558 -1.185 2.25 endloop endfacet
facet normal 0 0 1 outer loop vertex 1.4 -0.7 2.305 vertex 1.425 -0.7761 2.305 vertex 1.465 -0.747 2.305 endloop endfacet
facet normal 0.1268 -0.04102 0.9911 outer loop vertex 1.813 -0.9998 2.25 vertex 1.91 -0.7 2.25 vertex 1.48 -0.7 2.305 endloop endfacet
facet normal 0.1272 -0.04058 0.9911 outer loop vertex 1.813 -0.9998 2.25 vertex 1.48 -0.7 2.305 vertex 1.465 -0.747 2.305 endloop endfacet
facet normal 0 0 -1 outer loop vertex 1.4 -0.7 2.25 vertex 1.91 -0.7 2.25 vertex 1.813 -0.9998 2.25 endloop endfacet
facet normal 0 0 1 outer loop vertex 1.4 -0.7 2.305 vertex 1.465 -0.747 2.305 vertex 1.48 -0.7 2.305 endloop endfacet
facet normal 0.3217 0.4996 0.8043 outer loop vertex 1.4 -0.678 0.28 vertex 1.407 -0.711 0.2977 vertex 1.757 -0.711 0.1577 endloop endfacet
facet normal 0.3217 0.4996 0.8043 outer loop vertex 1.4 -0.678 0.28 vertex 1.757 -0.711 0.1577 vertex 1.75 -0.678 0.14 endloop endfacet
facet normal -0.9299 0 0.3678 outer loop vertex 1.4 -0.7 0.28 vertex 1.407 -0.711 0.2977 vertex 1.4 -0.678 0.28 endloop endfacet
facet normal 0.9299 0 -0.3678 outer loop vertex 1.75 -0.7 0.14 vertex 1.75 -0.678 0.14 vertex 1.757 -0.711 0.1577 endloop endfacet
facet normal 0 -1 0 outer loop vertex 1.407 -0.711 0.2977 vertex 1.393 -0.711 0.2623 vertex 1.743 -0.711 0.1223 endloop endfacet
facet normal 0 -1 0 outer loop vertex 1.407 -0.711 0.2977 vertex 1.743 -0.711 0.1223 vertex 1.757 -0.711 0.1577 endloop endfacet
facet normal -0.9299 0 0.3678 outer loop vertex 1.4 -0.7 0.28 vertex 1.393 -0.711 0.2623 vertex 1.407 -0.711 0.2977 endloop endfacet
facet normal 0.9299 0 -0.3678 outer loop vertex 1.75 -0.7 0.14 vertex 1.757 -0.711 0.1577 vertex 1.743 -0.711 0.1223 endloop endfacet
facet normal -0.3217 0.4996 -0.8043 outer loop vertex 1.393 -0.711 0.2623 vertex 1.4 -0.678 0.28 vertex 1.75 -0.678 0.14 endloop endfacet
facet normal -0.3217 0.4996 -0.8043 outer loop vertex 1.393 -0.711 0.2623 vertex 1.75 -0.678 0.14 vertex 1.743 -0.711 0.1223 endloop endfacet
facet normal -0.9299 0 0.3678 outer loop vertex 1.4 -0.7 0.28 vertex 1.4 -0.678 0.28 vertex 1.393 -0.711 0.2623 endloop endfacet
facet normal 0.9299 0 -0.3678 outer loop vertex 1.75 -0.7 0.14 vertex 1.743 -0.711 0.1223 vertex 1.75 -0.678 0.14 endloop endfacet
facet normal -0.5944 0.02805 0.8037 outer loop vertex 1.381 -0.711 0.28 vertex 1.406 -0.6884 0.2977 vertex 1.231 -0.3853 0.1577 endloop endfacet
facet normal -0.5944 0.02805 0.8037 outer loop vertex 1.381 -0.711 0.28 vertex 1.231 -0.3853 0.1577 vertex 1.206 -0.4079 0.14 endloop endfacet
facet normal 0.4656 -0.8043 0.3693 outer loop vertex 1.4 -0.7 0.28 vertex 1.406 -0.6884 0.2977 vertex 1.381 -0.711 0.28 endloop endfacet
facet normal -0.4656 0.8043 -0.3693 outer loop vertex 1.225 -0.3969 0.14 vertex 1.206 -0.4079 0.14 vertex 1.231 -0.3853 0.1577 endloop endfacet
facet normal 0.8662 0.4997 -0.0009263 outer loop vertex 1.406 -0.6884 0.2977 vertex 1.413 -0.7006 0.2623 vertex 1.238 -0.3975 0.1223 endloop endfacet
facet normal 0.8662 0.4997 -0.0009263 outer loop vertex 1.406 -0.6884 0.2977 vertex 1.238 -0.3975 0.1223 vertex 1.231 -0.3853 0.1577 endloop endfacet
facet normal 0.4656 -0.8043 0.3693 outer loop vertex 1.4 -0.7 0.28 vertex 1.413 -0.7006 0.2623 vertex 1.406 -0.6884 0.2977 endloop endfacet
facet normal -0.4656 0.8043 -0.3693 outer loop vertex 1.225 -0.3969 0.14 vertex 1.231 -0.3853 0.1577 vertex 1.238 -0.3975 0.1223 endloop endfacet
facet normal -0.2727 -0.5287 -0.8038 outer loop vertex 1.413 -0.7006 0.2623 vertex 1.381 -0.711 0.28 vertex 1.206 -0.4079 0.14 endloop endfacet
facet normal -0.2727 -0.5287 -0.8038 outer loop vertex 1.413 -0.7006 0.2623 vertex 1.206 -0.4079 0.14 vertex 1.238 -0.3975 0.1223 endloop endfacet
facet normal 0.4656 -0.8043 0.3693 outer loop vertex 1.4 -0.7 0.28 vertex 1.381 -0.711 0.28 vertex 1.413 -0.7006 0.2623 endloop endfacet
facet normal -0.4656 0.8043 -0.3693 outer loop vertex 1.225 -0.3969 0.14 vertex 1.238 -0.3975 0.1223 vertex 1.206 -0.4079 0.14 endloop endfacet
facet normal 0.2729 -0.5284 0.8039 outer loop vertex 1.419 -0.711 0.28 vertex 1.387 -0.7006 0.2977 vertex 1.212 -1.004 0.1577 endloop endfacet
facet normal 0.2774 -0.5304 0.8011 outer loop vertex 1.419 -0.711 0.28 vertex 1.212 -1.004 0.1577 vertex 1.244 -1.014 0.14 endloop endfacet
facet normal 0.4656 0.8043 0.3693 outer loop vertex 1.4 -0.7 0.28 vertex 1.387 -0.7006 0.2977 vertex 1.419 -0.711 0.28 endloop endfacet
facet normal -0.4625 -0.7988 -0.3848 outer loop vertex 1.225 -1.003 0.14 vertex 1.244 -1.014 0.14 vertex 1.212 -1.004 0.1577 endloop endfacet
facet normal -0.8662 0.4997 0.0009263 outer loop vertex 1.387 -0.7006 0.2977 vertex 1.394 -0.6884 0.2623 vertex 1.219 -0.9915 0.1223 endloop endfacet
facet normal -0.8671 0.4981 0.004422 outer loop vertex 1.387 -0.7006 0.2977 vertex 1.219 -0.9915 0.1223 vertex 1.212 -1.004 0.1577 endloop endfacet
facet normal 0.4656 0.8043 0.3693 outer loop vertex 1.4 -0.7 0.28 vertex 1.394 -0.6884 0.2623 vertex 1.387 -0.7006 0.2977 endloop endfacet
facet normal -0.4484 -0.8113 -0.3751 outer loop vertex 1.225 -1.003 0.14 vertex 1.212 -1.004 0.1577 vertex 1.219 -0.9915 0.1223 endloop endfacet
facet normal 0.5944 0.02806 -0.8037 outer loop vertex 1.394 -0.6884 0.2623 vertex 1.419 -0.711 0.28 vertex 1.244 -1.014 0.14 endloop endfacet
facet normal 0.5943 0.02809 -0.8037 outer loop vertex 1.394 -0.6884 0.2623 vertex 1.244 -1.014 0.14 vertex 1.219 -0.9915 0.1223 endloop endfacet
facet normal 0.4656 0.8043 0.3693 outer loop vertex 1.4 -0.7 0.28 vertex 1.419 -0.711 0.28 vertex 1.394 -0.6884 0.2623 endloop endfacet
facet normal -0.4664 -0.8056 -0.3653 outer loop vertex 1.225 -1.003 0.14 vertex 1.219 -0.9915 0.1223 vertex 1.244 -1.014 0.14 endloop endfacet
facet normal 0.7071 0.7071 0 outer loop vertex 1.574 -2.05 0.18 vertex 1.55 -2.026 0.18 vertex 1.55 -2.026 2.25 endloop endfacet
facet normal 0.7071 0.7071 0 outer loop vertex 1.574 -2.05 0.18 vertex 1.55 -2.026 2.25 vertex 1.574 -2.05 2.25 endloop endfacet
facet normal 0 0 -1 outer loop vertex 1.55 -2.05 0.18 vertex 1.55 -2.026 0.18 vertex 1.574 -2.05 0.18 endloop endfacet
facet normal 0 0 1 outer loop vertex 1.55 -2.05 2.25 vertex 1.574 -2.05 2.25 vertex 1.55 -2.026 2.25 endloop endfacet
facet normal -0.7071 0.7071 0 outer loop vertex 1.55 -2.026 0.18 vertex 1.526 -2.05 0.18 vertex 1.526 -2.05 2.25 endloop endfacet
facet normal -0.7071 0.7071 0 outer loop vertex 1.55 -2.026 0.18 vertex 1.526 -2.05 2.25 vertex 1.55 -2.026 2.25 endloop endfacet
facet normal 0 0 -1 outer loop vertex 1.55 -2.05 0.18 vertex 1.526 -2.05 0.18 vertex 1.55 -2.026 0.18 endloop endfacet
facet normal 0 0 1 outer loop vertex 1.55 -2.05 2.25 vertex 1.55 -2.026 2.25 vertex 1.526 -2.05 2.25 endloop endfacet
facet normal -0.7071 -0.7071 0 outer loop vertex 1.526 -2.05 0.18 vertex 1.55 -2.074 0.18 vertex 1.55 -2.074 2.25 endloop endfacet
facet normal -0.7071 -0.7071 0 outer loop vertex 1.526 -2.05 0.18 vertex 1.55 -2.074 2.25 vertex 1.526 -2.05 2.25 endloop endfacet
facet normal 0 0 -1 outer loop vertex 1.55 -2.05 0.18 vertex 1.55 -2.074 0.18 vertex 1.526 -2.05 0.18 endloop endfacet
facet normal 0 0 1 outer loop vertex 1.55 -2.05 2.25 vertex 1.526 -2.05 2.25 vertex 1.55 -2.074 2.25 endloop endfacet
facet normal 0.7071 -0.7071 0 outer loop vertex 1.55 -2.074 0.18 vertex 1.574 -2.05 0.18 vertex 1.574 -2.05 2.25 endloop endfacet
facet normal 0.7071 -0.7071 0 outer loop vertex 1.55 -2.074 0.18 vertex 1.574 -2.05 2.25 vertex 1.55 -2.074 2.25 endloop endfacet
facet normal 0 0 -1 outer loop vertex 1.55 -2.05 0.18 vertex 1.574 -2.05 0.18 vertex 1.55 -2.074 0.18 endloop endfacet
facet normal 0 0 1 outer loop vertex 1.55 -2.05 2.25 vertex 1.55 -2.074 2.25 vertex 1.574 -2.05 2.25 endloop endfacet
facet normal 0.1187 0.03857 0.9922 outer loop vertex 2.09 -2.05 2.15 vertex 1.987 -1.733 2.15 vertex 1.615 -2.003 2.205 endloop endfacet
facet normal 0.1186 0.03786 0.9922 outer loop vertex 2.09 -2.05 2.15 vertex 1.615 -2.003 2.205 vertex 1.63 -2.05 2.205 endloop endfacet
facet normal 0 0 -1 outer loop vertex 1.55 -2.05 2.15 vertex 1.987 -1.733 2.15 vertex 2.09 -2.05 2.15 endloop endfacet
facet normal 0 0 1 outer loop vertex 1.55 -2.05 2.205 vertex 1.63 -2.05 2.205 vertex 1.615 -2.003 2.205 endloop endfacet
facet normal 0.07352 0.1008 0.9922 outer loop vertex 1.987 -1.733 2.15 vertex 1.717 -1.536 2.15 vertex 1.575 -1.974 2.205 endloop endfacet
facet normal 0.07331 0.1011 0.9922 outer loop vertex 1.987 -1.733 2.15 vertex 1.575 -1.974 2.205 vertex 1.615 -2.003 2.205 endloop endfacet
facet normal 0 0 -1 outer loop vertex 1.55 -2.05 2.15 vertex 1.717 -1.536 2.15 vertex 1.987 -1.733 2.15 endloop endfacet
facet normal 0 0 1 outer loop vertex 1.55 -2.05 2.205 vertex 1.615 -2.003 2.205 vertex 1.575 -1.974 2.205 endloop endfacet
facet normal 0 0.1246 0.9922 outer loop vertex 1.717 -1.536 2.15 vertex 1.383 -1.536 2.15 vertex 1.525 -1.974 2.205 endloop endfacet
facet normal 0 0.1246 0.9922 outer loop vertex 1.717 -1.536 2.15 vertex 1.525 -1.974 2.205 vertex 1.575 -1.974 2.205 endloop endfacet
facet normal 0 0 -1 outer loop vertex 1.55 -2.05 2.15 vertex 1.383 -1.536 2.15 vertex 1.717 -1.536 2.15 endloop endfacet
facet normal 0 0 1 outer loop vertex 1.55 -2.05 2.205 vertex 1.575 -1.974 2.205 vertex 1.525 -1.974 2.205 endloop endfacet
facet normal -0.07354 0.1008 0.9922 outer loop vertex 1.383 -1.536 2.15 vertex 1.113 -1.733 2.15 vertex 1.485 -2.003 2.205 endloop endfacet
facet normal -0.07314 0.1009 0.9922 outer loop vertex 1.383 -1.536 2.15 vertex 1.485 -2.003 2.205 vertex 1.525 -1.974 2.205 endloop endfacet
facet normal 0 0 -1 outer loop vertex 1.55 -2.05 2.15 vertex 1.113 -1.733 2.15 vertex 1.383 -1.536 2.15 endloop endfacet
facet normal 0 0 1 outer loop vertex 1.55 -2.05 2.205 vertex 1.525 -1.974 2.205 vertex 1.485 -2.003 2.205 endloop endfacet
facet normal -0.1186 0.03855 0.9922 outer loop vertex 1.113 -1.733 2.15 vertex 1.01 -2.05 2.15 vertex 1.47 -2.05 2.205 endloop endfacet
facet normal -0.1191 0.03801 0.9922 outer loop vertex 1.113 -1.733 2.15 vertex 1.47 -2.05 2.205 vertex 1.485 -2.003 2.205 endloop endfacet
facet normal 0 0 -1 outer loop vertex 1.55 -2.05 2.15 vertex 1.01 -2.05 2.15 vertex 1.113 -1.733 2.15 endloop endfacet
facet normal 0 0 1 outer loop vertex 1.55 -2.05 2.205 vertex 1.485 -2.003 2.205 vertex 1.47 -2.05 2.205 endloop endfacet
facet normal -0.1187 -0.03857 0.9922 outer loop vertex 1.01 -2.05 2.15 vertex 1.113 -2.367 2.15 vertex 1.485 -2.097 2.205 endloop endfacet
facet normal -0.1186 -0.03786 0.9922 outer loop vertex 1.01 -2.05 2.15 vertex 1.485 -2.097 2.205 vertex 1.47 -2.05 2.205 endloop endfacet
facet normal 0 0 -1 outer loop vertex 1.55 -2.05 2.15 vertex 1.113 -2.367 2.15 vertex 1.01 -2.05 2.15 endloop endfacet
facet normal 0 0 1 outer loop vertex 1.55 -2.05 2.205 vertex 1.47 -2.05 2.205 vertex 1.485 -2.097 2.205 endloop endfacet
facet normal -0.07352 -0.1008 0.9922 outer loop vertex 1.113 -2.367 2.15 vertex 1.383 -2.564 2.15 vertex 1.525 -2.126 2.205 endloop endfacet
facet normal -0.07331 -0.1011 0.9922 outer loop vertex 1.113 -2.367 2.15 vertex 1.525 -2.126 2.205 vertex 1.485 -2.097 2.205 endloop endfacet
facet normal 0 0 -1 outer loop vertex 1.55 -2.05 2.15 vertex 1.383 -2.564 2.15 vertex 1.113 -2.367 2.15 endloop endfacet
facet normal 0 0 1 outer loop vertex 1.55 -2.05 2.205 vertex 1.485 -2.097 2.205 vertex 1.525 -2.126 2.205 endloop endfacet
facet normal 0 -0.1246 0.9922 outer loop vertex 1.383 -2.564 2.15 vertex 1.717 -2.564 2.15 vertex 1.575 -2.126 2.205 endloop endfacet
facet normal 0 -0.1246 0.9922 outer loop vertex 1.383 -2.564 2.15 vertex 1.575 -2.126 2.205 vertex 1.525 -2.126 2.205 endloop endfacet
facet normal 0 0 -1 outer loop vertex 1.55 -2.05 2.15 vertex 1.717 -2.564 2.15 vertex 1.383 -2.564 2.15 endloop endfacet
facet normal 0 0 1 outer loop vertex 1.55 -2.05 2.205 vertex 1.525 -2.126 2.205 vertex 1.575 -2.126 2.205 endloop endfacet
facet normal 0.07354 -0.1008 0.9922 outer loop vertex 1.717 -2.564 2.15 vertex 1.987 -2.367 2.15 vertex 1.615 -2.097 2.205 endloop endfacet
facet normal 0.07314 -0.1009 0.9922 outer loop vertex 1.717 -2.564 2.15 vertex 1.615 -2.097 2.205 vertex 1.575 -2.126 2.205 endloop endfacet
facet normal 0 0 -1 outer loop vertex 1.55 -2.05 2.15 vertex 1.987 -2.367 2.15 vertex 1.717 -2.564 2.15 endloop endfacet
facet normal 0 0 1 outer loop vertex 1.55 -2.05 2.205 vertex 1.575 -2.126 2.205 vertex 1.615 -2.097 2.205 endloop endfacet
facet normal 0.1186 -0.03855 0.9922 outer loop vertex 1.987 -2.367 2.15 vertex 2.09 -2.05 2.15 vertex 1.63 -2.05 2.205 endloop endfacet
facet normal 0.1191 -0.03801 0.9922 outer loop vertex 1.987 -2.367 2.15 vertex 1.63 -2.05 2.205 vertex 1.615 -2.097 2.205 endloop endfacet
facet normal 0 0 -1 outer loop vertex 1.55 -2.05 2.15 vertex 2.09 -2.05 2.15 vertex 1.987 -2.367 2.15 endloop endfacet
facet normal 0 0 1 outer loop vertex 1.55 -2.05 2.205 vertex 1.615 -2.097 2.205 vertex 1.63 -2.05 2.205 endloop endfacet
facet normal 0.3217 0.4996 0.8043 outer loop vertex 1.55 -2.028 0.28 vertex 1.557 -2.061 0.2977 vertex 1.907 -2.061 0.1577 endloop endfacet
facet normal 0.3217 0.4996 0.8043 outer loop vertex 1.55 -2.028 0.28 vertex 1.907 -2.061 0.1577 vertex 1.9 -2.028 0.14 endloop endfacet
facet normal -0.9299 0 0.3678 outer loop vertex 1.55 -2.05 0.28 vertex 1.557 -2.061 0.2977 vertex 1.55 -2.028 0.28 endloop endfacet
facet normal 0.9299 0 -0.3678 outer loop vertex 1.9 -2.05 0.14 vertex 1.9 -2.028 0.14 vertex 1.907 -2.061 0.1577 endloop endfacet
facet normal 0 -1 0 outer loop vertex 1.557 -2.061 0.2977 vertex 1.543 -2.061 0.2623 vertex 1.893 -2.061 0.1223 endloop endfacet
facet normal 0 -1 0 outer loop vertex 1.557 -2.061 0.2977 vertex 1.893 -2.061 0.1223 vertex 1.907 -2.061 0.1577 endloop endfacet
facet normal -0.9299 0 0.3678 outer loop vertex 1.55 -2.05 0.28 vertex 1.543 -2.061 0.2623 vertex 1.557 -2.061 0.2977 endloop endfacet
facet normal 0.9299 0 -0.3678 outer loop vertex 1.9 -2.05 0.14 vertex 1.907 -2.061 0.1577 vertex 1.893 -2.061 0.1223 endloop endfacet
facet normal -0.3217 0.4996 -0.8043 outer loop vertex 1.543 -2.061 0.2623 vertex 1.55 -2.028 0.28 vertex 1.9 -2.028 0.14 endloop endfacet
facet normal -0.3217 0.4996 -0.8043 outer loop vertex 1.543 -2.061 0.2623 vertex 1.9 -2.028 0.14 vertex 1.893 -2.061 0.1223 endloop endfacet
facet normal -0.9299 0 0.3678 outer loop vertex 1.55 -2.05 0.28 vertex 1.55 -2.028 0.28 vertex 1.543 -2.061 0.2623 endloop endfacet
facet normal 0.9299 0 -0.3678 outer loop vertex 1.9 -2.05 0.14 vertex 1.893 -2.061 0.1223 vertex 1.9 -2.028 0.14 endloop endfacet
facet normal -0.5946 0.02788 0.8036 outer loop vertex 1.531 -2.061 0.28 vertex 1.556 -2.038 0.2977 vertex 1.381 -1.735 0.1577 endloop endfacet
facet normal -0.5946 0.02788 0.8036 outer loop vertex 1.531 -2.061 0.28 vertex 1.381 -1.735 0.1577 vertex 1.356 -1.758 0.14 endloop endfacet
facet normal 0.4625 -0.7988 0.3848 outer loop vertex 1.55 -2.05 0.28 vertex 1.556 -2.038 0.2977 vertex 1.531 -2.061 0.28 endloop endfacet
facet normal -0.4625 0.7988 -0.3848 outer loop vertex 1.375 -1.747 0.14 vertex 1.356 -1.758 0.14 vertex 1.381 -1.735 0.1577 endloop endfacet
facet normal 0.868 0.4964 -0.01065 outer loop vertex 1.556 -2.038 0.2977 vertex 1.563 -2.051 0.2623 vertex 1.388 -1.748 0.1223 endloop endfacet
facet normal 0.868 0.4964 -0.01065 outer loop vertex 1.556 -2.038 0.2977 vertex 1.388 -1.748 0.1223 vertex 1.381 -1.735 0.1577 endloop endfacet
facet normal 0.4625 -0.7988 0.3848 outer loop vertex 1.55 -2.05 0.28 vertex 1.563 -2.051 0.2623 vertex 1.556 -2.038 0.2977 endloop endfacet
facet normal -0.4625 0.7988 -0.3848 outer loop vertex 1.375 -1.747 0.14 vertex 1.381 -1.735 0.1577 vertex 1.388 -1.748 0.1223 endloop endfacet
facet normal -0.2774 -0.5304 -0.8011 outer loop vertex 1.563 -2.051 0.2623 vertex 1.531 -2.061 0.28 vertex 1.356 -1.758 0.14 endloop endfacet
facet normal -0.2774 -0.5304 -0.8011 outer loop vertex 1.563 -2.051 0.2623 vertex 1.356 -1.758 0.14 vertex 1.388 -1.748 0.1223 endloop endfacet
facet normal 0.4625 -0.7988 0.3848 outer loop vertex 1.55 -2.05 0.28 vertex 1.531 -2.061 0.28 vertex 1.563 -2.051 0.2623 endloop endfacet
facet normal -0.4625 0.7988 -0.3848 outer loop vertex 1.375 -1.747 0.14 vertex 1.388 -1.748 0.1223 vertex 1.356 -1.758 0.14 endloop endfacet
facet normal 0.2774 -0.5304 0.8011 outer loop vertex 1.569 -2.061 0.28 vertex 1.537 -2.051 0.2977 vertex 1.362 -2.354 0.1577 endloop endfacet
facet normal 0.2774 -0.5304 0.8011 outer loop vertex 1.569 -2.061 0.28 vertex 1.362 -2.354 0.1577 vertex 1.394 -2.364 0.14 endloop endfacet
facet normal 0.4625 0.7988 0.3848 outer loop vertex 1.55 -2.05 0.28 vertex 1.537 -2.051 0.2977 vertex 1.569 -2.061 0.28 endloop endfacet
facet normal -0.4625 -0.7988 -0.3848 outer loop vertex 1.375 -2.353 0.14 vertex 1.394 -2.364 0.14 vertex 1.362 -2.354 0.1577 endloop endfacet
facet normal -0.868 0.4964 0.01065 outer loop vertex 1.537 -2.051 0.2977 vertex 1.544 -2.038 0.2623 vertex 1.369 -2.341 0.1223 endloop endfacet
facet normal -0.868 0.4964 0.01065 outer loop vertex 1.537 -2.051 0.2977 vertex 1.369 -2.341 0.1223 vertex 1.362 -2.354 0.1577 endloop endfacet
facet normal 0.4625 0.7988 0.3848 outer loop vertex 1.55 -2.05 0.28 vertex 1.544 -2.038 0.2623 vertex 1.537 -2.051 0.2977 endloop endfacet
facet normal -0.4625 -0.7988 -0.3848 outer loop vertex 1.375 -2.353 0.14 vertex 1.362 -2.354 0.1577 vertex 1.369 -2.341 0.1223 endloop endfacet
facet normal 0.5946 0.02788 -0.8036 outer loop vertex 1.544 -2.038 0.2623 vertex 1.569 -2.061 0.28 vertex 1.394 -2.364 0.14 endloop endfacet
facet normal 0.5946 0.02788 -0.8036 outer loop vertex 1.544 -2.038 0.2623 vertex 1.394 -2.364 0.14 vertex 1.369 -2.341 0.1223 endloop endfacet
facet normal 0.4625 0.7988 0.3848 outer loop vertex 1.55 -2.05 0.28 vertex 1.569 -2.061 0.28 vertex 1.544 -2.038 0.2623 endloop endfacet
facet normal -0.4625 -0.7988 -0.3848 outer loop vertex 1.375 -2.353 0.14 vertex 1.369 -2.341 0.1223 vertex 1.394 -2.364 0.14 endloop endfacet
facet normal 0.2166 0.07056 0.9737 outer loop vertex -1.1 -0.85 1.53 vertex -1.167 -0.6443 1.53 vertex -1.385 -0.803 1.59 endloop endfacet
facet normal 0.2164 0.06907 0.9739 outer loop vertex -1.1 -0.85 1.53 vertex -1.385 -0.803 1.59 vertex -1.37 -0.85 1.59 endloop endfacet
facet normal 0 0 -1 outer loop vertex -1.45 -0.85 1.53 vertex -1.167 -0.6443 1.53 vertex -1.1 -0.85 1.53 endloop endfacet
facet normal 0 0 1 outer loop vertex -1.45 -0.85 1.59 vertex -1.37 -0.85 1.59 vertex -1.385 -0.803 1.59 endloop endfacet
facet normal 0.1339 0.1842 0.9737 outer loop vertex -1.167 -0.6443 1.53 vertex -1.342 -0.5171 1.53 vertex -1.425 -0.7739 1.59 endloop endfacet
facet normal 0.134 0.1841 0.9737 outer loop vertex -1.167 -0.6443 1.53 vertex -1.425 -0.7739 1.59 vertex -1.385 -0.803 1.59 endloop endfacet
facet normal 0 0 -1 outer loop vertex -1.45 -0.85 1.53 vertex -1.342 -0.5171 1.53 vertex -1.167 -0.6443 1.53 endloop endfacet
facet normal 0 0 1 outer loop vertex -1.45 -0.85 1.59 vertex -1.385 -0.803 1.59 vertex -1.425 -0.7739 1.59 endloop endfacet
facet normal 0 0.2275 0.9738 outer loop vertex -1.342 -0.5171 1.53 vertex -1.558 -0.5171 1.53 vertex -1.475 -0.7739 1.59 endloop endfacet
facet normal 0 0.2275 0.9738 outer loop vertex -1.342 -0.5171 1.53 vertex -1.475 -0.7739 1.59 vertex -1.425 -0.7739 1.59 endloop endfacet
facet normal 0 0 -1 outer loop vertex -1.45 -0.85 1.53 vertex -1.558 -0.5171 1.53 vertex -1.342 -0.5171 1.53 endloop endfacet
facet normal 0 0 1 outer loop vertex -1.45 -0.85 1.59 vertex -1.425 -0.7739 1.59 vertex -1.475 -0.7739 1.59 endloop endfacet
facet normal -0.1339 0.1842 0.9737 outer loop vertex -1.558 -0.5171 1.53 vertex -1.733 -0.6443 1.53 vertex -1.515 -0.803 1.59 endloop endfacet
facet normal -0.134 0.1842 0.9737 outer loop vertex -1.558 -0.5171 1.53 vertex -1.515 -0.803 1.59 vertex -1.475 -0.7739 1.59 endloop endfacet
facet normal 0 0 -1 outer loop vertex -1.45 -0.85 1.53 vertex -1.733 -0.6443 1.53 vertex -1.558 -0.5171 1.53 endloop endfacet
facet normal 0 0 1 outer loop vertex -1.45 -0.85 1.59 vertex -1.475 -0.7739 1.59 vertex -1.515 -0.803 1.59 endloop endfacet
facet normal -0.2164 0.07048 0.9738 outer loop vertex -1.733 -0.6443 1.53 vertex -1.8 -0.85 1.53 vertex -1.53 -0.85 1.59 endloop endfacet
facet normal -0.2174 0.0694 0.9736 outer loop vertex -1.733 -0.6443 1.53 vertex -1.53 -0.85 1.59 vertex -1.515 -0.803 1.59 endloop endfacet
facet normal 0 0 -1 outer loop vertex -1.45 -0.85 1.53 vertex -1.8 -0.85 1.53 vertex -1.733 -0.6443 1.53 endloop endfacet
facet normal 0 0 1 outer loop vertex -1.45 -0.85 1.59 vertex -1.515 -0.803 1.59 vertex -1.53 -0.85 1.59 endloop endfacet
facet normal -0.2166 -0.07045 0.9737 outer loop vertex -1.8 -0.85 1.53 vertex -1.733 -1.056 1.53 vertex -1.515 -0.897 1.59 endloop endfacet
facet normal -0.2164 -0.06907 0.9739 outer loop vertex -1.8 -0.85 1.53 vertex -1.515 -0.897 1.59 vertex -1.53 -0.85 1.59 endloop endfacet
facet normal 0 0 -1 outer loop vertex -1.45 -0.85 1.53 vertex -1.733 -1.056 1.53 vertex -1.8 -0.85 1.53 endloop endfacet
facet normal 0 0 1 outer loop vertex -1.45 -0.85 1.59 vertex -1.53 -0.85 1.59 vertex -1.515 -0.897 1.59 endloop endfacet
facet normal -0.1337 -0.1842 0.9737 outer loop vertex -1.733 -1.056 1.53 vertex -1.558 -1.183 1.53 vertex -1.475 -0.9261 1.59 endloop endfacet
facet normal -0.1338 -0.184 0.9738 outer loop vertex -1.733 -1.056 1.53 vertex -1.475 -0.9261 1.59 vertex -1.515 -0.897 1.59 endloop endfacet
facet normal 0 0 -1 outer loop vertex -1.45 -0.85 1.53 vertex -1.558 -1.183 1.53 vertex -1.733 -1.056 1.53 endloop endfacet
facet normal 0 0 1 outer loop vertex -1.45 -0.85 1.59 vertex -1.515 -0.897 1.59 vertex -1.475 -0.9261 1.59 endloop endfacet
facet normal 0 -0.2274 0.9738 outer loop vertex -1.558 -1.183 1.53 vertex -1.342 -1.183 1.53 vertex -1.425 -0.9261 1.59 endloop endfacet
facet normal 0 -0.2274 0.9738 outer loop vertex -1.558 -1.183 1.53 vertex -1.425 -0.9261 1.59 vertex -1.475 -0.9261 1.59 endloop endfacet
facet normal 0 0 -1 outer loop vertex -1.45 -0.85 1.53 vertex -1.342 -1.183 1.53 vertex -1.558 -1.183 1.53 endloop endfacet
facet normal 0 0 1 outer loop vertex -1.45 -0.85 1.59 vertex -1.475 -0.9261 1.59 vertex -1.425 -0.9261 1.59 endloop endfacet
facet normal 0.1337 -0.1842 0.9738 outer loop vertex -1.342 -1.183 1.53 vertex -1.167 -1.056 1.53 vertex -1.385 -0.897 1.59 endloop endfacet
facet normal 0.134 -0.1841 0.9737 outer loop vertex -1.342 -1.183 1.53 vertex -1.385 -0.897 1.59 vertex -1.425 -0.9261 1.59 endloop endfacet
facet normal 0 0 -1 outer loop vertex -1.45 -0.85 1.53 vertex -1.167 -1.056 1.53 vertex -1.342 -1.183 1.53 endloop endfacet
facet normal 0 0 1 outer loop vertex -1.45 -0.85 1.59 vertex -1.425 -0.9261 1.59 vertex -1.385 -0.897 1.59 endloop endfacet
facet normal 0.2164 -0.07038 0.9738 outer loop vertex -1.167 -1.056 1.53 vertex -1.1 -0.85 1.53 vertex -1.37 -0.85 1.59 endloop endfacet
facet normal 0.2174 -0.06937 0.9736 outer loop vertex -1.167 -1.056 1.53 vertex -1.37 -0.85 1.59 vertex -1.385 -0.897 1.59 endloop endfacet
facet normal 0 0 -1 outer loop vertex -1.45 -0.85 1.53 vertex -1.1 -0.85 1.53 vertex -1.167 -1.056 1.53 endloop endfacet
facet normal 0 0 1 outer loop vertex -1.45 -0.85 1.59 vertex -1.385 -0.897 1.59 vertex -1.37 -0.85 1.59 endloop endfacet
facet normal 0 0 -1 outer loop vertex -5.775 -1.425 0.075 vertex -4.625 -2.175 0.075 vertex -5.775 -2.175 0.075 endloop endfacet
facet normal 0 0 1 outer loop vertex -5.775 -1.425 1.725 vertex -5.775 -2.175 1.725 vertex -4.625 -2.175 1.725 endloop endfacet
facet normal 0 0 -1 outer loop vertex -4.625 -2.175 0.075 vertex -5.775 -1.425 0.075 vertex -4.625 -1.425 0.075 endloop endfacet
facet normal 0 0 1 outer loop vertex -4.625 -2.175 1.725 vertex -4.625 -1.425 1.725 vertex -5.775 -1.425 1.725 endloop endfacet
facet normal 0 -1 0 outer loop vertex -5.775 -2.175 0.075 vertex -4.625 -2.175 0.075 vertex -4.625 -2.175 1.725 endloop endfacet
facet normal 0 -1 0 outer loop vertex -5.775 -2.175 0.075 vertex -4.625 -2.175 1.725 vertex -5.775 -2.175 1.725 endloop endfacet
facet normal 1 0 0 outer loop vertex -4.625 -2.175 0.075 vertex -4.625 -1.425 0.075 vertex -4.625 -1.425 1.725 endloop endfacet
facet normal 1 0 0 outer loop vertex -4.625 -2.175 0.075 vertex -4.625 -1.425 1.725 vertex -4.625 -2.175 1.725 endloop endfacet
facet normal 0 1 0 outer loop vertex -4.625 -1.425 0.075 vertex -5.775 -1.425 0.075 vertex -5.775 -1.425 1.725 endloop endfacet
facet normal 0 1 0 outer loop vertex -4.625 -1.425 0.075 vertex -5.775 -1.425 1.725 vertex -4.625 -1.425 1.725 endloop endfacet
facet normal -1 0 0 outer loop vertex -5.775 -1.425 0.075 vertex -5.775 -2.175 0.075 vertex -5.775 -2.175 1.725 endloop endfacet
facet normal -1 0 0 outer loop vertex -5.775 -1.425 0.075 vertex -5.775 -2.175 1.725 vertex -5.775 -1.425 1.725 endloop endfacet
facet normal 0 0 -1 outer loop vertex -5.775 -1.45 1.7 vertex -4.625 -2.15 1.7 vertex -5.775 -2.15 1.7 endloop endfacet
facet normal 0 0 1 outer loop vertex -5.775 -1.45 2 vertex -5.775 -2.15 2 vertex -4.625 -2.15 2 endloop endfacet
facet normal 0 0 -1 outer loop vertex -4.625 -2.15 1.7 vertex -5.775 -1.45 1.7 vertex -4.625 -1.45 1.7 endloop endfacet
facet normal 0 0 1 outer loop vertex -4.625 -2.15 2 vertex -4.625 -1.45 2 vertex -5.775 -1.45 2 endloop endfacet
facet normal 0 -1 0 outer loop vertex -5.775 -2.15 1.7 vertex -4.625 -2.15 1.7 vertex -4.625 -2.15 2 endloop endfacet
facet normal 0 -1 0 outer loop vertex -5.775 -2.15 1.7 vertex -4.625 -2.15 2 vertex -5.775 -2.15 2 endloop endfacet
facet normal 1 0 0 outer loop vertex -4.625 -2.15 1.7 vertex -4.625 -1.45 1.7 vertex -4.625 -1.45 2 endloop endfacet
facet normal 1 0 0 outer loop vertex -4.625 -2.15 1.7 vertex -4.625 -1.45 2 vertex -4.625 -2.15 2 endloop endfacet
facet normal 0 1 0 outer loop vertex -4.625 -1.45 1.7 vertex -5.775 -1.45 1.7 vertex -5.775 -1.45 2 endloop endfacet
facet normal 0 1 0 outer loop vertex -4.625 -1.45 1.7 vertex -5.775 -1.45 2 vertex -4.625 -1.45 2 endloop endfacet
facet normal -1 0 0 outer loop vertex -5.775 -1.45 1.7 vertex -5.775 -2.15 1.7 vertex -5.775 -2.15 2 endloop endfacet
facet normal -1 0 0 outer loop vertex -5.775 -1.45 1.7 vertex -5.775 -2.15 2 vertex -5.775 -1.45 2 endloop endfacet
facet normal -0.9232 0 0.3842 outer loop vertex -5.55 -1.42 0.45 vertex -5.447 -1.42 0.6975 vertex -5.447 -1.36 0.6975 endloop endfacet
facet normal -0.9232 0 0.3842 outer loop vertex -5.55 -1.42 0.45 vertex -5.447 -1.36 0.6975 vertex -5.55 -1.36 0.45 endloop endfacet
facet normal 0 -1 0 outer loop vertex -5.2 -1.42 0.45 vertex -5.447 -1.42 0.6975 vertex -5.55 -1.42 0.45 endloop endfacet
facet normal 0 1 0 outer loop vertex -5.2 -1.36 0.45 vertex -5.55 -1.36 0.45 vertex -5.447 -1.36 0.6975 endloop endfacet
facet normal -0.3833 0 0.9236 outer loop vertex -5.447 -1.42 0.6975 vertex -5.2 -1.42 0.8 vertex -5.2 -1.36 0.8 endloop endfacet
facet normal -0.3833 0 0.9236 outer loop vertex -5.447 -1.42 0.6975 vertex -5.2 -1.36 0.8 vertex -5.447 -1.36 0.6975 endloop endfacet
facet normal 0 -1 0 outer loop vertex -5.2 -1.42 0.45 vertex -5.2 -1.42 0.8 vertex -5.447 -1.42 0.6975 endloop endfacet
facet normal 0 1 0 outer loop vertex -5.2 -1.36 0.45 vertex -5.447 -1.36 0.6975 vertex -5.2 -1.36 0.8 endloop endfacet
facet normal 0.3833 0 0.9236 outer loop vertex -5.2 -1.42 0.8 vertex -4.953 -1.42 0.6975 vertex -4.953 -1.36 0.6975 endloop endfacet
facet normal 0.3833 0 0.9236 outer loop vertex -5.2 -1.42 0.8 vertex -4.953 -1.36 0.6975 vertex -5.2 -1.36 0.8 endloop endfacet
facet normal 0 -1 0 outer loop vertex -5.2 -1.42 0.45 vertex -4.953 -1.42 0.6975 vertex -5.2 -1.42 0.8 endloop endfacet
facet normal 0 1 0 outer loop vertex -5.2 -1.36 0.45 vertex -5.2 -1.36 0.8 vertex -4.953 -1.36 0.6975 endloop endfacet
facet normal 0.9232 0 0.3842 outer loop vertex -4.953 -1.42 0.6975 vertex -4.85 -1.42 0.45 vertex -4.85 -1.36 0.45 endloop endfacet
facet normal 0.9232 0 0.3842 outer loop vertex -4.953 -1.42 0.6975 vertex -4.85 -1.36 0.45 vertex -4.953 -1.36 0.6975 endloop endfacet
facet normal 0 -1 0 outer loop vertex -5.2 -1.42 0.45 vertex -4.85 -1.42 0.45 vertex -4.953 -1.42 0.6975 endloop endfacet
facet normal 0 1 0 outer loop vertex -5.2 -1.36 0.45 vertex -4.953 -1.36 0.6975 vertex -4.85 -1.36 0.45 endloop endfacet
facet normal 0.9232 0 -0.3842 outer loop vertex -4.85 -1.42 0.45 vertex -4.953 -1.42 0.2025 vertex -4.953 -1.36 0.2025 endloop endfacet
facet normal 0.9232 0 -0.3842 outer loop vertex -4.85 -1.42 0.45 vertex -4.953 -1.36 0.2025 vertex -4.85 -1.36 0.45 endloop endfacet
facet normal 0 -1 0 outer loop vertex -5.2 -1.42 0.45 vertex -4.953 -1.42 0.2025 vertex -4.85 -1.42 0.45 endloop endfacet
facet normal 0 1 0 outer loop vertex -5.2 -1.36 0.45 vertex -4.85 -1.36 0.45 vertex -4.953 -1.36 0.2025 endloop endfacet
facet normal 0.3833 0 -0.9236 outer loop vertex -4.953 -1.42 0.2025 vertex -5.2 -1.42 0.1 vertex -5.2 -1.36 0.1 endloop endfacet
facet normal 0.3833 0 -0.9236 outer loop vertex -4.953 -1.42 0.2025 vertex -5.2 -1.36 0.1 vertex -4.953 -1.36 0.2025 endloop endfacet
facet normal 0 -1 0 outer loop vertex -5.2 -1.42 0.45 vertex -5.2 -1.42 0.1 vertex -4.953 -1.42 0.2025 endloop endfacet
facet normal 0 1 0 outer loop vertex -5.2 -1.36 0.45 vertex -4.953 -1.36 0.2025 vertex -5.2 -1.36 0.1 endloop endfacet
facet normal -0.3833 0 -0.9236 outer loop vertex -5.2 -1.42 0.1 vertex -5.447 -1.42 0.2025 vertex -5.447 -1.36 0.2025 endloop endfacet
facet normal -0.3833 0 -0.9236 outer loop vertex -5.2 -1.42 0.1 vertex -5.447 -1.36 0.2025 vertex -5.2 -1.36 0.1 endloop endfacet
facet normal 0 -1 0 outer loop vertex -5.2 -1.42 0.45 vertex -5.447 -1.42 0.2025 vertex -5.2 -1.42 0.1 endloop endfacet
facet normal 0 1 0 outer loop vertex -5.2 -1.36 0.45 vertex -5.2 -1.36 0.1 vertex -5.447 -1.36 0.2025 endloop endfacet
facet normal -0.9232 0 -0.3842 outer loop vertex -5.447 -1.42 0.2025 vertex -5.55 -1.42 0.45 vertex -5.55 -1.36 0.45 endloop endfacet
facet normal -0.9232 0 -0.3842 outer loop vertex -5.447 -1.42 0.2025 vertex -5.55 -1.36 0.45 vertex -5.447 -1.36 0.2025 endloop endfacet
facet normal 0 -1 0 outer loop vertex -5.2 -1.42 0.45 vertex -5.55 -1.42 0.45 vertex -5.447 -1.42 0.2025 endloop endfacet
facet normal 0 1 0 outer loop vertex -5.2 -1.36 0.45 vertex -5.447 -1.36 0.2025 vertex -5.55 -1.36 0.45 endloop endfacet
facet normal -0.923 0 0.3849 outer loop vertex -5.55 -1.42 1.14 vertex -5.447 -1.42 1.387 vertex -5.447 -1.36 1.387 endloop endfacet
facet normal -0.923 0 0.3849 outer loop vertex -5.55 -1.42 1.14 vertex -5.447 -1.36 1.387 vertex -5.55 -1.36 1.14 endloop endfacet
facet normal 0 -1 0 outer loop vertex -5.2 -1.42 1.14 vertex -5.447 -1.42 1.387 vertex -5.55 -1.42 1.14 endloop endfacet
facet normal 0 1 0 outer loop vertex -5.2 -1.36 1.14 vertex -5.55 -1.36 1.14 vertex -5.447 -1.36 1.387 endloop endfacet
facet normal -0.3849 0 0.923 outer loop vertex -5.447 -1.42 1.387 vertex -5.2 -1.42 1.49 vertex -5.2 -1.36 1.49 endloop endfacet
facet normal -0.3849 0 0.923 outer loop vertex -5.447 -1.42 1.387 vertex -5.2 -1.36 1.49 vertex -5.447 -1.36 1.387 endloop endfacet
facet normal 0 -1 0 outer loop vertex -5.2 -1.42 1.14 vertex -5.2 -1.42 1.49 vertex -5.447 -1.42 1.387 endloop endfacet
facet normal 0 1 0 outer loop vertex -5.2 -1.36 1.14 vertex -5.447 -1.36 1.387 vertex -5.2 -1.36 1.49 endloop endfacet
facet normal 0.3849 0 0.923 outer loop vertex -5.2 -1.42 1.49 vertex -4.953 -1.42 1.387 vertex -4.953 -1.36 1.387 endloop endfacet
facet normal 0.3849 0 0.923 outer loop vertex -5.2 -1.42 1.49 vertex -4.953 -1.36 1.387 vertex -5.2 -1.36 1.49 endloop endfacet
facet normal 0 -1 0 outer loop vertex -5.2 -1.42 1.14 vertex -4.953 -1.42 1.387 vertex -5.2 -1.42 1.49 endloop endfacet
facet normal 0 1 0 outer loop vertex -5.2 -1.36 1.14 vertex -5.2 -1.36 1.49 vertex -4.953 -1.36 1.387 endloop endfacet
facet normal 0.923 0 0.3849 outer loop vertex -4.953 -1.42 1.387 vertex -4.85 -1.42 1.14 vertex -4.85 -1.36 1.14 endloop endfacet
facet normal 0.923 0 0.3849 outer loop vertex -4.953 -1.42 1.387 vertex -4.85 -1.36 1.14 vertex -4.953 -1.36 1.387 endloop endfacet
facet normal 0 -1 0 outer loop vertex -5.2 -1.42 1.14 vertex -4.85 -1.42 1.14 vertex -4.953 -1.42 1.387 endloop endfacet
facet normal 0 1 0 outer loop vertex -5.2 -1.36 1.14 vertex -4.953 -1.36 1.387 vertex -4.85 -1.36 1.14 endloop endfacet
facet normal 0.9232 0 -0.3842 outer loop vertex -4.85 -1.42 1.14 vertex -4.953 -1.42 0.8925 vertex -4.953 -1.36 0.8925 endloop endfacet
facet normal 0.9232 0 -0.3842 outer loop vertex -4.85 -1.42 1.14 vertex -4.953 -1.36 0.8925 vertex -4.85 -1.36 1.14 endloop endfacet
facet normal 0 -1 0 outer loop vertex -5.2 -1.42 1.14 vertex -4.953 -1.42 0.8925 vertex -4.85 -1.42 1.14 endloop endfacet
facet normal 0 1 0 outer loop vertex -5.2 -1.36 1.14 vertex -4.85 -1.36 1.14 vertex -4.953 -1.36 0.8925 endloop endfacet
facet normal 0.3833 0 -0.9236 outer loop vertex -4.953 -1.42 0.8925 vertex -5.2 -1.42 0.79 vertex -5.2 -1.36 0.79 endloop endfacet
facet normal 0.3833 0 -0.9236 outer loop vertex -4.953 -1.42 0.8925 vertex -5.2 -1.36 0.79 vertex -4.953 -1.36 0.8925 endloop endfacet
facet normal 0 -1 0 outer loop vertex -5.2 -1.42 1.14 vertex -5.2 -1.42 0.79 vertex -4.953 -1.42 0.8925 endloop endfacet
facet normal 0 1 0 outer loop vertex -5.2 -1.36 1.14 vertex -4.953 -1.36 0.8925 vertex -5.2 -1.36 0.79 endloop endfacet
facet normal -0.3833 0 -0.9236 outer loop vertex -5.2 -1.42 0.79 vertex -5.447 -1.42 0.8925 vertex -5.447 -1.36 0.8925 endloop endfacet
facet normal -0.3833 0 -0.9236 outer loop vertex -5.2 -1.42 0.79 vertex -5.447 -1.36 0.8925 vertex -5.2 -1.36 0.79 endloop endfacet
facet normal 0 -1 0 outer loop vertex -5.2 -1.42 1.14 vertex -5.447 -1.42 0.8925 vertex -5.2 -1.42 0.79 endloop endfacet
facet normal 0 1 0 outer loop vertex -5.2 -1.36 1.14 vertex -5.2 -1.36 0.79 vertex -5.447 -1.36 0.8925 endloop endfacet
facet normal -0.9232 0 -0.3842 outer loop vertex -5.447 -1.42 0.8925 vertex -5.55 -1.42 1.14 vertex -5.55 -1.36 1.14 endloop endfacet
facet normal -0.9232 0 -0.3842 outer loop vertex -5.447 -1.42 0.8925 vertex -5.55 -1.36 1.14 vertex -5.447 -1.36 0.8925 endloop endfacet
facet normal 0 -1 0 outer loop vertex -5.2 -1.42 1.14 vertex -5.55 -1.42 1.14 vertex -5.447 -1.42 0.8925 endloop endfacet
facet normal 0 1 0 outer loop vertex -5.2 -1.36 1.14 vertex -5.447 -1.36 0.8925 vertex -5.55 -1.36 1.14 endloop endfacet
facet normal 0 0 -1 outer loop vertex -6.925 -0.35 0 vertex -6.075 -1.05 0 vertex -6.925 -1.05 0 endloop endfacet
facet normal 0 0 1 outer loop vertex -6.925 -0.35 2 vertex -6.925 -1.05 2 vertex -6.075 -1.05 2 endloop endfacet
facet normal 0 0 -1 outer loop vertex -6.075 -1.05 0 vertex -6.925 -0.35 0 vertex -6.075 -0.35 0 endloop endfacet
facet normal 0 0 1 outer loop vertex -6.075 -1.05 2 vertex -6.075 -0.35 2 vertex -6.925 -0.35 2 endloop endfacet
facet normal 0 -1 0 outer loop vertex -6.925 -1.05 0 vertex -6.075 -1.05 0 vertex -6.075 -1.05 2 endloop endfacet
facet normal 0 -1 0 outer loop vertex -6.925 -1.05 0 vertex -6.075 -1.05 2 vertex -6.925 -1.05 2 endloop endfacet
facet normal 1 0 0 outer loop vertex -6.075 -1.05 0 vertex -6.075 -0.35 0 vertex -6.075 -0.35 2 endloop endfacet
facet normal 1 0 0 outer loop vertex -6.075 -1.05 0 vertex -6.075 -0.35 2 vertex -6.075 -1.05 2 endloop endfacet
facet normal 0 1 0 outer loop vertex -6.075 -0.35 0 vertex -6.925 -0.35 0 vertex -6.925 -0.35 2 endloop endfacet
facet normal 0 1 0 outer loop vertex -6.075 -0.35 0 vertex -6.925 -0.35 2 vertex -6.075 -0.35 2 endloop endfacet
facet normal -1 0 0 outer loop vertex -6.925 -0.35 0 vertex -6.925 -1.05 0 vertex -6.925 -1.05 2 endloop endfacet
facet normal -1 0 0 outer loop vertex -6.925 -0.35 0 vertex -6.925 -1.05 2 vertex -6.925 -0.35 2 endloop endfacet
facet normal 0 0 -1 outer loop vertex -3.25 3.15 0 vertex -2.15 2.45 0 vertex -3.25 2.45 0 endloop endfacet
facet normal 0 0 1 outer loop vertex -3.25 3.15 0.6 vertex -3.25 2.45 0.6 vertex -2.15 2.45 0.6 endloop endfacet
facet normal 0 0 -1 outer loop vertex -2.15 2.45 0 vertex -3.25 3.15 0 vertex -2.15 3.15 0 endloop endfacet
facet normal 0 0 1 outer loop vertex -2.15 2.45 0.6 vertex -2.15 3.15 0.6 vertex -3.25 3.15 0.6 endloop endfacet
facet normal 0 -1 0 outer loop vertex -3.25 2.45 0 vertex -2.15 2.45 0 vertex -2.15 2.45 0.6 endloop endfacet
facet normal 0 -1 0 outer loop vertex -3.25 2.45 0 vertex -2.15 2.45 0.6 vertex -3.25 2.45 0.6 endloop endfacet
facet normal 1 0 0 outer loop vertex -2.15 2.45 0 vertex -2.15 3.15 0 vertex -2.15 3.15 0.6 endloop endfacet
facet normal 1 0 0 outer loop vertex -2.15 2.45 0 vertex -2.15 3.15 0.6 vertex -2.15 2.45 0.6 endloop endfacet
facet normal 0 1 0 outer loop vertex -2.15 3.15 0 vertex -3.25 3.15 0 vertex -3.25 3.15 0.6 endloop endfacet
facet normal 0 1 0 outer loop vertex -2.15 3.15 0 vertex -3.25 3.15 0.6 vertex -2.15 3.15 0.6 endloop endfacet
facet normal -1 0 0 outer loop vertex -3.25 3.15 0 vertex -3.25 2.45 0 vertex -3.25 2.45 0.6 endloop endfacet
facet normal -1 0 0 outer loop vertex -3.25 3.15 0 vertex -3.25 2.45 0.6 vertex -3.25 3.15 0.6 endloop endfacet
facet normal 0.7071 0.7071 0 outer loop vertex -6.935 -3.4 0 vertex -7 -3.335 0 vertex -7 -3.335 6.35 endloop endfacet
facet normal 0.7071 0.7071 0 outer loop vertex -6.935 -3.4 0 vertex -7 -3.335 6.35 vertex -6.935 -3.4 6.35 endloop endfacet
facet normal 0 0 -1 outer loop vertex -7 -3.4 0 vertex -7 -3.335 0 vertex -6.935 -3.4 0 endloop endfacet
facet normal 0 0 1 outer loop vertex -7 -3.4 6.35 vertex -6.935 -3.4 6.35 vertex -7 -3.335 6.35 endloop endfacet
facet normal -0.7071 0.7071 0 outer loop vertex -7 -3.335 0 vertex -7.065 -3.4 0 vertex -7.065 -3.4 6.35 endloop endfacet
facet normal -0.7071 0.7071 0 outer loop vertex -7 -3.335 0 vertex -7.065 -3.4 6.35 vertex -7 -3.335 6.35 endloop endfacet
facet normal 0 0 -1 outer loop vertex -7 -3.4 0 vertex -7.065 -3.4 0 vertex -7 -3.335 0 endloop endfacet
facet normal 0 0 1 outer loop vertex -7 -3.4 6.35 vertex -7 -3.335 6.35 vertex -7.065 -3.4 6.35 endloop endfacet
facet normal -0.7071 -0.7071 0 outer loop vertex -7.065 -3.4 0 vertex -7 -3.465 0 vertex -7 -3.465 6.35 endloop endfacet
facet normal -0.7071 -0.7071 0 outer loop vertex -7.065 -3.4 0 vertex -7 -3.465 6.35 vertex -7.065 -3.4 6.35 endloop endfacet
facet normal 0 0 -1 outer loop vertex -7 -3.4 0 vertex -7 -3.465 0 vertex -7.065 -3.4 0 endloop endfacet
facet normal 0 0 1 outer loop vertex -7 -3.4 6.35 vertex -7.065 -3.4 6.35 vertex -7 -3.465 6.35 endloop endfacet
facet normal 0.7071 -0.7071 0 outer loop vertex -7 -3.465 0 vertex -6.935 -3.4 0 vertex -6.935 -3.4 6.35 endloop endfacet
facet normal 0.7071 -0.7071 0 outer loop vertex -7 -3.465 0 vertex -6.935 -3.4 6.35 vertex -7 -3.465 6.35 endloop endfacet
facet normal 0 0 -1 outer loop vertex -7 -3.4 0 vertex -6.935 -3.4 0 vertex -7 -3.465 0 endloop endfacet
facet normal 0 0 1 outer loop vertex -7 -3.4 6.35 vertex -7 -3.465 6.35 vertex -6.935 -3.4 6.35 endloop endfacet
facet normal 0 0 -1 outer loop vertex 4.625 -1.425 0.075 vertex 5.775 -2.175 0.075 vertex 4.625 -2.175 0.075 endloop endfacet
facet normal 0 0 1 outer loop vertex 4.625 -1.425 1.725 vertex 4.625 -2.175 1.725 vertex 5.775 -2.175 1.725 endloop endfacet
facet normal 0 0 -1 outer loop vertex 5.775 -2.175 0.075 vertex 4.625 -1.425 0.075 vertex 5.775 -1.425 0.075 endloop endfacet
facet normal 0 0 1 outer loop vertex 5.775 -2.175 1.725 vertex 5.775 -1.425 1.725 vertex 4.625 -1.425 1.725 endloop endfacet
facet normal 0 -1 0 outer loop vertex 4.625 -2.175 0.075 vertex 5.775 -2.175 0.075 vertex 5.775 -2.175 1.725 endloop endfacet
facet normal 0 -1 0 outer loop vertex 4.625 -2.175 0.075 vertex 5.775 -2.175 1.725 vertex 4.625 -2.175 1.725 endloop endfacet
facet normal 1 0 0 outer loop vertex 5.775 -2.175 0.075 vertex 5.775 -1.425 0.075 vertex 5.775 -1.425 1.725 endloop endfacet
facet normal 1 0 0 outer loop vertex 5.775 -2.175 0.075 vertex 5.775 -1.425 1.725 vertex 5.775 -2.175 1.725 endloop endfacet
facet normal 0 1 0 outer loop vertex 5.775 -1.425 0.075 vertex 4.625 -1.425 0.075 vertex 4.625 -1.425 1.725 endloop endfacet
facet normal 0 1 0 outer loop vertex 5.775 -1.425 0.075 vertex 4.625 -1.425 1.725 vertex 5.775 -1.425 1.725 endloop endfacet
facet normal -1 0 0 outer loop vertex 4.625 -1.425 0.075 vertex 4.625 -2.175 0.075 vertex 4.625 -2.175 1.725 endloop endfacet
facet normal -1 0 0 outer loop vertex 4.625 -1.425 0.075 vertex 4.625 -2.175 1.725 vertex 4.625 -1.425 1.725 endloop endfacet
facet normal 0 0 -1 outer loop vertex 4.625 -1.45 1.7 vertex 5.775 -2.15 1.7 vertex 4.625 -2.15 1.7 endloop endfacet
facet normal 0 0 1 outer loop vertex 4.625 -1.45 2 vertex 4.625 -2.15 2 vertex 5.775 -2.15 2 endloop endfacet
facet normal 0 0 -1 outer loop vertex 5.775 -2.15 1.7 vertex 4.625 -1.45 1.7 vertex 5.775 -1.45 1.7 endloop endfacet
facet normal 0 0 1 outer loop vertex 5.775 -2.15 2 vertex 5.775 -1.45 2 vertex 4.625 -1.45 2 endloop endfacet
facet normal 0 -1 0 outer loop vertex 4.625 -2.15 1.7 vertex 5.775 -2.15 1.7 vertex 5.775 -2.15 2 endloop endfacet
facet normal 0 -1 0 outer loop vertex 4.625 -2.15 1.7 vertex 5.775 -2.15 2 vertex 4.625 -2.15 2 endloop endfacet
facet normal 1 0 0 outer loop vertex 5.775 -2.15 1.7 vertex 5.775 -1.45 1.7 vertex 5.775 -1.45 2 endloop endfacet
facet normal 1 0 0 outer loop vertex 5.775 -2.15 1.7 vertex 5.775 -1.45 2 vertex 5.775 -2.15 2 endloop endfacet
facet normal 0 1 0 outer loop vertex 5.775 -1.45 1.7 vertex 4.625 -1.45 1.7 vertex 4.625 -1.45 2 endloop endfacet
facet normal 0 1 0 outer loop vertex 5.775 -1.45 1.7 vertex 4.625 -1.45 2 vertex 5.775 -1.45 2 endloop endfacet
facet normal -1 0 0 outer loop vertex 4.625 -1.45 1.7 vertex 4.625 -2.15 1.7 vertex 4.625 -2.15 2 endloop endfacet
facet normal -1 0 0 outer loop vertex 4.625 -1.45 1.7 vertex 4.625 -2.15 2 vertex 4.625 -1.45 2 endloop endfacet
facet normal -0.9232 0 0.3842 outer loop vertex 4.85 -1.42 0.45 vertex 4.953 -1.42 0.6975 vertex 4.953 -1.36 0.6975 endloop endfacet
facet normal -0.9232 0 0.3842 outer loop vertex 4.85 -1.42 0.45 vertex 4.953 -1.36 0.6975 vertex 4.85 -1.36 0.45 endloop endfacet
facet normal 0 -1 0 outer loop vertex 5.2 -1.42 0.45 vertex 4.953 -1.42 0.6975 vertex 4.85 -1.42 0.45 endloop endfacet
facet normal 0 1 0 outer loop vertex 5.2 -1.36 0.45 vertex 4.85 -1.36 0.45 vertex 4.953 -1.36 0.6975 endloop endfacet
facet normal -0.3833 0 0.9236 outer loop vertex 4.953 -1.42 0.6975 vertex 5.2 -1.42 0.8 vertex 5.2 -1.36 0.8 endloop endfacet
facet normal -0.3833 0 0.9236 outer loop vertex 4.953 -1.42 0.6975 vertex 5.2 -1.36 0.8 vertex 4.953 -1.36 0.6975 endloop endfacet
facet normal 0 -1 0 outer loop vertex 5.2 -1.42 0.45 vertex 5.2 -1.42 0.8 vertex 4.953 -1.42 0.6975 endloop endfacet
facet normal 0 1 0 outer loop vertex 5.2 -1.36 0.45 vertex 4.953 -1.36 0.6975 vertex 5.2 -1.36 0.8 endloop endfacet
facet normal 0.3833 0 0.9236 outer loop vertex 5.2 -1.42 0.8 vertex 5.447 -1.42 0.6975 vertex 5.447 -1.36 0.6975 endloop endfacet
facet normal 0.3833 0 0.9236 outer loop vertex 5.2 -1.42 0.8 vertex 5.447 -1.36 0.6975 vertex 5.2 -1.36 0.8 endloop endfacet
facet normal 0 -1 0 outer loop vertex 5.2 -1.42 0.45 vertex 5.447 -1.42 0.6975 vertex 5.2 -1.42 0.8 endloop endfacet
facet normal 0 1 0 outer loop vertex 5.2 -1.36 0.45 vertex 5.2 -1.36 0.8 vertex 5.447 -1.36 0.6975 endloop endfacet
facet normal 0.9232 0 0.3842 outer loop vertex 5.447 -1.42 0.6975 vertex 5.55 -1.42 0.45 vertex 5.55 -1.36 0.45 endloop endfacet
facet normal 0.9232 0 0.3842 outer loop vertex 5.447 -1.42 0.6975 vertex 5.55 -1.36 0.45 vertex 5.447 -1.36 0.6975 endloop endfacet
facet normal 0 -1 0 outer loop vertex 5.2 -1.42 0.45 vertex 5.55 -1.42 0.45 vertex 5.447 -1.42 0.6975 endloop endfacet
facet normal 0 1 0 outer loop vertex 5.2 -1.36 0.45 vertex 5.447 -1.36 0.6975 vertex 5.55 -1.36 0.45 endloop endfacet
facet normal 0.9232 0 -0.3842 outer loop vertex 5.55 -1.42 0.45 vertex 5.447 -1.42 0.2025 vertex 5.447 -1.36 0.2025 endloop endfacet
facet normal 0.9232 0 -0.3842 outer loop vertex 5.55 -1.42 0.45 vertex 5.447 -1.36 0.2025 vertex 5.55 -1.36 0.45 endloop endfacet
facet normal 0 -1 0 outer loop vertex 5.2 -1.42 0.45 vertex 5.447 -1.42 0.2025 vertex 5.55 -1.42 0.45 endloop endfacet
facet normal 0 1 0 outer loop vertex 5.2 -1.36 0.45 vertex 5.55 -1.36 0.45 vertex 5.447 -1.36 0.2025 endloop endfacet
facet normal 0.3833 0 -0.9236 outer loop vertex 5.447 -1.42 0.2025 vertex 5.2 -1.42 0.1 vertex 5.2 -1.36 0.1 endloop endfacet
facet normal 0.3833 0 -0.9236 outer loop vertex 5.447 -1.42 0.2025 vertex 5.2 -1.36 0.1 vertex 5.447 -1.36 0.2025 endloop endfacet
facet normal 0 -1 0 outer loop vertex 5.2 -1.42 0.45 vertex 5.2 -1.42 0.1 vertex 5.447 -1.42 0.2025 endloop endfacet
facet normal 0 1 0 outer loop vertex 5.2 -1.36 0.45 vertex 5.447 -1.36 0.2025 vertex 5.2 -1.36 0.1 endloop endfacet
facet normal -0.3833 0 -0.9236 outer loop vertex 5.2 -1.42 0.1 vertex 4.953 -1.42 0.2025 vertex 4.953 -1.36 0.2025 endloop endfacet
facet normal -0.3833 0 -0.9236 outer loop vertex 5.2 -1.42 0.1 vertex 4.953 -1.36 0.2025 vertex 5.2 -1.36 0.1 endloop endfacet
facet normal 0 -1 0 outer loop vertex 5.2 -1.42 0.45 vertex 4.953 -1.42 0.2025 vertex 5.2 -1.42 0.1 endloop endfacet
facet normal 0 1 0 outer loop vertex 5.2 -1.36 0.45 vertex 5.2 -1.36 0.1 vertex 4.953 -1.36 0.2025 endloop endfacet
facet normal -0.9232 0 -0.3842 outer loop vertex 4.953 -1.42 0.2025 vertex 4.85 -1.42 0.45 vertex 4.85 -1.36 0.45 endloop endfacet
facet normal -0.9232 0 -0.3842 outer loop vertex 4.953 -1.42 0.2025 vertex 4.85 -1.36 0.45 vertex 4.953 -1.36 0.2025 endloop endfacet
facet normal 0 -1 0 outer loop vertex 5.2 -1.42 0.45 vertex 4.85 -1.42 0.45 vertex 4.953 -1.42 0.2025 endloop endfacet
facet normal 0 1 0 outer loop vertex 5.2 -1.36 0.45 vertex 4.953 -1.36 0.2025 vertex 4.85 -1.36 0.45 endloop endfacet
facet normal -0.923 0 0.3849 outer loop vertex 4.85 -1.42 1.14 vertex 4.953 -1.42 1.387 vertex 4.953 -1.36 1.387 endloop endfacet
facet normal -0.923 0 0.3849 outer loop vertex 4.85 -1.42 1.14 vertex 4.953 -1.36 1.387 vertex 4.85 -1.36 1.14 endloop endfacet
facet normal 0 -1 0 outer loop vertex 5.2 -1.42 1.14 vertex 4.953 -1.42 1.387 vertex 4.85 -1.42 1.14 endloop endfacet
facet normal 0 1 0 outer loop vertex 5.2 -1.36 1.14 vertex 4.85 -1.36 1.14 vertex 4.953 -1.36 1.387 endloop endfacet
facet normal -0.3849 0 0.923 outer loop vertex 4.953 -1.42 1.387 vertex 5.2 -1.42 1.49 vertex 5.2 -1.36 1.49 endloop endfacet
facet normal -0.3849 0 0.923 outer loop vertex 4.953 -1.42 1.387 vertex 5.2 -1.36 1.49 vertex 4.953 -1.36 1.387 endloop endfacet
facet normal 0 -1 0 outer loop vertex 5.2 -1.42 1.14 vertex 5.2 -1.42 1.49 vertex 4.953 -1.42 1.387 endloop endfacet
facet normal 0 1 0 outer loop vertex 5.2 -1.36 1.14 vertex 4.953 -1.36 1.387 vertex 5.2 -1.36 1.49 endloop endfacet
facet normal 0.3849 0 0.923 outer loop vertex 5.2 -1.42 1.49 vertex 5.447 -1.42 1.387 vertex 5.447 -1.36 1.387 endloop endfacet
facet normal 0.3849 0 0.923 outer loop vertex 5.2 -1.42 1.49 vertex 5.447 -1.36 1.387 vertex 5.2 -1.36 1.49 endloop endfacet
facet normal 0 -1 0 outer loop vertex 5.2 -1.42 1.14 vertex 5.447 -1.42 1.387 vertex 5.2 -1.42 1.49 endloop endfacet
facet normal 0 1 0 outer loop vertex 5.2 -1.36 1.14 vertex 5.2 -1.36 1.49 vertex 5.447 -1.36 1.387 endloop endfacet
facet normal 0.923 0 0.3849 outer loop vertex 5.447 -1.42 1.387 vertex 5.55 -1.42 1.14 vertex 5.55 -1.36 1.14 endloop endfacet
facet normal 0.923 0 0.3849 outer loop vertex 5.447 -1.42 1.387 vertex 5.55 -1.36 1.14 vertex 5.447 -1.36 1.387 endloop endfacet
facet normal 0 -1 0 outer loop vertex 5.2 -1.42 1.14 vertex 5.55 -1.42 1.14 vertex 5.447 -1.42 1.387 endloop endfacet
facet normal 0 1 0 outer loop vertex 5.2 -1.36 1.14 vertex 5.447 -1.36 1.387 vertex 5.55 -1.36 1.14 endloop endfacet
facet normal 0.9232 0 -0.3842 outer loop vertex 5.55 -1.42 1.14 vertex 5.447 -1.42 0.8925 vertex 5.447 -1.36 0.8925 endloop endfacet
facet normal 0.9232 0 -0.3842 outer loop vertex 5.55 -1.42 1.14 vertex 5.447 -1.36 0.8925 vertex 5.55 -1.36 1.14 endloop endfacet
facet normal 0 -1 0 outer loop vertex 5.2 -1.42 1.14 vertex 5.447 -1.42 0.8925 vertex 5.55 -1.42 1.14 endloop endfacet
facet normal 0 1 0 outer loop vertex 5.2 -1.36 1.14 vertex 5.55 -1.36 1.14 vertex 5.447 -1.36 0.8925 endloop endfacet
facet normal 0.3833 0 -0.9236 outer loop vertex 5.447 -1.42 0.8925 vertex 5.2 -1.42 0.79 vertex 5.2 -1.36 0.79 endloop endfacet
facet normal 0.3833 0 -0.9236 outer loop vertex 5.447 -1.42 0.8925 vertex 5.2 -1.36 0.79 vertex 5.447 -1.36 0.8925 endloop endfacet
facet normal 0 -1 0 outer loop vertex 5.2 -1.42 1.14 vertex 5.2 -1.42 0.79 vertex 5.447 -1.42 0.8925 endloop endfacet
facet normal 0 1 0 outer loop vertex 5.2 -1.36 1.14 vertex 5.447 -1.36 0.8925 vertex 5.2 -1.36 0.79 endloop endfacet
facet normal -0.3833 0 -0.9236 outer loop vertex 5.2 -1.42 0.79 vertex 4.953 -1.42 0.8925 vertex 4.953 -1.36 0.8925 endloop endfacet
facet normal -0.3833 0 -0.9236 outer loop vertex 5.2 -1.42 0.79 vertex 4.953 -1.36 0.8925 vertex 5.2 -1.36 0.79 endloop endfacet
facet normal 0 -1 0 outer loop vertex 5.2 -1.42 1.14 vertex 4.953 -1.42 0.8925 vertex 5.2 -1.42 0.79 endloop endfacet
facet normal 0 1 0 outer loop vertex 5.2 -1.36 1.14 vertex 5.2 -1.36 0.79 vertex 4.953 -1.36 0.8925 endloop endfacet
facet normal -0.9232 0 -0.3842 outer loop vertex 4.953 -1.42 0.8925 vertex 4.85 -1.42 1.14 vertex 4.85 -1.36 1.14 endloop endfacet
facet normal -0.9232 0 -0.3842 outer loop vertex 4.953 -1.42 0.8925 vertex 4.85 -1.36 1.14 vertex 4.953 -1.36 0.8925 endloop endfacet
facet normal 0 -1 0 outer loop vertex 5.2 -1.42 1.14 vertex 4.85 -1.42 1.14 vertex 4.953 -1.42 0.8925 endloop endfacet
facet normal 0 1 0 outer loop vertex 5.2 -1.36 1.14 vertex 4.953 -1.36 0.8925 vertex 4.85 -1.36 1.14 endloop endfacet
facet normal 0 0 -1 outer loop vertex 6.075 -0.35 0 vertex 6.925 -1.05 0 vertex 6.075 -1.05 0 endloop endfacet
facet normal 0 0 1 outer loop vertex 6.075 -0.35 2 vertex 6.075 -1.05 2 vertex 6.925 -1.05 2 endloop endfacet
facet normal 0 0 -1 outer loop vertex 6.925 -1.05 0 vertex 6.075 -0.35 0 vertex 6.925 -0.35 0 endloop endfacet
facet normal 0 0 1 outer loop vertex 6.925 -1.05 2 vertex 6.925 -0.35 2 vertex 6.075 -0.35 2 endloop endfacet
facet normal 0 -1 0 outer loop vertex 6.075 -1.05 0 vertex 6.925 -1.05 0 vertex 6.925 -1.05 2 endloop endfacet
facet normal 0 -1 0 outer loop vertex 6.075 -1.05 0 vertex 6.925 -1.05 2 vertex 6.075 -1.05 2 endloop endfacet
facet normal 1 0 0 outer loop vertex 6.925 -1.05 0 vertex 6.925 -0.35 0 vertex 6.925 -0.35 2 endloop endfacet
facet normal 1 0 0 outer loop vertex 6.925 -1.05 0 vertex 6.925 -0.35 2 vertex 6.925 -1.05 2 endloop endfacet
facet normal 0 1 0 outer loop vertex 6.925 -0.35 0 vertex 6.075 -0.35 0 vertex 6.075 -0.35 2 endloop endfacet
facet normal 0 1 0 outer loop vertex 6.925 -0.35 0 vertex 6.075 -0.35 2 vertex 6.925 -0.35 2 endloop endfacet
facet normal -1 0 0 outer loop vertex 6.075 -0.35 0 vertex 6.075 -1.05 0 vertex 6.075 -1.05 2 endloop endfacet
facet normal -1 0 0 outer loop vertex 6.075 -0.35 0 vertex 6.075 -1.05 2 vertex 6.075 -0.35 2 endloop endfacet
facet normal 0 0 -1 outer loop vertex 2.15 3.15 0 vertex 3.25 2.45 0 vertex 2.15 2.45 0 endloop endfacet
facet normal 0 0 1 outer loop vertex 2.15 3.15 0.6 vertex 2.15 2.45 0.6 vertex 3.25 2.45 0.6 endloop endfacet
facet normal 0 0 -1 outer loop vertex 3.25 2.45 0 vertex 2.15 3.15 0 vertex 3.25 3.15 0 endloop endfacet
facet normal 0 0 1 outer loop vertex 3.25 2.45 0.6 vertex 3.25 3.15 0.6 vertex 2.15 3.15 0.6 endloop endfacet
facet normal 0 -1 0 outer loop vertex 2.15 2.45 0 vertex 3.25 2.45 0 vertex 3.25 2.45 0.6 endloop endfacet
facet normal 0 -1 0 outer loop vertex 2.15 2.45 0 vertex 3.25 2.45 0.6 vertex 2.15 2.45 0.6 endloop endfacet
facet normal 1 0 0 outer loop vertex 3.25 2.45 0 vertex 3.25 3.15 0 vertex 3.25 3.15 0.6 endloop endfacet
facet normal 1 0 0 outer loop vertex 3.25 2.45 0 vertex 3.25 3.15 0.6 vertex 3.25 2.45 0.6 endloop endfacet
facet normal 0 1 0 outer loop vertex 3.25 3.15 0 vertex 2.15 3.15 0 vertex 2.15 3.15 0.6 endloop endfacet
facet normal 0 1 0 outer loop vertex 3.25 3.15 0 vertex 2.15 3.15 0.6 vertex 3.25 3.15 0.6 endloop endfacet
facet normal -1 0 0 outer loop vertex 2.15 3.15 0 vertex 2.15 2.45 0 vertex 2.15 2.45 0.6 endloop endfacet
facet normal -1 0 0 outer loop vertex 2.15 3.15 0 vertex 2.15 2.45 0.6 vertex 2.15 3.15 0.6 endloop endfacet
facet normal 0.7071 0.7071 0 outer loop vertex 7.065 -3.4 0 vertex 7 -3.335 0 vertex 7 -3.335 6.35 endloop endfacet
facet normal 0.7071 0.7071 0 outer loop vertex 7.065 -3.4 0 vertex 7 -3.335 6.35 vertex 7.065 -3.4 6.35 endloop endfacet
facet normal 0 0 -1 outer loop vertex 7 -3.4 0 vertex 7 -3.335 0 vertex 7.065 -3.4 0 endloop endfacet
facet normal 0 0 1 outer loop vertex 7 -3.4 6.35 vertex 7.065 -3.4 6.35 vertex 7 -3.335 6.35 endloop endfacet
facet normal -0.7071 0.7071 0 outer loop vertex 7 -3.335 0 vertex 6.935 -3.4 0 vertex 6.935 -3.4 6.35 endloop endfacet
facet normal -0.7071 0.7071 0 outer loop vertex 7 -3.335 0 vertex 6.935 -3.4 6.35 vertex 7 -3.335 6.35 endloop endfacet
facet normal 0 0 -1 outer loop vertex 7 -3.4 0 vertex 6.935 -3.4 0 vertex 7 -3.335 0 endloop endfacet
facet normal 0 0 1 outer loop vertex 7 -3.4 6.35 vertex 7 -3.335 6.35 vertex 6.935 -3.4 6.35 endloop endfacet
facet normal -0.7071 -0.7071 0 outer loop vertex 6.935 -3.4 0 vertex 7 -3.465 0 vertex 7 -3.465 6.35 endloop endfacet
facet normal -0.7071 -0.7071 0 outer loop vertex 6.935 -3.4 0 vertex 7 -3.465 6.35 vertex 6.935 -3.4 6.35 endloop endfacet
facet normal 0 0 -1 outer loop vertex 7 -3.4 0 vertex 7 -3.465 0 vertex 6.935 -3.4 0 endloop endfacet
facet normal 0 0 1 outer loop vertex 7 -3.4 6.35 vertex 6.935 -3.4 6.35 vertex 7 -3.465 6.35 endloop endfacet
facet normal 0.7071 -0.7071 0 outer loop vertex 7 -3.465 0 vertex 7.065 -3.4 0 vertex 7.065 -3.4 6.35 endloop endfacet
facet normal 0.7071 -0.7071 0 outer loop vertex 7 -3.465 0 vertex 7.065 -3.4 6.35 vertex 7 -3.465 6.35 endloop endfacet
facet normal 0 0 -1 outer loop vertex 7 -3.4 0 vertex 7.065 -3.4 0 vertex 7 -3.465 0 endloop endfacet
facet normal 0 0 1 outer loop vertex 7 -3.4 6.35 vertex 7 -3.465 6.35 vertex 7.065 -3.4 6.35 endloop endfacet
facet normal 0 0.7071 0.7071 outer loop vertex -7 -3.335 6.35 vertex -7 -3.4 6.415 vertex 7 -3.4 6.415 endloop endfacet
facet normal 0 0.7071 0.7071 outer loop vertex -7 -3.335 6.35 vertex 7 -3.4 6.415 vertex 7 -3.335 6.35 endloop endfacet
facet normal -1 0 0 outer loop vertex -7 -3.4 6.35 vertex -7 -3.4 6.415 vertex -7 -3.335 6.35 endloop endfacet
facet normal 1 0 0 outer loop vertex 7 -3.4 6.35 vertex 7 -3.335 6.35 vertex 7 -3.4 6.415 endloop endfacet
facet normal 0 -0.7071 0.7071 outer loop vertex -7 -3.4 6.415 vertex -7 -3.465 6.35 vertex 7 -3.465 6.35 endloop endfacet
facet normal 0 -0.7071 0.7071 outer loop vertex -7 -3.4 6.415 vertex 7 -3.465 6.35 vertex 7 -3.4 6.415 endloop endfacet
facet normal -1 0 0 outer loop vertex -7 -3.4 6.35 vertex -7 -3.465 6.35 vertex -7 -3.4 6.415 endloop endfacet
facet normal 1 0 0 outer loop vertex 7 -3.4 6.35 vertex 7 -3.4 6.415 vertex 7 -3.465 6.35 endloop endfacet
facet normal 0 -0.7071 -0.7071 outer loop vertex -7 -3.465 6.35 vertex -7 -3.4 6.285 vertex 7 -3.4 6.285 endloop endfacet
facet normal 0 -0.7071 -0.7071 outer loop vertex -7 -3.465 6.35 vertex 7 -3.4 6.285 vertex 7 -3.465 6.35 endloop endfacet
facet normal -1 0 0 outer loop vertex -7 -3.4 6.35 vertex -7 -3.4 6.285 vertex -7 -3.465 6.35 endloop endfacet
facet normal 1 0 0 outer loop vertex 7 -3.4 6.35 vertex 7 -3.465 6.35 vertex 7 -3.4 6.285 endloop endfacet
facet normal 0 0.7071 -0.7071 outer loop vertex -7 -3.4 6.285 vertex -7 -3.335 6.35 vertex 7 -3.335 6.35 endloop endfacet
facet normal 0 0.7071 -0.7071 outer loop vertex -7 -3.4 6.285 vertex 7 -3.335 6.35 vertex 7 -3.4 6.285 endloop endfacet
facet normal -1 0 0 outer loop vertex -7 -3.4 6.35 vertex -7 -3.335 6.35 vertex -7 -3.4 6.285 endloop endfacet
facet normal 1 0 0 outer loop vertex 7 -3.4 6.35 vertex 7 -3.4 6.285 vertex 7 -3.335 6.35 endloop endfacet
facet normal 0 0.7071 0.7071 outer loop vertex -7 -3.335 5.9 vertex -7 -3.4 5.965 vertex 7 -3.4 5.965 endloop endfacet
facet normal 0 0.7071 0.7071 outer loop vertex -7 -3.335 5.9 vertex 7 -3.4 5.965 vertex 7 -3.335 5.9 endloop endfacet
facet normal -1 0 0 outer loop vertex -7 -3.4 5.9 vertex -7 -3.4 5.965 vertex -7 -3.335 5.9 endloop endfacet
facet normal 1 0 0 outer loop vertex 7 -3.4 5.9 vertex 7 -3.335 5.9 vertex 7 -3.4 5.965 endloop endfacet
facet normal 0 -0.7071 0.7071 outer loop vertex -7 -3.4 5.965 vertex -7 -3.465 5.9 vertex 7 -3.465 5.9 endloop endfacet
facet normal 0 -0.7071 0.7071 outer loop vertex -7 -3.4 5.965 vertex 7 -3.465 5.9 vertex 7 -3.4 5.965 endloop endfacet
facet normal -1 0 0 outer loop vertex -7 -3.4 5.9 vertex -7 -3.465 5.9 vertex -7 -3.4 5.965 endloop endfacet
facet normal 1 0 0 outer loop vertex 7 -3.4 5.9 vertex 7 -3.4 5.965 vertex 7 -3.465 5.9 endloop endfacet
facet normal 0 -0.7071 -0.7071 outer loop vertex -7 -3.465 5.9 vertex -7 -3.4 5.835 vertex 7 -3.4 5.835 endloop endfacet
facet normal 0 -0.7071 -0.7071 outer loop vertex -7 -3.465 5.9 vertex 7 -3.4 5.835 vertex 7 -3.465 5.9 endloop endfacet
facet normal -1 0 0 outer loop vertex -7 -3.4 5.9 vertex -7 -3.4 5.835 vertex -7 -3.465 5.9 endloop endfacet
facet normal 1 0 0 outer loop vertex 7 -3.4 5.9 vertex 7 -3.465 5.9 vertex 7 -3.4 5.835 endloop endfacet
facet normal 0 0.7071 -0.7071 outer loop vertex -7 -3.4 5.835 vertex -7 -3.335 5.9 vertex 7 -3.335 5.9 endloop endfacet
facet normal 0 0.7071 -0.7071 outer loop vertex -7 -3.4 5.835 vertex 7 -3.335 5.9 vertex 7 -3.4 5.835 endloop endfacet
facet normal -1 0 0 outer loop vertex -7 -3.4 5.9 vertex -7 -3.335 5.9 vertex -7 -3.4 5.835 endloop endfacet
facet normal 1 0 0 outer loop vertex 7 -3.4 5.9 vertex 7 -3.4 5.835 vertex 7 -3.335 5.9 endloop endfacet
facet normal 0.6971 0.4907 0.5228 outer loop vertex -6 -3.375 6.3 vertex -5.983 -3.413 6.313 vertex -5.683 -3.413 5.913 endloop endfacet
facet normal 0.6971 0.4907 0.5228 outer loop vertex -6 -3.375 6.3 vertex -5.683 -3.413 5.913 vertex -5.7 -3.375 5.9 endloop endfacet
facet normal -0.6075 0 0.7944 outer loop vertex -6 -3.4 6.3 vertex -5.983 -3.413 6.313 vertex -6 -3.375 6.3 endloop endfacet
facet normal 0.6075 0 -0.7944 outer loop vertex -5.7 -3.4 5.9 vertex -5.7 -3.375 5.9 vertex -5.683 -3.413 5.913 endloop endfacet
facet normal 0 -1 0 outer loop vertex -5.983 -3.413 6.313 vertex -6.017 -3.413 6.287 vertex -5.717 -3.413 5.887 endloop endfacet
facet normal 0 -1 0 outer loop vertex -5.983 -3.413 6.313 vertex -5.717 -3.413 5.887 vertex -5.683 -3.413 5.913 endloop endfacet
facet normal -0.6075 0 0.7944 outer loop vertex -6 -3.4 6.3 vertex -6.017 -3.413 6.287 vertex -5.983 -3.413 6.313 endloop endfacet
facet normal 0.6075 0 -0.7944 outer loop vertex -5.7 -3.4 5.9 vertex -5.683 -3.413 5.913 vertex -5.717 -3.413 5.887 endloop endfacet
facet normal -0.6971 0.4907 -0.5228 outer loop vertex -6.017 -3.413 6.287 vertex -6 -3.375 6.3 vertex -5.7 -3.375 5.9 endloop endfacet
facet normal -0.6971 0.4907 -0.5228 outer loop vertex -6.017 -3.413 6.287 vertex -5.7 -3.375 5.9 vertex -5.717 -3.413 5.887 endloop endfacet
facet normal -0.6075 0 0.7944 outer loop vertex -6 -3.4 6.3 vertex -6 -3.375 6.3 vertex -6.017 -3.413 6.287 endloop endfacet
facet normal 0.6075 0 -0.7944 outer loop vertex -5.7 -3.4 5.9 vertex -5.717 -3.413 5.887 vertex -5.7 -3.375 5.9 endloop endfacet
facet normal -0.8663 0.348 0.3583 outer loop vertex -6.19 -3 5.8 vertex -6.095 -2.885 5.918 vertex -6.095 -2.535 5.578 endloop endfacet
facet normal -0.8663 0.348 0.3583 outer loop vertex -6.19 -3 5.8 vertex -6.095 -2.535 5.578 vertex -6.19 -2.65 5.46 endloop endfacet
facet normal 0 -0.7162 0.6979 outer loop vertex -6 -3 5.8 vertex -6.095 -2.885 5.918 vertex -6.19 -3 5.8 endloop endfacet
facet normal 0 0.7162 -0.6979 outer loop vertex -6 -2.65 5.46 vertex -6.19 -2.65 5.46 vertex -6.095 -2.535 5.578 endloop endfacet
facet normal 0 0.6968 0.7173 outer loop vertex -6.095 -2.885 5.918 vertex -5.905 -2.885 5.918 vertex -5.905 -2.535 5.578 endloop endfacet
facet normal 0 0.6968 0.7173 outer loop vertex -6.095 -2.885 5.918 vertex -5.905 -2.535 5.578 vertex -6.095 -2.535 5.578 endloop endfacet
facet normal 0 -0.7162 0.6979 outer loop vertex -6 -3 5.8 vertex -5.905 -2.885 5.918 vertex -6.095 -2.885 5.918 endloop endfacet
facet normal 0 0.7162 -0.6979 outer loop vertex -6 -2.65 5.46 vertex -6.095 -2.535 5.578 vertex -5.905 -2.535 5.578 endloop endfacet
facet normal 0.8663 0.348 0.3583 outer loop vertex -5.905 -2.885 5.918 vertex -5.81 -3 5.8 vertex -5.81 -2.65 5.46 endloop endfacet
facet normal 0.8663 0.348 0.3583 outer loop vertex -5.905 -2.885 5.918 vertex -5.81 -2.65 5.46 vertex -5.905 -2.535 5.578 endloop endfacet
facet normal 0 -0.7162 0.6979 outer loop vertex -6 -3 5.8 vertex -5.81 -3 5.8 vertex -5.905 -2.885 5.918 endloop endfacet
facet normal 0 0.7162 -0.6979 outer loop vertex -6 -2.65 5.46 vertex -5.905 -2.535 5.578 vertex -5.81 -2.65 5.46 endloop endfacet
facet normal 0.8663 -0.348 -0.3583 outer loop vertex -5.81 -3 5.8 vertex -5.905 -3.115 5.682 vertex -5.905 -2.765 5.342 endloop endfacet
facet normal 0.8663 -0.348 -0.3583 outer loop vertex -5.81 -3 5.8 vertex -5.905 -2.765 5.342 vertex -5.81 -2.65 5.46 endloop endfacet
facet normal 0 -0.7162 0.6979 outer loop vertex -6 -3 5.8 vertex -5.905 -3.115 5.682 vertex -5.81 -3 5.8 endloop endfacet
facet normal 0 0.7162 -0.6979 outer loop vertex -6 -2.65 5.46 vertex -5.81 -2.65 5.46 vertex -5.905 -2.765 5.342 endloop endfacet
facet normal 0 -0.6968 -0.7173 outer loop vertex -5.905 -3.115 5.682 vertex -6.095 -3.115 5.682 vertex -6.095 -2.765 5.342 endloop endfacet
facet normal 0 -0.6968 -0.7173 outer loop vertex -5.905 -3.115 5.682 vertex -6.095 -2.765 5.342 vertex -5.905 -2.765 5.342 endloop endfacet
facet normal 0 -0.7162 0.6979 outer loop vertex -6 -3 5.8 vertex -6.095 -3.115 5.682 vertex -5.905 -3.115 5.682 endloop endfacet
facet normal 0 0.7162 -0.6979 outer loop vertex -6 -2.65 5.46 vertex -5.905 -2.765 5.342 vertex -6.095 -2.765 5.342 endloop endfacet
facet normal -0.8663 -0.348 -0.3583 outer loop vertex -6.095 -3.115 5.682 vertex -6.19 -3 5.8 vertex -6.19 -2.65 5.46 endloop endfacet
facet normal -0.8663 -0.348 -0.3583 outer loop vertex -6.095 -3.115 5.682 vertex -6.19 -2.65 5.46 vertex -6.095 -2.765 5.342 endloop endfacet
facet normal 0 -0.7162 0.6979 outer loop vertex -6 -3 5.8 vertex -6.19 -3 5.8 vertex -6.095 -3.115 5.682 endloop endfacet
facet normal 0 0.7162 -0.6979 outer loop vertex -6 -2.65 5.46 vertex -6.095 -2.765 5.342 vertex -6.19 -2.65 5.46 endloop endfacet
facet normal 0.6971 0.4907 0.5228 outer loop vertex -3 -3.375 6.3 vertex -2.983 -3.413 6.313 vertex -2.683 -3.413 5.913 endloop endfacet
facet normal 0.6971 0.4907 0.5228 outer loop vertex -3 -3.375 6.3 vertex -2.683 -3.413 5.913 vertex -2.7 -3.375 5.9 endloop endfacet
facet normal -0.6075 0 0.7944 outer loop vertex -3 -3.4 6.3 vertex -2.983 -3.413 6.313 vertex -3 -3.375 6.3 endloop endfacet
facet normal 0.6075 0 -0.7944 outer loop vertex -2.7 -3.4 5.9 vertex -2.7 -3.375 5.9 vertex -2.683 -3.413 5.913 endloop endfacet
facet normal 0 -1 0 outer loop vertex -2.983 -3.413 6.313 vertex -3.017 -3.413 6.287 vertex -2.717 -3.413 5.887 endloop endfacet
facet normal 0 -1 0 outer loop vertex -2.983 -3.413 6.313 vertex -2.717 -3.413 5.887 vertex -2.683 -3.413 5.913 endloop endfacet
facet normal -0.6075 0 0.7944 outer loop vertex -3 -3.4 6.3 vertex -3.017 -3.413 6.287 vertex -2.983 -3.413 6.313 endloop endfacet
facet normal 0.6075 0 -0.7944 outer loop vertex -2.7 -3.4 5.9 vertex -2.683 -3.413 5.913 vertex -2.717 -3.413 5.887 endloop endfacet
facet normal -0.6971 0.4907 -0.5228 outer loop vertex -3.017 -3.413 6.287 vertex -3 -3.375 6.3 vertex -2.7 -3.375 5.9 endloop endfacet
facet normal -0.6971 0.4907 -0.5228 outer loop vertex -3.017 -3.413 6.287 vertex -2.7 -3.375 5.9 vertex -2.717 -3.413 5.887 endloop endfacet
facet normal -0.6075 0 0.7944 outer loop vertex -3 -3.4 6.3 vertex -3 -3.375 6.3 vertex -3.017 -3.413 6.287 endloop endfacet
facet normal 0.6075 0 -0.7944 outer loop vertex -2.7 -3.4 5.9 vertex -2.717 -3.413 5.887 vertex -2.7 -3.375 5.9 endloop endfacet
facet normal -0.8663 0.348 0.3583 outer loop vertex -3.19 -3 5.8 vertex -3.095 -2.885 5.918 vertex -3.095 -2.535 5.578 endloop endfacet
facet normal -0.8663 0.348 0.3583 outer loop vertex -3.19 -3 5.8 vertex -3.095 -2.535 5.578 vertex -3.19 -2.65 5.46 endloop endfacet
facet normal 0 -0.7162 0.6979 outer loop vertex -3 -3 5.8 vertex -3.095 -2.885 5.918 vertex -3.19 -3 5.8 endloop endfacet
facet normal 0 0.7162 -0.6979 outer loop vertex -3 -2.65 5.46 vertex -3.19 -2.65 5.46 vertex -3.095 -2.535 5.578 endloop endfacet
facet normal 0 0.6968 0.7173 outer loop vertex -3.095 -2.885 5.918 vertex -2.905 -2.885 5.918 vertex -2.905 -2.535 5.578 endloop endfacet
facet normal 0 0.6968 0.7173 outer loop vertex -3.095 -2.885 5.918 vertex -2.905 -2.535 5.578 vertex -3.095 -2.535 5.578 endloop endfacet
facet normal 0 -0.7162 0.6979 outer loop vertex -3 -3 5.8 vertex -2.905 -2.885 5.918 vertex -3.095 -2.885 5.918 endloop endfacet
facet normal 0 0.7162 -0.6979 outer loop vertex -3 -2.65 5.46 vertex -3.095 -2.535 5.578 vertex -2.905 -2.535 5.578 endloop endfacet
facet normal 0.8663 0.348 0.3583 outer loop vertex -2.905 -2.885 5.918 vertex -2.81 -3 5.8 vertex -2.81 -2.65 5.46 endloop endfacet
facet normal 0.8663 0.348 0.3583 outer loop vertex -2.905 -2.885 5.918 vertex -2.81 -2.65 5.46 vertex -2.905 -2.535 5.578 endloop endfacet
facet normal 0 -0.7162 0.6979 outer loop vertex -3 -3 5.8 vertex -2.81 -3 5.8 vertex -2.905 -2.885 5.918 endloop endfacet
facet normal 0 0.7162 -0.6979 outer loop vertex -3 -2.65 5.46 vertex -2.905 -2.535 5.578 vertex -2.81 -2.65 5.46 endloop endfacet
facet normal 0.8663 -0.348 -0.3583 outer loop vertex -2.81 -3 5.8 vertex -2.905 -3.115 5.682 vertex -2.905 -2.765 5.342 endloop endfacet
facet normal 0.8663 -0.348 -0.3583 outer loop vertex -2.81 -3 5.8 vertex -2.905 -2.765 5.342 vertex -2.81 -2.65 5.46 endloop endfacet
facet normal 0 -0.7162 0.6979 outer loop vertex -3 -3 5.8 vertex -2.905 -3.115 5.682 vertex -2.81 -3 5.8 endloop endfacet
facet normal 0 0.7162 -0.6979 outer loop vertex -3 -2.65 5.46 vertex -2.81 -2.65 5.46 vertex -2.905 -2.765 5.342 endloop endfacet
facet normal 0 -0.6968 -0.7173 outer loop vertex -2.905 -3.115 5.682 vertex -3.095 -3.115 5.682 vertex -3.095 -2.765 5.342 endloop endfacet
facet normal 0 -0.6968 -0.7173 outer loop vertex -2.905 -3.115 5.682 vertex -3.095 -2.765 5.342 vertex -2.905 -2.765 5.342 endloop endfacet
facet normal 0 -0.7162 0.6979 outer loop vertex -3 -3 5.8 vertex -3.095 -3.115 5.682 vertex -2.905 -3.115 5.682 endloop endfacet
facet normal 0 0.7162 -0.6979 outer loop vertex -3 -2.65 5.46 vertex -2.905 -2.765 5.342 vertex -3.095 -2.765 5.342 endloop endfacet
facet normal -0.8663 -0.348 -0.3583 outer loop vertex -3.095 -3.115 5.682 vertex -3.19 -3 5.8 vertex -3.19 -2.65 5.46 endloop endfacet
facet normal -0.8663 -0.348 -0.3583 outer loop vertex -3.095 -3.115 5.682 vertex -3.19 -2.65 5.46 vertex -3.095 -2.765 5.342 endloop endfacet
facet normal 0 -0.7162 0.6979 outer loop vertex -3 -3 5.8 vertex -3.19 -3 5.8 vertex -3.095 -3.115 5.682 endloop endfacet
facet normal 0 0.7162 -0.6979 outer loop vertex -3 -2.65 5.46 vertex -3.095 -2.765 5.342 vertex -3.19 -2.65 5.46 endloop endfacet
facet normal 0.6971 0.4907 0.5228 outer loop vertex 3 -3.375 6.3 vertex 3.017 -3.413 6.313 vertex 3.317 -3.413 5.913 endloop endfacet
facet normal 0.6971 0.4907 0.5228 outer loop vertex 3 -3.375 6.3 vertex 3.317 -3.413 5.913 vertex 3.3 -3.375 5.9 endloop endfacet
facet normal -0.6075 0 0.7944 outer loop vertex 3 -3.4 6.3 vertex 3.017 -3.413 6.313 vertex 3 -3.375 6.3 endloop endfacet
facet normal 0.6075 0 -0.7944 outer loop vertex 3.3 -3.4 5.9 vertex 3.3 -3.375 5.9 vertex 3.317 -3.413 5.913 endloop endfacet
facet normal 0 -1 0 outer loop vertex 3.017 -3.413 6.313 vertex 2.983 -3.413 6.287 vertex 3.283 -3.413 5.887 endloop endfacet
facet normal 0 -1 0 outer loop vertex 3.017 -3.413 6.313 vertex 3.283 -3.413 5.887 vertex 3.317 -3.413 5.913 endloop endfacet
facet normal -0.6075 0 0.7944 outer loop vertex 3 -3.4 6.3 vertex 2.983 -3.413 6.287 vertex 3.017 -3.413 6.313 endloop endfacet
facet normal 0.6075 0 -0.7944 outer loop vertex 3.3 -3.4 5.9 vertex 3.317 -3.413 5.913 vertex 3.283 -3.413 5.887 endloop endfacet
facet normal -0.6971 0.4907 -0.5228 outer loop vertex 2.983 -3.413 6.287 vertex 3 -3.375 6.3 vertex 3.3 -3.375 5.9 endloop endfacet
facet normal -0.6971 0.4907 -0.5228 outer loop vertex 2.983 -3.413 6.287 vertex 3.3 -3.375 5.9 vertex 3.283 -3.413 5.887 endloop endfacet
facet normal -0.6075 0 0.7944 outer loop vertex 3 -3.4 6.3 vertex 3 -3.375 6.3 vertex 2.983 -3.413 6.287 endloop endfacet
facet normal 0.6075 0 -0.7944 outer loop vertex 3.3 -3.4 5.9 vertex 3.283 -3.413 5.887 vertex 3.3 -3.375 5.9 endloop endfacet
facet normal -0.8663 0.348 0.3583 outer loop vertex 2.81 -3 5.8 vertex 2.905 -2.885 5.918 vertex 2.905 -2.535 5.578 endloop endfacet
facet normal -0.8663 0.348 0.3583 outer loop vertex 2.81 -3 5.8 vertex 2.905 -2.535 5.578 vertex 2.81 -2.65 5.46 endloop endfacet
facet normal 0 -0.7162 0.6979 outer loop vertex 3 -3 5.8 vertex 2.905 -2.885 5.918 vertex 2.81 -3 5.8 endloop endfacet
facet normal 0 0.7162 -0.6979 outer loop vertex 3 -2.65 5.46 vertex 2.81 -2.65 5.46 vertex 2.905 -2.535 5.578 endloop endfacet
facet normal 0 0.6968 0.7173 outer loop vertex 2.905 -2.885 5.918 vertex 3.095 -2.885 5.918 vertex 3.095 -2.535 5.578 endloop endfacet
facet normal 0 0.6968 0.7173 outer loop vertex 2.905 -2.885 5.918 vertex 3.095 -2.535 5.578 vertex 2.905 -2.535 5.578 endloop endfacet
facet normal 0 -0.7162 0.6979 outer loop vertex 3 -3 5.8 vertex 3.095 -2.885 5.918 vertex 2.905 -2.885 5.918 endloop endfacet
facet normal 0 0.7162 -0.6979 outer loop vertex 3 -2.65 5.46 vertex 2.905 -2.535 5.578 vertex 3.095 -2.535 5.578 endloop endfacet
facet normal 0.8663 0.348 0.3583 outer loop vertex 3.095 -2.885 5.918 vertex 3.19 -3 5.8 vertex 3.19 -2.65 5.46 endloop endfacet
facet normal 0.8663 0.348 0.3583 outer loop vertex 3.095 -2.885 5.918 vertex 3.19 -2.65 5.46 vertex 3.095 -2.535 5.578 endloop endfacet
facet normal 0 -0.7162 0.6979 outer loop vertex 3 -3 5.8 vertex 3.19 -3 5.8 vertex 3.095 -2.885 5.918 endloop endfacet
facet normal 0 0.7162 -0.6979 outer loop vertex 3 -2.65 5.46 vertex 3.095 -2.535 5.578 vertex 3.19 -2.65 5.46 endloop endfacet
facet normal 0.8663 -0.348 -0.3583 outer loop vertex 3.19 -3 5.8 vertex 3.095 -3.115 5.682 vertex 3.095 -2.765 5.342 endloop endfacet
facet normal 0.8663 -0.348 -0.3583 outer loop vertex 3.19 -3 5.8 vertex 3.095 -2.765 5.342 vertex 3.19 -2.65 5.46 endloop endfacet
facet normal 0 -0.7162 0.6979 outer loop vertex 3 -3 5.8 vertex 3.095 -3.115 5.682 vertex 3.19 -3 5.8 endloop endfacet
facet normal 0 0.7162 -0.6979 outer loop vertex 3 -2.65 5.46 vertex 3.19 -2.65 5.46 vertex 3.095 -2.765 5.342 endloop endfacet
facet normal 0 -0.6968 -0.7173 outer loop vertex 3.095 -3.115 5.682 vertex 2.905 -3.115 5.682 vertex 2.905 -2.765 5.342 endloop endfacet
facet normal 0 -0.6968 -0.7173 outer loop vertex 3.095 -3.115 5.682 vertex 2.905 -2.765 5.342 vertex 3.095 -2.765 5.342 endloop endfacet
facet normal 0 -0.7162 0.6979 outer loop vertex 3 -3 5.8 vertex 2.905 -3.115 5.682 vertex 3.095 -3.115 5.682 endloop endfacet
facet normal 0 0.7162 -0.6979 outer loop vertex 3 -2.65 5.46 vertex 3.095 -2.765 5.342 vertex 2.905 -2.765 5.342 endloop endfacet
facet normal -0.8663 -0.348 -0.3583 outer loop vertex 2.905 -3.115 5.682 vertex 2.81 -3 5.8 vertex 2.81 -2.65 5.46 endloop endfacet
facet normal -0.8663 -0.348 -0.3583 outer loop vertex 2.905 -3.115 5.682 vertex 2.81 -2.65 5.46 vertex 2.905 -2.765 5.342 endloop endfacet
facet normal 0 -0.7162 0.6979 outer loop vertex 3 -3 5.8 vertex 2.81 -3 5.8 vertex 2.905 -3.115 5.682 endloop endfacet
facet normal 0 0.7162 -0.6979 outer loop vertex 3 -2.65 5.46 vertex 2.905 -2.765 5.342 vertex 2.81 -2.65 5.46 endloop endfacet
facet normal 0.6971 0.4907 0.5228 outer loop vertex 6 -3.375 6.3 vertex 6.017 -3.413 6.313 vertex 6.317 -3.413 5.913 endloop endfacet
facet normal 0.6971 0.4907 0.5228 outer loop vertex 6 -3.375 6.3 vertex 6.317 -3.413 5.913 vertex 6.3 -3.375 5.9 endloop endfacet
facet normal -0.6075 0 0.7944 outer loop vertex 6 -3.4 6.3 vertex 6.017 -3.413 6.313 vertex 6 -3.375 6.3 endloop endfacet
facet normal 0.6075 0 -0.7944 outer loop vertex 6.3 -3.4 5.9 vertex 6.3 -3.375 5.9 vertex 6.317 -3.413 5.913 endloop endfacet
facet normal 0 -1 0 outer loop vertex 6.017 -3.413 6.313 vertex 5.983 -3.413 6.287 vertex 6.283 -3.413 5.887 endloop endfacet
facet normal 0 -1 0 outer loop vertex 6.017 -3.413 6.313 vertex 6.283 -3.413 5.887 vertex 6.317 -3.413 5.913 endloop endfacet
facet normal -0.6075 0 0.7944 outer loop vertex 6 -3.4 6.3 vertex 5.983 -3.413 6.287 vertex 6.017 -3.413 6.313 endloop endfacet
facet normal 0.6075 0 -0.7944 outer loop vertex 6.3 -3.4 5.9 vertex 6.317 -3.413 5.913 vertex 6.283 -3.413 5.887 endloop endfacet
facet normal -0.6971 0.4907 -0.5228 outer loop vertex 5.983 -3.413 6.287 vertex 6 -3.375 6.3 vertex 6.3 -3.375 5.9 endloop endfacet
facet normal -0.6971 0.4907 -0.5228 outer loop vertex 5.983 -3.413 6.287 vertex 6.3 -3.375 5.9 vertex 6.283 -3.413 5.887 endloop endfacet
facet normal -0.6075 0 0.7944 outer loop vertex 6 -3.4 6.3 vertex 6 -3.375 6.3 vertex 5.983 -3.413 6.287 endloop endfacet
facet normal 0.6075 0 -0.7944 outer loop vertex 6.3 -3.4 5.9 vertex 6.283 -3.413 5.887 vertex 6.3 -3.375 5.9 endloop endfacet
facet normal -0.8663 0.348 0.3583 outer loop vertex 5.81 -3 5.8 vertex 5.905 -2.885 5.918 vertex 5.905 -2.535 5.578 endloop endfacet
facet normal -0.8663 0.348 0.3583 outer loop vertex 5.81 -3 5.8 vertex 5.905 -2.535 5.578 vertex 5.81 -2.65 5.46 endloop endfacet
facet normal 0 -0.7162 0.6979 outer loop vertex 6 -3 5.8 vertex 5.905 -2.885 5.918 vertex 5.81 -3 5.8 endloop endfacet
facet normal 0 0.7162 -0.6979 outer loop vertex 6 -2.65 5.46 vertex 5.81 -2.65 5.46 vertex 5.905 -2.535 5.578 endloop endfacet
facet normal 0 0.6968 0.7173 outer loop vertex 5.905 -2.885 5.918 vertex 6.095 -2.885 5.918 vertex 6.095 -2.535 5.578 endloop endfacet
facet normal 0 0.6968 0.7173 outer loop vertex 5.905 -2.885 5.918 vertex 6.095 -2.535 5.578 vertex 5.905 -2.535 5.578 endloop endfacet
facet normal 0 -0.7162 0.6979 outer loop vertex 6 -3 5.8 vertex 6.095 -2.885 5.918 vertex 5.905 -2.885 5.918 endloop endfacet
facet normal 0 0.7162 -0.6979 outer loop vertex 6 -2.65 5.46 vertex 5.905 -2.535 5.578 vertex 6.095 -2.535 5.578 endloop endfacet
facet normal 0.8663 0.348 0.3583 outer loop vertex 6.095 -2.885 5.918 vertex 6.19 -3 5.8 vertex 6.19 -2.65 5.46 endloop endfacet
facet normal 0.8663 0.348 0.3583 outer loop vertex 6.095 -2.885 5.918 vertex 6.19 -2.65 5.46 vertex 6.095 -2.535 5.578 endloop endfacet
facet normal 0 -0.7162 0.6979 outer loop vertex 6 -3 5.8 vertex 6.19 -3 5.8 vertex 6.095 -2.885 5.918 endloop endfacet
facet normal 0 0.7162 -0.6979 outer loop vertex 6 -2.65 5.46 vertex 6.095 -2.535 5.578 vertex 6.19 -2.65 5.46 endloop endfacet
facet normal 0.8663 -0.348 -0.3583 outer loop vertex 6.19 -3 5.8 vertex 6.095 -3.115 5.682 vertex 6.095 -2.765 5.342 endloop endfacet
facet normal 0.8663 -0.348 -0.3583 outer loop vertex 6.19 -3 5.8 vertex 6.095 -2.765 5.342 vertex 6.19 -2.65 5.46 endloop endfacet
facet normal 0 -0.7162 0.6979 outer loop vertex 6 -3 5.8 vertex 6.095 -3.115 5.682 vertex 6.19 -3 5.8 endloop endfacet
facet normal 0 0.7162 -0.6979 outer loop vertex 6 -2.65 5.46 vertex 6.19 -2.65 5.46 vertex 6.095 -2.765 5.342 endloop endfacet
facet normal 0 -0.6968 -0.7173 outer loop vertex 6.095 -3.115 5.682 vertex 5.905 -3.115 5.682 vertex 5.905 -2.765 5.342 endloop endfacet
facet normal 0 -0.6968 -0.7173 outer loop vertex 6.095 -3.115 5.682 vertex 5.905 -2.765 5.342 vertex 6.095 -2.765 5.342 endloop endfacet
facet normal 0 -0.7162 0.6979 outer loop vertex 6 -3 5.8 vertex 5.905 -3.115 5.682 vertex 6.095 -3.115 5.682 endloop endfacet
facet normal 0 0.7162 -0.6979 outer loop vertex 6 -2.65 5.46 vertex 6.095 -2.765 5.342 vertex 5.905 -2.765 5.342 endloop endfacet
facet normal -0.8663 -0.348 -0.3583 outer loop vertex 5.905 -3.115 5.682 vertex 5.81 -3 5.8 vertex 5.81 -2.65 5.46 endloop endfacet
facet normal -0.8663 -0.348 -0.3583 outer loop vertex 5.905 -3.115 5.682 vertex 5.81 -2.65 5.46 vertex 5.905 -2.765 5.342 endloop endfacet
facet normal 0 -0.7162 0.6979 outer loop vertex 6 -3 5.8 vertex 5.81 -3 5.8 vertex 5.905 -3.115 5.682 endloop endfacet
facet normal 0 0.7162 -0.6979 outer loop vertex 6 -2.65 5.46 vertex 5.905 -2.765 5.342 vertex 5.81 -2.65 5.46 endloop endfacet
endsolid wethegods_stage
